2014-01-05 02:00:01,     -19
2014-01-05 02:00:03,     -10
2014-01-05 02:00:05,       5
2014-01-05 02:00:07,     -20
2014-01-05 02:00:09,      -6
2014-01-05 02:00:11,      -9
2014-01-05 02:00:13,     -23
2014-01-05 02:00:15,      -5
2014-01-05 02:00:17,     -18
2014-01-05 02:00:19,     -19
2014-01-05 02:00:21,     -16
2014-01-05 02:00:23,     -26
2014-01-05 02:00:25,      -9
2014-01-05 02:00:27,     -16
2014-01-05 02:00:29,     -48
2014-01-05 02:00:31,      -2
2014-01-05 02:00:33,     -19
2014-01-05 02:00:35,     -17
2014-01-05 02:00:37,     -12
2014-01-05 02:00:39,     -16
2014-01-05 02:00:41,     -20
2014-01-05 02:00:43,      -1
2014-01-05 02:00:45,     -12
2014-01-05 02:00:47,      -7
2014-01-05 02:00:49,     -11
2014-01-05 02:00:51,      -1
2014-01-05 02:00:53,      -4
2014-01-05 02:00:55,     -18
2014-01-05 02:00:57,       5
2014-01-05 02:00:59,      -2
2014-01-05 02:01:01,     -14
2014-01-05 02:01:03,      21
2014-01-05 02:01:05,       1
2014-01-05 02:01:07,       4
2014-01-05 02:01:09,      21
2014-01-05 02:01:11,       0
2014-01-05 02:01:13,      -2
2014-01-05 02:01:15,      14
2014-01-05 02:01:17,      10
2014-01-05 02:01:19,       3
2014-01-05 02:01:21,       8
2014-01-05 02:01:23,      12
2014-01-05 02:01:25,      16
2014-01-05 02:01:27,      19
2014-01-05 02:01:29,      17
2014-01-05 02:01:31,      19
2014-01-05 02:01:33,     -17
2014-01-05 02:01:35,      29
2014-01-05 02:01:37,      19
2014-01-05 02:01:39,      12
2014-01-05 02:01:41,      23
2014-01-05 02:01:43,      27
2014-01-05 02:01:45,      26
2014-01-05 02:01:47,      59
2014-01-05 02:01:49,      18
2014-01-05 02:01:51,      43
2014-01-05 02:01:53,      28
2014-01-05 02:01:55,      35
2014-01-05 02:01:57,      23
2014-01-05 02:01:59,      31
2014-01-05 02:02:01,      36
2014-01-05 02:02:03,     -42
2014-01-05 02:02:05,      27
2014-01-05 02:02:07,      64
2014-01-05 02:02:09,      35
2014-01-05 02:02:11,      32
2014-01-05 02:02:13,      33
2014-01-05 02:02:15,      39
2014-01-05 02:02:17,      39
2014-01-05 02:02:19,      31
2014-01-05 02:02:21,      36
2014-01-05 02:02:23,      35
2014-01-05 02:02:25,      32
2014-01-05 02:02:27,      37
2014-01-05 02:02:29,      36
2014-01-05 02:02:31,      38
2014-01-05 02:02:33,      72
2014-01-05 02:02:35,      20
2014-01-05 02:02:37,      37
2014-01-05 02:02:39,      33
2014-01-05 02:02:41,      31
2014-01-05 02:02:43,      26
2014-01-05 02:02:45,      30
2014-01-05 02:02:47,      34
2014-01-05 02:02:49,      34
2014-01-05 02:02:51,      25
2014-01-05 02:02:53,      34
2014-01-05 02:02:55,      25
2014-01-05 02:02:57,      28
2014-01-05 02:02:59,      33
2014-01-05 02:03:01,       4
2014-01-05 02:03:03,      38
2014-01-05 02:03:05,      82
2014-01-05 02:03:07,      29
2014-01-05 02:03:09,      29
2014-01-05 02:03:11,       6
2014-01-05 02:03:13,      26
2014-01-05 02:03:15,      18
2014-01-05 02:03:17,      26
2014-01-05 02:03:19,      30
2014-01-05 02:03:21,      49
2014-01-05 02:03:23,      24
2014-01-05 02:03:25,      24
2014-01-05 02:03:27,       7
2014-01-05 02:03:29,      21
2014-01-05 02:03:31,      45
2014-01-05 02:03:33,      17
2014-01-05 02:03:35,      17
2014-01-05 02:03:37,      22
2014-01-05 02:03:39,      33
2014-01-05 02:03:41,      26
2014-01-05 02:03:43,      18
2014-01-05 02:03:45,      18
2014-01-05 02:03:47,      29
2014-01-05 02:03:49,      37
2014-01-05 02:03:51,      21
2014-01-05 02:03:53,      17
2014-01-05 02:03:55,     -17
2014-01-05 02:03:57,      19
2014-01-05 02:03:59,       2
2014-01-05 02:04:01,      14
2014-01-05 02:04:03,      21
2014-01-05 02:04:05,      23
2014-01-05 02:04:07,      19
2014-01-05 02:04:09,      23
2014-01-05 02:04:11,      24
2014-01-05 02:04:13,      26
2014-01-05 02:04:15,      34
2014-01-05 02:04:17,      18
2014-01-05 02:04:19,      -2
2014-01-05 02:04:21,      14
2014-01-05 02:04:23,      18
2014-01-05 02:04:25,      13
2014-01-05 02:04:27,      46
2014-01-05 02:04:29,      23
2014-01-05 02:04:31,      10
2014-01-05 02:04:33,      15
2014-01-05 02:04:35,      31
2014-01-05 02:04:37,      20
2014-01-05 02:04:39,      13
2014-01-05 02:04:41,      27
2014-01-05 02:04:43,      25
2014-01-05 02:04:45,      10
2014-01-05 02:04:47,      39
2014-01-05 02:04:49,      19
2014-01-05 02:04:51,      28
2014-01-05 02:04:53,      55
2014-01-05 02:04:55,      12
2014-01-05 02:04:57,      28
2014-01-05 02:04:59,      19
2014-01-05 02:05:01,      17
2014-01-05 02:05:03,       5
2014-01-05 02:05:05,       9
2014-01-05 02:05:07,      14
2014-01-05 02:05:09,       8
2014-01-05 02:05:11,       1
2014-01-05 02:05:13,       5
2014-01-05 02:05:15,       9
2014-01-05 02:05:17,       2
2014-01-05 02:05:19,       7
2014-01-05 02:05:21,       0
2014-01-05 02:05:23,     -16
2014-01-05 02:05:25,       5
2014-01-05 02:05:27,      -2
2014-01-05 02:05:29,      -8
2014-01-05 02:05:31,      12
2014-01-05 02:05:33,      -9
2014-01-05 02:05:35,     -17
2014-01-05 02:05:37,     -15
2014-01-05 02:05:39,      -7
2014-01-05 02:05:41,      15
2014-01-05 02:05:43,     -14
2014-01-05 02:05:45,      -1
2014-01-05 02:05:47,     -17
2014-01-05 02:05:49,     -19
2014-01-05 02:05:51,       0
2014-01-05 02:05:53,     -15
2014-01-05 02:05:55,     -25
2014-01-05 02:05:57,      18
2014-01-05 02:05:59,     -18
2014-01-05 02:06:01,     -23
2014-01-05 02:06:03,     -26
2014-01-05 02:06:05,     -18
2014-01-05 02:06:07,     -65
2014-01-05 02:06:09,     -24
2014-01-05 02:06:11,     -26
2014-01-05 02:06:13,     -19
2014-01-05 02:06:15,     -26
2014-01-05 02:06:17,       6
2014-01-05 02:06:19,     -38
2014-01-05 02:06:21,     -30
2014-01-05 02:06:23,       5
2014-01-05 02:06:25,     -30
2014-01-05 02:06:27,     -37
2014-01-05 02:06:29,     -35
2014-01-05 02:06:31,     -26
2014-01-05 02:06:33,     -36
2014-01-05 02:06:35,     -37
2014-01-05 02:06:37,     -21
2014-01-05 02:06:39,     -88
2014-01-05 02:06:41,     -38
2014-01-05 02:06:43,      16
2014-01-05 02:06:45,    -123
2014-01-05 02:06:47,     -32
2014-01-05 02:06:49,       9
2014-01-05 02:06:51,     -32
2014-01-05 02:06:53,     -34
2014-01-05 02:06:55,     -35
2014-01-05 02:06:57,     -32
2014-01-05 02:06:59,     -31
2014-01-05 02:07:01,     -33
2014-01-05 02:07:03,     -20
2014-01-05 02:07:05,     -45
2014-01-05 02:07:07,     -33
2014-01-05 02:07:09,     -29
2014-01-05 02:07:11,     -50
2014-01-05 02:07:13,     -33
2014-01-05 02:07:15,     -17
2014-01-05 02:07:17,     -32
2014-01-05 02:07:19,     -36
2014-01-05 02:07:21,      -6
2014-01-05 02:07:23,     -31
2014-01-05 02:07:25,     -28
2014-01-05 02:07:27,     -35
2014-01-05 02:07:29,     -16
2014-01-05 02:07:31,     -17
2014-01-05 02:07:33,     -10
2014-01-05 02:07:35,     -22
2014-01-05 02:07:37,     -14
2014-01-05 02:07:39,     -21
2014-01-05 02:07:41,     -27
2014-01-05 02:07:43,      24
2014-01-05 02:07:45,     -22
2014-01-05 02:07:47,     -29
2014-01-05 02:07:49,     -15
2014-01-05 02:07:51,     -24
2014-01-05 02:07:53,      39
2014-01-05 02:07:55,     -21
2014-01-05 02:07:57,     -34
2014-01-05 02:07:59,     -54
2014-01-05 02:08:01,     -28
2014-01-05 02:08:03,      36
2014-01-05 02:08:05,      11
2014-01-05 02:08:07,     -20
2014-01-05 02:08:09,     -15
2014-01-05 02:08:11,     -40
2014-01-05 02:08:13,     -18
2014-01-05 02:08:15,     -24
2014-01-05 02:08:17,     -19
2014-01-05 02:08:19,     -15
2014-01-05 02:08:21,     -18
2014-01-05 02:08:23,     -28
2014-01-05 02:08:25,     -17
2014-01-05 02:08:27,     -17
2014-01-05 02:08:29,     -36
2014-01-05 02:08:31,     -12
2014-01-05 02:08:33,     -17
2014-01-05 02:08:35,     -47
2014-01-05 02:08:37,     -15
2014-01-05 02:08:39,     -24
2014-01-05 02:08:41,     -31
2014-01-05 02:08:43,     -17
2014-01-05 02:08:45,     -19
2014-01-05 02:08:47,     -19
2014-01-05 02:08:49,     -17
2014-01-05 02:08:51,     -13
2014-01-05 02:08:53,     -17
2014-01-05 02:08:55,     -22
2014-01-05 02:08:57,      -7
2014-01-05 02:08:59,     -14
2014-01-05 02:09:01,     -24
2014-01-05 02:09:03,     -10
2014-01-05 02:09:05,     -16
2014-01-05 02:09:07,       3
2014-01-05 02:09:09,     -15
2014-01-05 02:09:11,     -17
2014-01-05 02:09:13,     -19
2014-01-05 02:09:15,      -6
2014-01-05 02:09:17,       0
2014-01-05 02:09:19,       3
2014-01-05 02:09:21,     -10
2014-01-05 02:09:23,      -1
2014-01-05 02:09:25,      -5
2014-01-05 02:09:27,      -8
2014-01-05 02:09:29,      -5
2014-01-05 02:09:31,      -4
2014-01-05 02:09:33,       5
2014-01-05 02:09:35,      12
2014-01-05 02:09:37,       1
2014-01-05 02:09:39,       2
2014-01-05 02:09:41,       2
2014-01-05 02:09:43,       6
2014-01-05 02:09:45,       2
2014-01-05 02:09:47,      11
2014-01-05 02:09:49,       9
2014-01-05 02:09:51,       5
2014-01-05 02:09:53,       9
2014-01-05 02:09:55,      17
2014-01-05 02:09:57,       9
2014-01-05 02:09:59,      18
2014-01-05 02:10:01,      12
2014-01-05 02:10:03,     -14
2014-01-05 02:10:05,      14
2014-01-05 02:10:07,     100
2014-01-05 02:10:09,      28
2014-01-05 02:10:11,      21
2014-01-05 02:10:13,      27
2014-01-05 02:10:15,      30
2014-01-05 02:10:17,      12
2014-01-05 02:10:19,      27
2014-01-05 02:10:21,      33
2014-01-05 02:10:23,      22
2014-01-05 02:10:25,      27
2014-01-05 02:10:27,      37
2014-01-05 02:10:29,      18
2014-01-05 02:10:31,      35
2014-01-05 02:10:33,      11
2014-01-05 02:10:35,      21
2014-01-05 02:10:37,      34
2014-01-05 02:10:39,      32
2014-01-05 02:10:41,      36
2014-01-05 02:10:43,      25
2014-01-05 02:10:45,      34
2014-01-05 02:10:47,      42
2014-01-05 02:10:49,      22
2014-01-05 02:10:51,      36
2014-01-05 02:10:53,      45
2014-01-05 02:10:55,       4
2014-01-05 02:10:57,      35
2014-01-05 02:10:59,      55
2014-01-05 02:11:01,      42
2014-01-05 02:11:03,      37
2014-01-05 02:11:05,      51
2014-01-05 02:11:07,       5
2014-01-05 02:11:09,      31
2014-01-05 02:11:11,      27
2014-01-05 02:11:13,      34
2014-01-05 02:11:15,       6
2014-01-05 02:11:17,      20
2014-01-05 02:11:19,      33
2014-01-05 02:11:21,      35
2014-01-05 02:11:23,      30
2014-01-05 02:11:25,      39
2014-01-05 02:11:27,      31
2014-01-05 02:11:29,      29
2014-01-05 02:11:31,      46
2014-01-05 02:11:33,      20
2014-01-05 02:11:35,      23
2014-01-05 02:11:37,      31
2014-01-05 02:11:39,      27
2014-01-05 02:11:41,      34
2014-01-05 02:11:43,      50
2014-01-05 02:11:45,      25
2014-01-05 02:11:47,      26
2014-01-05 02:11:49,      68
2014-01-05 02:11:51,      22
2014-01-05 02:11:53,      -5
2014-01-05 02:11:55,      51
2014-01-05 02:11:57,      26
2014-01-05 02:11:59,      36
2014-01-05 02:12:01,      25
2014-01-05 02:12:03,      17
2014-01-05 02:12:05,      25
2014-01-05 02:12:07,      20
2014-01-05 02:12:09,      19
2014-01-05 02:12:11,      21
2014-01-05 02:12:13,      16
2014-01-05 02:12:15,      17
2014-01-05 02:12:17,      20
2014-01-05 02:12:19,      14
2014-01-05 02:12:21,      28
2014-01-05 02:12:23,      19
2014-01-05 02:12:25,      -6
2014-01-05 02:12:27,      48
2014-01-05 02:12:29,      19
2014-01-05 02:12:31,      19
2014-01-05 02:12:33,      24
2014-01-05 02:12:35,      19
2014-01-05 02:12:37,      21
2014-01-05 02:12:39,      17
2014-01-05 02:12:41,      11
2014-01-05 02:12:43,      22
2014-01-05 02:12:45,       9
2014-01-05 02:12:47,      26
2014-01-05 02:12:49,      22
2014-01-05 02:12:51,      -2
2014-01-05 02:12:53,      41
2014-01-05 02:12:55,      19
2014-01-05 02:12:57,       6
2014-01-05 02:12:59,      -4
2014-01-05 02:13:01,      22
2014-01-05 02:13:03,       9
2014-01-05 02:13:05,      21
2014-01-05 02:13:07,      30
2014-01-05 02:13:09,      22
2014-01-05 02:13:11,      23
2014-01-05 02:13:13,      34
2014-01-05 02:13:15,      19
2014-01-05 02:13:17,       5
2014-01-05 02:13:19,      42
2014-01-05 02:13:21,      14
2014-01-05 02:13:23,      21
2014-01-05 02:13:25,      37
2014-01-05 02:13:27,      24
2014-01-05 02:13:29,      16
2014-01-05 02:13:31,      15
2014-01-05 02:13:33,       4
2014-01-05 02:13:35,       7
2014-01-05 02:13:37,       8
2014-01-05 02:13:39,      13
2014-01-05 02:13:41,      15
2014-01-05 02:13:43,       7
2014-01-05 02:13:45,      31
2014-01-05 02:13:47,     -10
2014-01-05 02:13:49,       0
2014-01-05 02:13:51,      37
2014-01-05 02:13:53,       7
2014-01-05 02:13:55,      -5
2014-01-05 02:13:57,      -5
2014-01-05 02:13:59,      -1
2014-01-05 02:14:01,     -15
2014-01-05 02:14:03,      -8
2014-01-05 02:14:05,      -1
2014-01-05 02:14:07,     -13
2014-01-05 02:14:09,      -8
2014-01-05 02:14:11,      -4
2014-01-05 02:14:13,     -33
2014-01-05 02:14:15,     -12
2014-01-05 02:14:17,     -61
2014-01-05 02:14:19,     -29
2014-01-05 02:14:21,     -16
2014-01-05 02:14:23,     -21
2014-01-05 02:14:25,     -17
2014-01-05 02:14:27,     -24
2014-01-05 02:14:29,     -25
2014-01-05 02:14:31,     -14
2014-01-05 02:14:33,     -26
2014-01-05 02:14:35,     -28
2014-01-05 02:14:37,     -19
2014-01-05 02:14:39,     -35
2014-01-05 02:14:41,     -28
2014-01-05 02:14:43,     -66
2014-01-05 02:14:45,     -41
2014-01-05 02:14:47,     -25
2014-01-05 02:14:49,     -20
2014-01-05 02:14:51,     -27
2014-01-05 02:14:53,     -40
2014-01-05 02:14:55,     -10
2014-01-05 02:14:57,     -31
2014-01-05 02:14:59,     -33
2014-01-05 02:15:01,     -31
2014-01-05 02:15:03,     -32
2014-01-05 02:15:05,     -39
2014-01-05 02:15:07,     -34
2014-01-05 02:15:09,     -23
2014-01-05 02:15:11,     -47
2014-01-05 02:15:13,     -35
2014-01-05 02:15:15,     -31
2014-01-05 02:15:17,     -33
2014-01-05 02:15:19,     -35
2014-01-05 02:15:21,     -27
2014-01-05 02:15:23,     -32
2014-01-05 02:15:25,     -34
2014-01-05 02:15:27,     -34
2014-01-05 02:15:29,     -31
2014-01-05 02:15:31,     -34
2014-01-05 02:15:33,      -1
2014-01-05 02:15:35,     -25
2014-01-05 02:15:37,     -31
2014-01-05 02:15:39,      -9
2014-01-05 02:15:41,     -30
2014-01-05 02:15:43,      36
2014-01-05 02:15:45,     -31
2014-01-05 02:15:47,     -25
2014-01-05 02:15:49,     -27
2014-01-05 02:15:51,     -34
2014-01-05 02:15:53,     -26
2014-01-05 02:15:55,     -27
2014-01-05 02:15:57,      -4
2014-01-05 02:15:59,     -23
2014-01-05 02:16:01,     -29
2014-01-05 02:16:03,     -33
2014-01-05 02:16:05,     -20
2014-01-05 02:16:07,     -25
2014-01-05 02:16:09,     -54
2014-01-05 02:16:11,       5
2014-01-05 02:16:13,     -23
2014-01-05 02:16:15,     -22
2014-01-05 02:16:17,     -24
2014-01-05 02:16:19,     -17
2014-01-05 02:16:21,     -24
2014-01-05 02:16:23,     -35
2014-01-05 02:16:25,      -6
2014-01-05 02:16:27,     -18
2014-01-05 02:16:29,     -21
2014-01-05 02:16:31,     -35
2014-01-05 02:16:33,     -19
2014-01-05 02:16:35,     -10
2014-01-05 02:16:37,     -16
2014-01-05 02:16:39,     -25
2014-01-05 02:16:41,     -32
2014-01-05 02:16:43,     -16
2014-01-05 02:16:45,     -18
2014-01-05 02:16:47,     -22
2014-01-05 02:16:49,     -11
2014-01-05 02:16:51,     -10
2014-01-05 02:16:53,     -18
2014-01-05 02:16:55,     -15
2014-01-05 02:16:57,     -16
2014-01-05 02:16:59,     -21
2014-01-05 02:17:01,      -5
2014-01-05 02:17:03,      -4
2014-01-05 02:17:05,     -21
2014-01-05 02:17:07,     -29
2014-01-05 02:17:09,     -14
2014-01-05 02:17:11,     -18
2014-01-05 02:17:13,     -35
2014-01-05 02:17:15,     -18
2014-01-05 02:17:17,      -8
2014-01-05 02:17:19,     -16
2014-01-05 02:17:21,     -25
2014-01-05 02:17:23,     -24
2014-01-05 02:17:25,     -43
2014-01-05 02:17:27,     -22
2014-01-05 02:17:29,       7
2014-01-05 02:17:31,     -25
2014-01-05 02:17:33,     -12
2014-01-05 02:17:35,       0
2014-01-05 02:17:37,     -12
2014-01-05 02:17:39,     -18
2014-01-05 02:17:41,       2
2014-01-05 02:17:43,     -15
2014-01-05 02:17:45,     -12
2014-01-05 02:17:47,     -12
2014-01-05 02:17:49,      -1
2014-01-05 02:17:51,       5
2014-01-05 02:17:53,      -9
2014-01-05 02:17:55,     -19
2014-01-05 02:17:57,     -17
2014-01-05 02:17:59,      -7
2014-01-05 02:18:01,      -3
2014-01-05 02:18:03,      -9
2014-01-05 02:18:05,      -1
2014-01-05 02:18:07,      24
2014-01-05 02:18:09,       2
2014-01-05 02:18:11,      -5
2014-01-05 02:18:13,       5
2014-01-05 02:18:15,      21
2014-01-05 02:18:17,      -8
2014-01-05 02:18:19,       7
2014-01-05 02:18:21,      29
2014-01-05 02:18:23,      13
2014-01-05 02:18:25,      13
2014-01-05 02:18:27,       7
2014-01-05 02:18:29,     -18
2014-01-05 02:18:31,      19
2014-01-05 02:18:33,      19
2014-01-05 02:18:35,      15
2014-01-05 02:18:37,      22
2014-01-05 02:18:39,      23
2014-01-05 02:18:41,      19
2014-01-05 02:18:43,      20
2014-01-05 02:18:45,      22
2014-01-05 02:18:47,      33
2014-01-05 02:18:49,      44
2014-01-05 02:18:51,      26
2014-01-05 02:18:53,      32
2014-01-05 02:18:55,      18
2014-01-05 02:18:57,      27
2014-01-05 02:18:59,      72
2014-01-05 02:19:01,      23
2014-01-05 02:19:03,      28
2014-01-05 02:19:05,      38
2014-01-05 02:19:07,      15
2014-01-05 02:19:09,      34
2014-01-05 02:19:11,      32
2014-01-05 02:19:13,      38
2014-01-05 02:19:15,      40
2014-01-05 02:19:17,      35
2014-01-05 02:19:19,      36
2014-01-05 02:19:21,      27
2014-01-05 02:19:23,      43
2014-01-05 02:19:25,      32
2014-01-05 02:19:27,     -21
2014-01-05 02:19:29,      31
2014-01-05 02:19:31,      24
2014-01-05 02:19:33,      18
2014-01-05 02:19:35,      32
2014-01-05 02:19:37,      40
2014-01-05 02:19:39,      36
2014-01-05 02:19:41,      31
2014-01-05 02:19:43,      16
2014-01-05 02:19:45,      32
2014-01-05 02:19:47,      48
2014-01-05 02:19:49,      15
2014-01-05 02:19:51,      29
2014-01-05 02:19:53,      35
2014-01-05 02:19:55,      89
2014-01-05 02:19:57,      34
2014-01-05 02:19:59,      20
2014-01-05 02:20:01,      28
2014-01-05 02:20:03,      49
2014-01-05 02:20:05,      25
2014-01-05 02:20:07,      22
2014-01-05 02:20:09,      60
2014-01-05 02:20:11,      35
2014-01-05 02:20:13,      26
2014-01-05 02:20:15,      29
2014-01-05 02:20:17,      29
2014-01-05 02:20:19,      38
2014-01-05 02:20:21,      45
2014-01-05 02:20:23,      24
2014-01-05 02:20:25,      24
2014-01-05 02:20:27,      27
2014-01-05 02:20:29,      26
2014-01-05 02:20:31,      13
2014-01-05 02:20:33,      26
2014-01-05 02:20:35,      32
2014-01-05 02:20:37,      23
2014-01-05 02:20:39,       8
2014-01-05 02:20:41,       9
2014-01-05 02:20:43,      23
2014-01-05 02:20:45,      23
2014-01-05 02:20:47,      34
2014-01-05 02:20:49,      20
2014-01-05 02:20:51,      39
2014-01-05 02:20:53,      23
2014-01-05 02:20:55,      19
2014-01-05 02:20:57,      20
2014-01-05 02:20:59,      39
2014-01-05 02:21:01,      14
2014-01-05 02:21:03,      13
2014-01-05 02:21:05,      23
2014-01-05 02:21:07,      25
2014-01-05 02:21:09,      19
2014-01-05 02:21:11,      19
2014-01-05 02:21:13,      40
2014-01-05 02:21:15,       9
2014-01-05 02:21:17,      19
2014-01-05 02:21:19,      37
2014-01-05 02:21:21,      23
2014-01-05 02:21:23,      16
2014-01-05 02:21:25,      33
2014-01-05 02:21:27,      21
2014-01-05 02:21:29,      23
2014-01-05 02:21:31,      19
2014-01-05 02:21:33,      23
2014-01-05 02:21:35,      17
2014-01-05 02:21:37,      21
2014-01-05 02:21:39,      19
2014-01-05 02:21:41,      11
2014-01-05 02:21:43,      21
2014-01-05 02:21:45,      -6
2014-01-05 02:21:47,      -9
2014-01-05 02:21:49,      21
2014-01-05 02:21:51,      48
2014-01-05 02:21:53,      20
2014-01-05 02:21:55,      14
2014-01-05 02:21:57,      18
2014-01-05 02:21:59,      26
2014-01-05 02:22:01,      -1
2014-01-05 02:22:03,      10
2014-01-05 02:22:05,      16
2014-01-05 02:22:07,     -13
2014-01-05 02:22:09,       8
2014-01-05 02:22:11,       8
2014-01-05 02:22:13,       0
2014-01-05 02:22:15,      13
2014-01-05 02:22:17,      50
2014-01-05 02:22:19,       1
2014-01-05 02:22:21,       7
2014-01-05 02:22:23,       0
2014-01-05 02:22:25,       1
2014-01-05 02:22:27,     -11
2014-01-05 02:22:29,      -5
2014-01-05 02:22:31,      10
2014-01-05 02:22:33,       1
2014-01-05 02:22:35,      -7
2014-01-05 02:22:37,      17
2014-01-05 02:22:39,      -5
2014-01-05 02:22:41,     -10
2014-01-05 02:22:43,      10
2014-01-05 02:22:45,     -15
2014-01-05 02:22:47,     -10
2014-01-05 02:22:49,       4
2014-01-05 02:22:51,     -10
2014-01-05 02:22:53,     -26
2014-01-05 02:22:55,     -28
2014-01-05 02:22:57,     -18
2014-01-05 02:22:59,     -12
2014-01-05 02:23:01,     -20
2014-01-05 02:23:03,     -24
2014-01-05 02:23:05,     -45
2014-01-05 02:23:07,     -26
2014-01-05 02:23:09,     -26
2014-01-05 02:23:11,     -35
2014-01-05 02:23:13,     -33
2014-01-05 02:23:15,     -28
2014-01-05 02:23:17,     -16
2014-01-05 02:23:19,     -30
2014-01-05 02:23:21,     -23
2014-01-05 02:23:23,     -30
2014-01-05 02:23:25,     -32
2014-01-05 02:23:27,     -26
2014-01-05 02:23:29,     -33
2014-01-05 02:23:31,     -39
2014-01-05 02:23:33,     -24
2014-01-05 02:23:35,     -37
2014-01-05 02:23:37,     -34
2014-01-05 02:23:39,       2
2014-01-05 02:23:41,     -32
2014-01-05 02:23:43,     -84
2014-01-05 02:23:45,     -33
2014-01-05 02:23:47,     -26
2014-01-05 02:23:49,     -31
2014-01-05 02:23:51,     -38
2014-01-05 02:23:53,     -30
2014-01-05 02:23:55,     -29
2014-01-05 02:23:57,     -34
2014-01-05 02:23:59,     -30
2014-01-05 02:24:01,     -32
2014-01-05 02:24:03,     -44
2014-01-05 02:24:05,     -14
2014-01-05 02:24:07,     -32
2014-01-05 02:24:09,     -36
2014-01-05 02:24:11,     -23
2014-01-05 02:24:13,     -33
2014-01-05 02:24:15,     -29
2014-01-05 02:24:17,     -28
2014-01-05 02:24:19,     -20
2014-01-05 02:24:21,     -31
2014-01-05 02:24:23,     -35
2014-01-05 02:24:25,     -34
2014-01-05 02:24:27,     -23
2014-01-05 02:24:29,     -19
2014-01-05 02:24:31,     -24
2014-01-05 02:24:33,     -27
2014-01-05 02:24:35,     -33
2014-01-05 02:24:37,       1
2014-01-05 02:24:39,     -26
2014-01-05 02:24:41,     -29
2014-01-05 02:24:43,     -19
2014-01-05 02:24:45,     -28
2014-01-05 02:24:47,     -19
2014-01-05 02:24:49,     -28
2014-01-05 02:24:51,     -11
2014-01-05 02:24:53,     -14
2014-01-05 02:24:55,     -23
2014-01-05 02:24:57,      -3
2014-01-05 02:24:59,     -16
2014-01-05 02:25:01,     -22
2014-01-05 02:25:03,     -18
2014-01-05 02:25:05,     -24
2014-01-05 02:25:07,     -16
2014-01-05 02:25:09,     -21
2014-01-05 02:25:11,     -23
2014-01-05 02:25:13,     -14
2014-01-05 02:25:15,     -18
2014-01-05 02:25:17,     -27
2014-01-05 02:25:19,     -30
2014-01-05 02:25:21,     -20
2014-01-05 02:25:23,     -11
2014-01-05 02:25:25,     -18
2014-01-05 02:25:27,     -19
2014-01-05 02:25:29,     -12
2014-01-05 02:25:31,     -24
2014-01-05 02:25:33,     -22
2014-01-05 02:25:35,     -29
2014-01-05 02:25:37,     -14
2014-01-05 02:25:39,     -25
2014-01-05 02:25:41,     -20
2014-01-05 02:25:43,     -13
2014-01-05 02:25:45,     -12
2014-01-05 02:25:47,     -16
2014-01-05 02:25:49,      -3
2014-01-05 02:25:51,     -12
2014-01-05 02:25:53,     -14
2014-01-05 02:25:55,     -31
2014-01-05 02:25:57,     -75
2014-01-05 02:25:59,     -14
2014-01-05 02:26:01,      -5
2014-01-05 02:26:03,     -36
2014-01-05 02:26:05,     -18
2014-01-05 02:26:07,     -16
2014-01-05 02:26:09,     -12
2014-01-05 02:26:11,     -23
2014-01-05 02:26:13,     -14
2014-01-05 02:26:15,      -6
2014-01-05 02:26:17,     -44
2014-01-05 02:26:19,     -14
2014-01-05 02:26:21,       2
2014-01-05 02:26:23,      21
2014-01-05 02:26:25,      -4
2014-01-05 02:26:27,      29
2014-01-05 02:26:29,     -11
2014-01-05 02:26:31,      -1
2014-01-05 02:26:33,     -14
2014-01-05 02:26:35,      -8
2014-01-05 02:26:37,      -4
2014-01-05 02:26:39,       4
2014-01-05 02:26:41,       3
2014-01-05 02:26:43,     -10
2014-01-05 02:26:45,       5
2014-01-05 02:26:47,       7
2014-01-05 02:26:49,      10
2014-01-05 02:26:51,       8
2014-01-05 02:26:53,      20
2014-01-05 02:26:55,      -3
2014-01-05 02:26:57,      14
2014-01-05 02:26:59,       0
2014-01-05 02:27:01,      13
2014-01-05 02:27:03,      14
2014-01-05 02:27:05,      21
2014-01-05 02:27:07,      14
2014-01-05 02:27:09,      20
2014-01-05 02:27:11,      42
2014-01-05 02:27:13,      25
2014-01-05 02:27:15,      21
2014-01-05 02:27:17,       2
2014-01-05 02:27:19,      26
2014-01-05 02:27:21,      23
2014-01-05 02:27:23,       1
2014-01-05 02:27:25,      26
2014-01-05 02:27:27,      39
2014-01-05 02:27:29,      26
2014-01-05 02:27:31,      34
2014-01-05 02:27:33,      31
2014-01-05 02:27:35,      28
2014-01-05 02:27:37,      44
2014-01-05 02:27:39,      32
2014-01-05 02:27:41,      32
2014-01-05 02:27:43,      28
2014-01-05 02:27:45,      32
2014-01-05 02:27:47,      34
2014-01-05 02:27:49,      62
2014-01-05 02:27:51,      34
2014-01-05 02:27:53,      36
2014-01-05 02:27:55,      53
2014-01-05 02:27:57,      34
2014-01-05 02:27:59,      35
2014-01-05 02:28:01,      37
2014-01-05 02:28:03,      33
2014-01-05 02:28:05,      32
2014-01-05 02:28:07,      22
2014-01-05 02:28:09,      26
2014-01-05 02:28:11,      30
2014-01-05 02:28:13,      22
2014-01-05 02:28:15,       6
2014-01-05 02:28:17,      32
2014-01-05 02:28:37,      36
2014-01-05 02:28:39,      40
2014-01-05 02:28:41,      28
2014-01-05 02:28:43,      11
2014-01-05 02:28:45,      34
2014-01-05 02:28:47,      36
2014-01-05 02:28:49,      28
2014-01-05 02:28:51,      25
2014-01-05 02:28:53,      30
2014-01-05 02:28:55,      21
2014-01-05 02:28:57,      34
2014-01-05 02:28:59,      47
2014-01-05 02:29:01,      29
2014-01-05 02:29:03,      34
2014-01-05 02:29:05,      63
2014-01-05 02:29:11,      28
2014-01-05 02:29:13,      40
2014-01-05 02:29:15,      31
2014-01-05 02:29:17,      33
2014-01-05 02:29:19,      19
2014-01-05 02:29:21,      46
2014-01-05 02:29:23,      29
2014-01-05 02:29:25,      27
2014-01-05 02:29:27,      24
2014-01-05 02:29:29,      35
2014-01-05 02:29:33,      42
2014-01-05 02:29:35,      22
2014-01-05 02:29:37,      24
2014-01-05 02:29:39,       4
2014-01-05 02:29:41,      19
2014-01-05 02:29:43,      52
2014-01-05 02:29:45,      21
2014-01-05 02:29:47,      22
2014-01-05 02:29:49,      21
2014-01-05 02:29:51,      20
2014-01-05 02:29:53,       8
2014-01-05 02:29:55,      20
2014-01-05 02:29:59,      22
2014-01-05 02:30:01,      22
2014-01-05 02:30:03,      25
2014-01-05 02:30:04,      25
2014-01-05 02:30:05,       9
2014-01-05 02:30:06,      21
2014-01-05 02:30:07,      50
2014-01-05 02:30:08,      22
2014-01-05 02:30:09,      22
2014-01-05 02:30:10,      39
2014-01-05 02:30:11,      24
2014-01-05 02:30:12,      23
2014-01-05 02:30:13,      20
2014-01-05 02:30:14,      30
2014-01-05 02:30:15,      23
2014-01-05 02:30:16,      20
2014-01-05 02:30:17,      35
2014-01-05 02:30:18,      38
2014-01-05 02:30:19,      20
2014-01-05 02:30:20,      35
2014-01-05 02:30:21,     -14
2014-01-05 02:30:22,      22
2014-01-05 02:30:24,      35
2014-01-05 02:30:25,      26
2014-01-05 02:30:26,      15
2014-01-05 02:30:27,      19
2014-01-05 02:30:28,      25
2014-01-05 02:30:29,      14
2014-01-05 02:30:30,      13
2014-01-05 02:30:32,      25
2014-01-05 02:30:34,     -13
2014-01-05 02:30:36,       9
2014-01-05 02:30:38,      25
2014-01-05 02:30:40,       5
2014-01-05 02:30:42,      12
2014-01-05 02:30:44,       4
2014-01-05 02:30:46,       1
2014-01-05 02:30:48,       4
2014-01-05 02:30:50,      24
2014-01-05 02:30:52,      -9
2014-01-05 02:30:54,       7
2014-01-05 02:30:56,      -1
2014-01-05 02:30:58,     -15
2014-01-05 02:31:00,       2
2014-01-05 02:31:02,     -11
2014-01-05 02:31:04,      -3
2014-01-05 02:31:06,     -13
2014-01-05 02:31:08,     -25
2014-01-05 02:31:10,      -9
2014-01-05 02:31:12,     -57
2014-01-05 02:31:14,     -16
2014-01-05 02:31:16,     -11
2014-01-05 02:31:18,     -22
2014-01-05 02:31:20,     -21
2014-01-05 02:31:22,      -3
2014-01-05 02:31:24,     -19
2014-01-05 02:31:26,     -25
2014-01-05 02:31:28,     -24
2014-01-05 02:31:30,     -23
2014-01-05 02:31:32,      -9
2014-01-05 02:31:34,       4
2014-01-05 02:31:36,     -25
2014-01-05 02:31:38,     -73
2014-01-05 02:31:40,      -2
2014-01-05 02:31:42,     -27
2014-01-05 02:31:44,     -40
2014-01-05 02:31:46,     -29
2014-01-05 02:31:48,     -26
2014-01-05 02:31:50,     -31
2014-01-05 02:31:52,     -25
2014-01-05 02:31:54,     -23
2014-01-05 02:31:56,     -27
2014-01-05 02:31:58,     -29
2014-01-05 02:32:00,     -24
2014-01-05 02:32:02,     -27
2014-01-05 02:32:04,     -55
2014-01-05 02:32:06,     -28
2014-01-05 02:32:08,     -37
2014-01-05 02:32:10,     -56
2014-01-05 02:32:12,     -30
2014-01-05 02:32:14,     -36
2014-01-05 02:32:16,     -33
2014-01-05 02:32:18,     -30
2014-01-05 02:32:20,     -29
2014-01-05 02:32:22,     -35
2014-01-05 02:32:24,     -27
2014-01-05 02:32:26,     -53
2014-01-05 02:32:28,     -36
2014-01-05 02:32:30,     -57
2014-01-05 02:32:32,      -7
2014-01-05 02:32:34,     -32
2014-01-05 02:32:36,     -42
2014-01-05 02:32:38,     -39
2014-01-05 02:32:40,     -28
2014-01-05 02:32:42,     -28
2014-01-05 02:32:44,     -13
2014-01-05 02:32:46,     -35
2014-01-05 02:32:48,     -57
2014-01-05 02:32:50,     -35
2014-01-05 02:32:52,     -20
2014-01-05 02:32:54,     -33
2014-01-05 02:32:56,     -30
2014-01-05 02:32:58,     -18
2014-01-05 02:33:00,     -54
2014-01-05 02:33:02,     -29
2014-01-05 02:33:04,     -12
2014-01-05 02:33:06,     -22
2014-01-05 02:33:08,     -22
2014-01-05 02:33:10,      -7
2014-01-05 02:33:12,     -23
2014-01-05 02:33:14,     -46
2014-01-05 02:33:16,     -24
2014-01-05 02:33:18,      -8
2014-01-05 02:33:20,     -25
2014-01-05 02:33:22,     -21
2014-01-05 02:33:24,      -8
2014-01-05 02:33:26,      -9
2014-01-05 02:33:28,     -17
2014-01-05 02:33:30,     -26
2014-01-05 02:33:32,     -36
2014-01-05 02:33:34,     -19
2014-01-05 02:33:36,       2
2014-01-05 02:33:38,     -22
2014-01-05 02:33:40,     -24
2014-01-05 02:33:42,     -17
2014-01-05 02:33:44,     -11
2014-01-05 02:33:46,     -23
2014-01-05 02:33:48,     -22
2014-01-05 02:33:50,      -8
2014-01-05 02:33:52,     -21
2014-01-05 02:33:54,     -23
2014-01-05 02:33:56,       6
2014-01-05 02:33:58,      -3
2014-01-05 02:34:00,     -19
2014-01-05 02:34:02,     -81
2014-01-05 02:34:04,     -28
2014-01-05 02:34:06,     -20
2014-01-05 02:34:08,      -1
2014-01-05 02:34:10,     -25
2014-01-05 02:34:12,     -23
2014-01-05 02:34:14,     -21
2014-01-05 02:34:16,     -17
2014-01-05 02:34:18,     -43
2014-01-05 02:34:20,     -20
2014-01-05 02:34:22,      -8
2014-01-05 02:34:24,       3
2014-01-05 02:34:26,     -19
2014-01-05 02:34:28,     -26
2014-01-05 02:34:30,     -14
2014-01-05 02:34:32,     -18
2014-01-05 02:34:34,      -2
2014-01-05 02:34:36,     -38
2014-01-05 02:34:38,     -24
2014-01-05 02:34:40,     -18
2014-01-05 02:34:42,     -15
2014-01-05 02:34:44,      -6
2014-01-05 02:34:46,     -19
2014-01-05 02:34:48,     -51
2014-01-05 02:34:50,      -2
2014-01-05 02:34:52,     -10
2014-01-05 02:34:54,     -10
2014-01-05 02:34:56,      -8
2014-01-05 02:34:58,     -10
2014-01-05 02:35:00,      -9
2014-01-05 02:35:02,     -80
2014-01-05 02:35:04,     -14
2014-01-05 02:35:06,      -7
2014-01-05 02:35:08,       0
2014-01-05 02:35:10,      -9
2014-01-05 02:35:12,       8
2014-01-05 02:35:14,       2
2014-01-05 02:35:16,       7
2014-01-05 02:35:18,       9
2014-01-05 02:35:20,       6
2014-01-05 02:35:22,     -33
2014-01-05 02:35:24,      42
2014-01-05 02:35:26,      13
2014-01-05 02:35:28,      54
2014-01-05 02:35:30,      15
2014-01-05 02:35:32,      27
2014-01-05 02:35:34,      17
2014-01-05 02:35:36,      13
2014-01-05 02:35:38,      20
2014-01-05 02:35:40,      23
2014-01-05 02:35:42,      18
2014-01-05 02:35:44,      68
2014-01-05 02:35:46,      24
2014-01-05 02:35:48,      26
2014-01-05 02:35:50,      17
2014-01-05 02:35:52,      18
2014-01-05 02:35:54,      56
2014-01-05 02:35:56,      32
2014-01-05 02:35:58,      23
2014-01-05 02:36:00,      15
2014-01-05 02:36:02,      23
2014-01-05 02:36:04,      34
2014-01-05 02:36:06,      33
2014-01-05 02:36:08,      22
2014-01-05 02:36:10,      30
2014-01-05 02:36:12,      34
2014-01-05 02:36:14,       8
2014-01-05 02:36:16,      50
2014-01-05 02:36:18,      30
2014-01-05 02:36:20,     -12
2014-01-05 02:36:22,      32
2014-01-05 02:36:24,      35
2014-01-05 02:36:26,      29
2014-01-05 02:36:28,      55
2014-01-05 02:36:30,      38
2014-01-05 02:36:32,      38
2014-01-05 02:36:34,      34
2014-01-05 02:36:36,      43
2014-01-05 02:36:38,      39
2014-01-05 02:36:40,      33
2014-01-05 02:36:42,      45
2014-01-05 02:36:44,      26
2014-01-05 02:36:46,      36
2014-01-05 02:36:48,      30
2014-01-05 02:36:50,      42
2014-01-05 02:36:52,      33
2014-01-05 02:36:54,      96
2014-01-05 02:36:56,     324
2014-01-05 02:36:58,     809
2014-01-05 02:37:00,     102
2014-01-05 02:37:02,      77
2014-01-05 02:37:04,      53
2014-01-05 02:37:06,      94
2014-01-05 02:37:08,     144
2014-01-05 02:37:10,     125
2014-01-05 02:37:12,     153
2014-01-05 02:37:14,     174
2014-01-05 02:37:16,     187
2014-01-05 02:37:18,     205
2014-01-05 02:37:20,     214
2014-01-05 02:37:22,     231
2014-01-05 02:37:24,     241
2014-01-05 02:37:26,     267
2014-01-05 02:37:28,     285
2014-01-05 02:37:30,     286
2014-01-05 02:37:32,     304
2014-01-05 02:37:34,     341
2014-01-05 02:37:36,     341
2014-01-05 02:37:38,     351
2014-01-05 02:37:40,     368
2014-01-05 02:37:42,     403
2014-01-05 02:37:44,     390
2014-01-05 02:37:46,     439
2014-01-05 02:37:48,     408
2014-01-05 02:37:50,     427
2014-01-05 02:37:52,     436
2014-01-05 02:37:54,     442
2014-01-05 02:37:56,     444
2014-01-05 02:37:58,     460
2014-01-05 02:38:00,     466
2014-01-05 02:38:02,     476
2014-01-05 02:38:04,     482
2014-01-05 02:38:06,     499
2014-01-05 02:38:08,     486
2014-01-05 02:38:10,     499
2014-01-05 02:38:12,     514
2014-01-05 02:38:14,     510
2014-01-05 02:38:16,     519
2014-01-05 02:38:18,     482
2014-01-05 02:38:20,     508
2014-01-05 02:38:22,     518
2014-01-05 02:38:24,     513
2014-01-05 02:38:26,     522
2014-01-05 02:38:28,     515
2014-01-05 02:38:30,     523
2014-01-05 02:38:32,     528
2014-01-05 02:38:34,     525
2014-01-05 02:38:36,     527
2014-01-05 02:38:38,     526
2014-01-05 02:38:40,     513
2014-01-05 02:38:42,     514
2014-01-05 02:38:44,     521
2014-01-05 02:38:46,     511
2014-01-05 02:38:48,     505
2014-01-05 02:38:50,     503
2014-01-05 02:38:52,     493
2014-01-05 02:38:54,     579
2014-01-05 02:38:56,     584
2014-01-05 02:38:58,     553
2014-01-05 02:39:00,     460
2014-01-05 02:39:02,     442
2014-01-05 02:39:04,     434
2014-01-05 02:39:06,     423
2014-01-05 02:39:08,     421
2014-01-05 02:39:10,     392
2014-01-05 02:39:12,     313
2014-01-05 02:39:14,     367
2014-01-05 02:39:16,     358
2014-01-05 02:39:18,     340
2014-01-05 02:39:20,     323
2014-01-05 02:39:22,     314
2014-01-05 02:39:24,     295
2014-01-05 02:39:26,     274
2014-01-05 02:39:28,     264
2014-01-05 02:39:30,     242
2014-01-05 02:39:32,     184
2014-01-05 02:39:34,     220
2014-01-05 02:39:36,     178
2014-01-05 02:39:38,     127
2014-01-05 02:39:40,     174
2014-01-05 02:39:42,     122
2014-01-05 02:39:44,     104
2014-01-05 02:39:46,      86
2014-01-05 02:39:48,      67
2014-01-05 02:39:50,      43
2014-01-05 02:39:52,      12
2014-01-05 02:39:54,       9
2014-01-05 02:39:56,     -25
2014-01-05 02:39:58,     -73
2014-01-05 02:40:00,     -69
2014-01-05 02:40:02,     -93
2014-01-05 02:40:04,    -107
2014-01-05 02:40:06,    -149
2014-01-05 02:40:08,    -164
2014-01-05 02:40:10,    -190
2014-01-05 02:40:12,    -197
2014-01-05 02:40:14,    -221
2014-01-05 02:40:16,    -235
2014-01-05 02:40:18,    -276
2014-01-05 02:40:20,    -288
2014-01-05 02:40:22,    -320
2014-01-05 02:40:24,    -340
2014-01-05 02:40:26,    -338
2014-01-05 02:40:28,    -378
2014-01-05 02:40:30,    -402
2014-01-05 02:40:32,    -409
2014-01-05 02:40:34,    -444
2014-01-05 02:40:36,    -481
2014-01-05 02:40:38,    -488
2014-01-05 02:40:40,    -503
2014-01-05 02:40:42,    -529
2014-01-05 02:40:44,    -545
2014-01-05 02:40:46,    -567
2014-01-05 02:40:48,    -580
2014-01-05 02:40:50,    -603
2014-01-05 02:40:52,    -621
2014-01-05 02:40:54,    -636
2014-01-05 02:40:56,    -652
2014-01-05 02:40:58,    -642
2014-01-05 02:41:00,    -686
2014-01-05 02:41:02,    -705
2014-01-05 02:41:04,    -722
2014-01-05 02:41:06,    -735
2014-01-05 02:41:08,    -759
2014-01-05 02:41:10,    -770
2014-01-05 02:41:12,    -778
2014-01-05 02:41:14,    -791
2014-01-05 02:41:16,    -814
2014-01-05 02:41:18,    -827
2014-01-05 02:41:20,    -793
2014-01-05 02:41:22,    -850
2014-01-05 02:41:24,    -852
2014-01-05 02:41:26,    -769
2014-01-05 02:41:28,    -880
2014-01-05 02:41:30,    -873
2014-01-05 02:41:32,    -936
2014-01-05 02:41:34,    -919
2014-01-05 02:41:36,    -922
2014-01-05 02:41:38,    -938
2014-01-05 02:41:40,    -952
2014-01-05 02:41:42,    -953
2014-01-05 02:41:44,    -952
2014-01-05 02:41:46,    -963
2014-01-05 02:41:48,    -974
2014-01-05 02:41:50,    -972
2014-01-05 02:41:52,    -984
2014-01-05 02:41:54,    -987
2014-01-05 02:41:56,    -965
2014-01-05 02:41:58,   -1006
2014-01-05 02:42:00,    -989
2014-01-05 02:42:02,    -975
2014-01-05 02:42:04,    -996
2014-01-05 02:42:06,    -997
2014-01-05 02:42:08,   -1001
2014-01-05 02:42:10,    -985
2014-01-05 02:42:12,    -987
2014-01-05 02:42:14,    -974
2014-01-05 02:42:16,    -968
2014-01-05 02:42:18,    -981
2014-01-05 02:42:20,    -969
2014-01-05 02:42:22,    -954
2014-01-05 02:42:24,   -1016
2014-01-05 02:42:26,    -948
2014-01-05 02:42:28,    -919
2014-01-05 02:42:30,    -937
2014-01-05 02:42:32,    -917
2014-01-05 02:42:34,    -889
2014-01-05 02:42:36,    -904
2014-01-05 02:42:38,    -886
2014-01-05 02:42:40,    -872
2014-01-05 02:42:42,    -862
2014-01-05 02:42:44,    -852
2014-01-05 02:42:46,    -821
2014-01-05 02:42:48,    -820
2014-01-05 02:42:50,    -795
2014-01-05 02:42:52,    -797
2014-01-05 02:42:54,    -775
2014-01-05 02:42:56,    -812
2014-01-05 02:42:58,    -747
2014-01-05 02:43:00,    -718
2014-01-05 02:43:02,    -708
2014-01-05 02:43:04,    -691
2014-01-05 02:43:06,    -657
2014-01-05 02:43:08,    -649
2014-01-05 02:43:10,    -650
2014-01-05 02:43:12,    -615
2014-01-05 02:43:14,    -586
2014-01-05 02:43:16,    -575
2014-01-05 02:43:18,    -536
2014-01-05 02:43:20,    -522
2014-01-05 02:43:22,    -456
2014-01-05 02:43:24,    -444
2014-01-05 02:43:26,    -450
2014-01-05 02:43:28,    -429
2014-01-05 02:43:30,    -395
2014-01-05 02:43:32,    -365
2014-01-05 02:43:34,    -342
2014-01-05 02:43:36,    -319
2014-01-05 02:43:38,    -279
2014-01-05 02:43:40,    -256
2014-01-05 02:43:42,    -211
2014-01-05 02:43:44,    -200
2014-01-05 02:43:46,    -171
2014-01-05 02:43:48,    -157
2014-01-05 02:43:50,     -94
2014-01-05 02:43:52,     -91
2014-01-05 02:43:54,     -68
2014-01-05 02:43:56,     -18
2014-01-05 02:43:58,       4
2014-01-05 02:44:00,      38
2014-01-05 02:44:02,      69
2014-01-05 02:44:04,      96
2014-01-05 02:44:06,     136
2014-01-05 02:44:08,     168
2014-01-05 02:44:10,     213
2014-01-05 02:44:12,     228
2014-01-05 02:44:14,     252
2014-01-05 02:44:16,     312
2014-01-05 02:44:18,     318
2014-01-05 02:44:20,     310
2014-01-05 02:44:22,     369
2014-01-05 02:44:24,     405
2014-01-05 02:44:26,     426
2014-01-05 02:44:28,     485
2014-01-05 02:44:30,     493
2014-01-05 02:44:32,     518
2014-01-05 02:44:34,     554
2014-01-05 02:44:36,     599
2014-01-05 02:44:38,     590
2014-01-05 02:44:40,     633
2014-01-05 02:44:42,     665
2014-01-05 02:44:44,     659
2014-01-05 02:44:46,     708
2014-01-05 02:44:48,     743
2014-01-05 02:44:50,     765
2014-01-05 02:44:52,     786
2014-01-05 02:44:54,     826
2014-01-05 02:44:56,     837
2014-01-05 02:44:58,     852
2014-01-05 02:45:00,     881
2014-01-05 02:45:02,     906
2014-01-05 02:45:03,     927
2014-01-05 02:45:05,     938
2014-01-05 02:45:07,     951
2014-01-05 02:45:09,    1000
2014-01-05 02:45:11,    1003
2014-01-05 02:45:13,    1049
2014-01-05 02:45:15,    1010
2014-01-05 02:45:17,    1049
2014-01-05 02:45:19,    1072
2014-01-05 02:45:21,    1079
2014-01-05 02:45:23,    1088
2014-01-05 02:45:25,    1112
2014-01-05 02:45:27,    1133
2014-01-05 02:45:29,    1134
2014-01-05 02:45:31,    1148
2014-01-05 02:45:33,    1172
2014-01-05 02:45:35,    1172
2014-01-05 02:45:37,    1190
2014-01-05 02:45:39,    1239
2014-01-05 02:45:41,    1216
2014-01-05 02:45:43,    1223
2014-01-05 02:45:45,    1254
2014-01-05 02:45:47,    1238
2014-01-05 02:45:49,    1236
2014-01-05 02:45:51,    1222
2014-01-05 02:45:53,    1241
2014-01-05 02:45:55,    1265
2014-01-05 02:45:57,    1266
2014-01-05 02:45:59,    1272
2014-01-05 02:46:01,    1261
2014-01-05 02:46:03,    1270
2014-01-05 02:46:05,    1280
2014-01-05 02:46:07,    1252
2014-01-05 02:46:09,    1271
2014-01-05 02:46:11,    1296
2014-01-05 02:46:13,    1272
2014-01-05 02:46:15,    1270
2014-01-05 02:46:17,    1268
2014-01-05 02:46:19,    1253
2014-01-05 02:46:21,    1255
2014-01-05 02:46:23,    1240
2014-01-05 02:46:25,    1238
2014-01-05 02:46:27,    1215
2014-01-05 02:46:29,    1222
2014-01-05 02:46:31,    1214
2014-01-05 02:46:33,    1173
2014-01-05 02:46:35,    1182
2014-01-05 02:46:37,    1180
2014-01-05 02:46:39,    1159
2014-01-05 02:46:41,    1151
2014-01-05 02:46:43,    1147
2014-01-05 02:46:45,    1105
2014-01-05 02:46:47,    1104
2014-01-05 02:46:49,    1103
2014-01-05 02:46:51,    1080
2014-01-05 02:46:53,    1048
2014-01-05 02:46:55,    1073
2014-01-05 02:46:57,    1023
2014-01-05 02:46:59,    1001
2014-01-05 02:47:01,     981
2014-01-05 02:47:03,     959
2014-01-05 02:47:05,     927
2014-01-05 02:47:07,     979
2014-01-05 02:47:09,     893
2014-01-05 02:47:11,     857
2014-01-05 02:47:13,     839
2014-01-05 02:47:15,     820
2014-01-05 02:47:17,     793
2014-01-05 02:47:19,     759
2014-01-05 02:47:21,     736
2014-01-05 02:47:23,     710
2014-01-05 02:47:25,     681
2014-01-05 02:47:27,     661
2014-01-05 02:47:29,     617
2014-01-05 02:47:31,     582
2014-01-05 02:47:33,     572
2014-01-05 02:47:35,     510
2014-01-05 02:47:37,     437
2014-01-05 02:47:39,     449
2014-01-05 02:47:41,     409
2014-01-05 02:47:43,     364
2014-01-05 02:47:45,     334
2014-01-05 02:47:47,     300
2014-01-05 02:47:49,     249
2014-01-05 02:47:51,     198
2014-01-05 02:47:53,     178
2014-01-05 02:47:55,     132
2014-01-05 02:47:57,      86
2014-01-05 02:47:59,      55
2014-01-05 02:48:01,       3
2014-01-05 02:48:03,     -38
2014-01-05 02:48:05,     -85
2014-01-05 02:48:07,    -129
2014-01-05 02:48:09,    -193
2014-01-05 02:48:11,    -213
2014-01-05 02:48:13,    -256
2014-01-05 02:48:15,    -303
2014-01-05 02:48:17,    -363
2014-01-05 02:48:19,    -383
2014-01-05 02:48:21,    -459
2014-01-05 02:48:23,    -495
2014-01-05 02:48:25,    -521
2014-01-05 02:48:27,    -539
2014-01-05 02:48:29,    -624
2014-01-05 02:48:31,    -669
2014-01-05 02:48:33,    -710
2014-01-05 02:48:35,    -760
2014-01-05 02:48:37,    -791
2014-01-05 02:48:39,    -839
2014-01-05 02:48:41,    -901
2014-01-05 02:48:43,    -936
2014-01-05 02:48:45,    -980
2014-01-05 02:48:47,   -1007
2014-01-05 02:48:49,   -1060
2014-01-05 02:48:51,   -1096
2014-01-05 02:48:53,   -1143
2014-01-05 02:48:55,   -1180
2014-01-05 02:48:57,   -1223
2014-01-05 02:48:59,   -1263
2014-01-05 02:49:01,   -1299
2014-01-05 02:49:03,   -1317
2014-01-05 02:49:05,   -1369
2014-01-05 02:49:07,   -1413
2014-01-05 02:49:09,   -1442
2014-01-05 02:49:11,   -1467
2014-01-05 02:49:13,   -1506
2014-01-05 02:49:15,   -1539
2014-01-05 02:49:17,   -1575
2014-01-05 02:49:19,   -1550
2014-01-05 02:49:21,   -1627
2014-01-05 02:49:23,   -1682
2014-01-05 02:49:25,   -1629
2014-01-05 02:49:27,   -1702
2014-01-05 02:49:29,   -1699
2014-01-05 02:49:31,   -1763
2014-01-05 02:49:33,   -1782
2014-01-05 02:49:35,   -1801
2014-01-05 02:49:37,   -1826
2014-01-05 02:49:39,   -1855
2014-01-05 02:49:41,   -1866
2014-01-05 02:49:43,   -1884
2014-01-05 02:49:45,   -1902
2014-01-05 02:49:47,   -1916
2014-01-05 02:49:49,   -1921
2014-01-05 02:49:51,   -1956
2014-01-05 02:49:53,   -1957
2014-01-05 02:49:55,   -1947
2014-01-05 02:49:57,   -1975
2014-01-05 02:49:59,   -1985
2014-01-05 02:50:01,   -1985
2014-01-05 02:50:03,   -2001
2014-01-05 02:50:05,   -2009
2014-01-05 02:50:07,   -2016
2014-01-05 02:50:09,   -2014
2014-01-05 02:50:11,   -2058
2014-01-05 02:50:13,   -2035
2014-01-05 02:50:15,   -2012
2014-01-05 02:50:17,   -2022
2014-01-05 02:50:19,   -2017
2014-01-05 02:50:21,   -2009
2014-01-05 02:50:23,   -2000
2014-01-05 02:50:25,   -1996
2014-01-05 02:50:27,   -1987
2014-01-05 02:50:29,   -1979
2014-01-05 02:50:31,   -1962
2014-01-05 02:50:33,   -1959
2014-01-05 02:50:35,   -1940
2014-01-05 02:50:37,   -1922
2014-01-05 02:50:39,   -1923
2014-01-05 02:50:41,   -1895
2014-01-05 02:50:43,   -1881
2014-01-05 02:50:45,   -1855
2014-01-05 02:50:47,   -1836
2014-01-05 02:50:49,   -1807
2014-01-05 02:50:51,   -1746
2014-01-05 02:50:53,   -1764
2014-01-05 02:50:55,   -1833
2014-01-05 02:50:57,   -1721
2014-01-05 02:50:59,   -1682
2014-01-05 02:51:01,   -1658
2014-01-05 02:51:03,   -1624
2014-01-05 02:51:05,   -1588
2014-01-05 02:51:07,   -1558
2014-01-05 02:51:09,   -1525
2014-01-05 02:51:11,   -1491
2014-01-05 02:51:13,   -1457
2014-01-05 02:51:15,   -1404
2014-01-05 02:51:17,   -1368
2014-01-05 02:51:19,   -1342
2014-01-05 02:51:21,   -1271
2014-01-05 02:51:23,   -1241
2014-01-05 02:51:25,   -1213
2014-01-05 02:51:27,   -1167
2014-01-05 02:51:29,   -1127
2014-01-05 02:51:31,   -1067
2014-01-05 02:51:33,   -1028
2014-01-05 02:51:35,    -987
2014-01-05 02:51:37,    -921
2014-01-05 02:51:39,    -881
2014-01-05 02:51:41,    -832
2014-01-05 02:51:43,    -757
2014-01-05 02:51:45,    -719
2014-01-05 02:51:47,    -679
2014-01-05 02:51:49,    -596
2014-01-05 02:51:51,    -561
2014-01-05 02:51:53,    -547
2014-01-05 02:51:55,    -442
2014-01-05 02:51:57,    -382
2014-01-05 02:51:59,    -327
2014-01-05 02:52:01,    -269
2014-01-05 02:52:03,    -199
2014-01-05 02:52:05,    -144
2014-01-05 02:52:07,     -91
2014-01-05 02:52:09,     -26
2014-01-05 02:52:11,      34
2014-01-05 02:52:13,     105
2014-01-05 02:52:15,     192
2014-01-05 02:52:17,     223
2014-01-05 02:52:19,     285
2014-01-05 02:52:21,     356
2014-01-05 02:52:23,     421
2014-01-05 02:52:25,     484
2014-01-05 02:52:27,     545
2014-01-05 02:52:29,     619
2014-01-05 02:52:31,     655
2014-01-05 02:52:33,     739
2014-01-05 02:52:35,     806
2014-01-05 02:52:37,     844
2014-01-05 02:52:39,     930
2014-01-05 02:52:41,    1005
2014-01-05 02:52:43,    1039
2014-01-05 02:52:45,    1117
2014-01-05 02:52:47,    1248
2014-01-05 02:52:49,    1246
2014-01-05 02:52:51,    1299
2014-01-05 02:52:53,    1363
2014-01-05 02:52:55,    1421
2014-01-05 02:52:57,    1473
2014-01-05 02:52:59,    1533
2014-01-05 02:53:01,    1606
2014-01-05 02:53:03,    1642
2014-01-05 02:53:05,    1703
2014-01-05 02:53:07,    1773
2014-01-05 02:53:09,    1809
2014-01-05 02:53:11,    1863
2014-01-05 02:53:13,    1906
2014-01-05 02:53:15,    1959
2014-01-05 02:53:17,    2012
2014-01-05 02:53:19,    2054
2014-01-05 02:53:21,    2101
2014-01-05 02:53:23,    2140
2014-01-05 02:53:25,    2184
2014-01-05 02:53:27,    2240
2014-01-05 02:53:29,    2270
2014-01-05 02:53:31,    2303
2014-01-05 02:53:33,    2335
2014-01-05 02:53:35,    2371
2014-01-05 02:53:37,    2413
2014-01-05 02:53:39,    2452
2014-01-05 02:53:41,    2466
2014-01-05 02:53:43,    2508
2014-01-05 02:53:45,    2536
2014-01-05 02:53:47,    2556
2014-01-05 02:53:49,    2589
2014-01-05 02:53:51,    2613
2014-01-05 02:53:53,    2640
2014-01-05 02:53:55,    2660
2014-01-05 02:53:57,    2696
2014-01-05 02:53:59,    2707
2014-01-05 02:54:01,    2699
2014-01-05 02:54:03,    2728
2014-01-05 02:54:05,    2740
2014-01-05 02:54:07,    2770
2014-01-05 02:54:09,    2769
2014-01-05 02:54:11,    2788
2014-01-05 02:54:13,    2783
2014-01-05 02:54:15,    2784
2014-01-05 02:54:17,    2782
2014-01-05 02:54:19,    2794
2014-01-05 02:54:21,    2795
2014-01-05 02:54:23,    2790
2014-01-05 02:54:25,    2788
2014-01-05 02:54:27,    2775
2014-01-05 02:54:29,    2797
2014-01-05 02:54:31,    2773
2014-01-05 02:54:33,    2762
2014-01-05 02:54:35,    2719
2014-01-05 02:54:37,    2736
2014-01-05 02:54:39,    2719
2014-01-05 02:54:41,    2712
2014-01-05 02:54:43,    2696
2014-01-05 02:54:45,    2676
2014-01-05 02:54:47,    2652
2014-01-05 02:54:49,    2631
2014-01-05 02:54:51,    2605
2014-01-05 02:54:53,    2574
2014-01-05 02:54:55,    2536
2014-01-05 02:54:57,    2522
2014-01-05 02:54:59,    2481
2014-01-05 02:55:01,    2462
2014-01-05 02:55:03,    2417
2014-01-05 02:55:05,    2388
2014-01-05 02:55:07,    2376
2014-01-05 02:55:09,    2300
2014-01-05 02:55:11,    2266
2014-01-05 02:55:13,    2214
2014-01-05 02:55:15,    2173
2014-01-05 02:55:17,    2122
2014-01-05 02:55:19,    2070
2014-01-05 02:55:21,    2024
2014-01-05 02:55:23,    1974
2014-01-05 02:55:25,    1927
2014-01-05 02:55:27,    1878