2014-01-05 02:00:01,     24
2014-01-05 02:00:03,     25
2014-01-05 02:00:05,     25
2014-01-05 02:00:07,     27
2014-01-05 02:00:09,     27
2014-01-05 02:00:11,     27
2014-01-05 02:00:13,     27
2014-01-05 02:00:15,     27
2014-01-05 02:00:17,     27
2014-01-05 02:00:19,     27
2014-01-05 02:00:21,     25
2014-01-05 02:00:23,     24
2014-01-05 02:00:25,     22
2014-01-05 02:00:27,     20
2014-01-05 02:00:29,     17
2014-01-05 02:00:31,     13
2014-01-05 02:00:33,      9
2014-01-05 02:00:35,      5
2014-01-05 02:00:37,      0
2014-01-05 02:00:39,     -6
2014-01-05 02:00:41,    -15
2014-01-05 02:00:43,    -21
2014-01-05 02:00:45,    -26
2014-01-05 02:00:47,    -30
2014-01-05 02:00:49,    -32
2014-01-05 02:00:51,    -33
2014-01-05 02:00:53,    -34
2014-01-05 02:00:55,    -34
2014-01-05 02:00:57,    -35
2014-01-05 02:00:59,    -35
2014-01-05 02:01:01,    -35
2014-01-05 02:01:03,    -34
2014-01-05 02:01:05,    -34
2014-01-05 02:01:07,    -32
2014-01-05 02:01:09,    -30
2014-01-05 02:01:11,    -27
2014-01-05 02:01:13,    -25
2014-01-05 02:01:15,    -23
2014-01-05 02:01:17,    -20
2014-01-05 02:01:19,    -16
2014-01-05 02:01:21,    -12
2014-01-05 02:01:23,     -8
2014-01-05 02:01:25,     -4
2014-01-05 02:01:27,      0
2014-01-05 02:01:29,      2
2014-01-05 02:01:31,      6
2014-01-05 02:01:33,      9
2014-01-05 02:01:35,     12
2014-01-05 02:01:37,     13
2014-01-05 02:01:39,     14
2014-01-05 02:01:41,     14
2014-01-05 02:01:43,     14
2014-01-05 02:01:45,     13
2014-01-05 02:01:47,     12
2014-01-05 02:01:49,      9
2014-01-05 02:01:51,      6
2014-01-05 02:01:53,      3
2014-01-05 02:01:55,      0
2014-01-05 02:01:57,     -5
2014-01-05 02:01:59,    -10
2014-01-05 02:02:01,    -16
2014-01-05 02:02:03,    -20
2014-01-05 02:02:05,    -24
2014-01-05 02:02:07,    -27
2014-01-05 02:02:09,    -30
2014-01-05 02:02:11,    -31
2014-01-05 02:02:13,    -32
2014-01-05 02:02:15,    -33
2014-01-05 02:02:17,    -34
2014-01-05 02:02:19,    -34
2014-01-05 02:02:21,    -34
2014-01-05 02:02:23,    -34
2014-01-05 02:02:25,    -35
2014-01-05 02:02:27,    -35
2014-01-05 02:02:29,    -33
2014-01-05 02:02:31,    -32
2014-01-05 02:02:33,    -29
2014-01-05 02:02:35,    -27
2014-01-05 02:02:37,    -25
2014-01-05 02:02:39,    -21
2014-01-05 02:02:41,    -18
2014-01-05 02:02:43,    -13
2014-01-05 02:02:45,     -8
2014-01-05 02:02:47,     -1
2014-01-05 02:02:49,      5
2014-01-05 02:02:51,     12
2014-01-05 02:02:53,     18
2014-01-05 02:02:55,     22
2014-01-05 02:02:57,     25
2014-01-05 02:02:59,     27
2014-01-05 02:03:01,     28
2014-01-05 02:03:03,     29
2014-01-05 02:03:05,     29
2014-01-05 02:03:07,     29
2014-01-05 02:03:09,     29
2014-01-05 02:03:11,     29
2014-01-05 02:03:13,     27
2014-01-05 02:03:15,     27
2014-01-05 02:03:17,     26
2014-01-05 02:03:19,     23
2014-01-05 02:03:21,     21
2014-01-05 02:03:23,     18
2014-01-05 02:03:25,     16
2014-01-05 02:03:27,     13
2014-01-05 02:03:29,     10
2014-01-05 02:03:31,      7
2014-01-05 02:03:33,      4
2014-01-05 02:03:35,      0
2014-01-05 02:03:37,     -1
2014-01-05 02:03:39,     -5
2014-01-05 02:03:41,     -7
2014-01-05 02:03:43,     -9
2014-01-05 02:03:45,    -12
2014-01-05 02:03:47,    -12
2014-01-05 02:03:49,    -13
2014-01-05 02:03:51,    -12
2014-01-05 02:03:53,    -12
2014-01-05 02:03:55,    -10
2014-01-05 02:03:57,     -8
2014-01-05 02:03:59,     -5
2014-01-05 02:04:01,     -2
2014-01-05 02:04:03,      1
2014-01-05 02:04:05,      6
2014-01-05 02:04:07,     10
2014-01-05 02:04:09,     13
2014-01-05 02:04:11,     17
2014-01-05 02:04:13,     20
2014-01-05 02:04:15,     21
2014-01-05 02:04:17,     23
2014-01-05 02:04:19,     25
2014-01-05 02:04:21,     26
2014-01-05 02:04:23,     26
2014-01-05 02:04:25,     27
2014-01-05 02:04:27,     27
2014-01-05 02:04:29,     27
2014-01-05 02:04:31,     27
2014-01-05 02:04:33,     27
2014-01-05 02:04:35,     27
2014-01-05 02:04:37,     25
2014-01-05 02:04:39,     23
2014-01-05 02:04:41,     22
2014-01-05 02:04:43,     20
2014-01-05 02:04:45,     17
2014-01-05 02:04:47,     14
2014-01-05 02:04:49,     11
2014-01-05 02:04:51,      6
2014-01-05 02:04:53,      0
2014-01-05 02:04:55,     -6
2014-01-05 02:04:57,    -13
2014-01-05 02:04:59,    -20
2014-01-05 02:05:01,    -26
2014-01-05 02:05:03,    -28
2014-01-05 02:05:05,    -31
2014-01-05 02:05:07,    -33
2014-01-05 02:05:09,    -34
2014-01-05 02:05:11,    -35
2014-01-05 02:05:13,    -35
2014-01-05 02:05:15,    -35
2014-01-05 02:05:17,    -35
2014-01-05 02:05:19,    -34
2014-01-05 02:05:21,    -34
2014-01-05 02:05:23,    -33
2014-01-05 02:05:25,    -30
2014-01-05 02:05:27,    -28
2014-01-05 02:05:29,    -26
2014-01-05 02:05:31,    -23
2014-01-05 02:05:33,    -20
2014-01-05 02:05:35,    -16
2014-01-05 02:05:37,    -13
2014-01-05 02:05:39,     -9
2014-01-05 02:05:41,     -5
2014-01-05 02:05:43,     -1
2014-01-05 02:05:45,      1
2014-01-05 02:05:47,      6
2014-01-05 02:05:49,      9
2014-01-05 02:05:51,     12
2014-01-05 02:05:53,     14
2014-01-05 02:05:55,     14
2014-01-05 02:05:57,     15
2014-01-05 02:05:59,     14
2014-01-05 02:06:01,     13
2014-01-05 02:06:03,     12
2014-01-05 02:06:05,     10
2014-01-05 02:06:07,      7
2014-01-05 02:06:09,      4
2014-01-05 02:06:11,      0
2014-01-05 02:06:13,     -4
2014-01-05 02:06:15,    -10
2014-01-05 02:06:17,    -16
2014-01-05 02:06:19,    -20
2014-01-05 02:06:21,    -24
2014-01-05 02:06:23,    -27
2014-01-05 02:06:25,    -30
2014-01-05 02:06:27,    -31
2014-01-05 02:06:29,    -33
2014-01-05 02:06:31,    -34
2014-01-05 02:06:33,    -34
2014-01-05 02:06:35,    -35
2014-01-05 02:06:37,    -35
2014-01-05 02:06:39,    -35
2014-01-05 02:06:41,    -35
2014-01-05 02:06:43,    -34
2014-01-05 02:06:45,    -33
2014-01-05 02:06:47,    -31
2014-01-05 02:06:49,    -30
2014-01-05 02:06:51,    -27
2014-01-05 02:06:53,    -26
2014-01-05 02:06:55,    -21
2014-01-05 02:06:57,    -19
2014-01-05 02:06:59,    -13
2014-01-05 02:07:01,     -9
2014-01-05 02:07:03,     -3
2014-01-05 02:07:05,      5
2014-01-05 02:07:07,     11
2014-01-05 02:07:09,     17
2014-01-05 02:07:11,     21
2014-01-05 02:07:13,     25
2014-01-05 02:07:15,     26
2014-01-05 02:07:17,     28
2014-01-05 02:07:19,     29
2014-01-05 02:07:21,     28
2014-01-05 02:07:23,     29
2014-01-05 02:07:25,     28
2014-01-05 02:07:27,     29
2014-01-05 02:07:29,     28
2014-01-05 02:07:31,     27
2014-01-05 02:07:33,     26
2014-01-05 02:07:35,     24
2014-01-05 02:07:37,     21
2014-01-05 02:07:39,     19
2014-01-05 02:07:41,     16
2014-01-05 02:07:43,     13
2014-01-05 02:07:45,     11
2014-01-05 02:07:47,      8
2014-01-05 02:07:49,      5
2014-01-05 02:07:51,      1
2014-01-05 02:07:53,     -1
2014-01-05 02:07:55,     -3
2014-01-05 02:07:57,     -6
2014-01-05 02:07:59,     -9
2014-01-05 02:08:01,    -11
2014-01-05 02:08:03,    -12
2014-01-05 02:08:05,    -13
2014-01-05 02:08:07,    -12
2014-01-05 02:08:09,    -11
2014-01-05 02:08:11,    -10
2014-01-05 02:08:13,     -8
2014-01-05 02:08:15,     -6
2014-01-05 02:08:17,     -2
2014-01-05 02:08:19,      0
2014-01-05 02:08:21,      6
2014-01-05 02:08:23,      9
2014-01-05 02:08:25,     13
2014-01-05 02:08:27,     16
2014-01-05 02:08:29,     19
2014-01-05 02:08:31,     22
2014-01-05 02:08:33,     23
2014-01-05 02:08:35,     25
2014-01-05 02:08:37,     26
2014-01-05 02:08:39,     27
2014-01-05 02:08:41,     27
2014-01-05 02:08:43,     27
2014-01-05 02:08:45,     27
2014-01-05 02:08:47,     27
2014-01-05 02:08:49,     26
2014-01-05 02:08:51,     26
2014-01-05 02:08:53,     26
2014-01-05 02:08:55,     24
2014-01-05 02:08:57,     22
2014-01-05 02:08:59,     20
2014-01-05 02:09:01,     17
2014-01-05 02:09:03,     14
2014-01-05 02:09:05,     10
2014-01-05 02:09:07,      6
2014-01-05 02:09:09,      0
2014-01-05 02:09:11,     -6
2014-01-05 02:09:13,    -13
2014-01-05 02:09:15,    -20
2014-01-05 02:09:17,    -25
2014-01-05 02:09:19,    -29
2014-01-05 02:09:21,    -31
2014-01-05 02:09:23,    -33
2014-01-05 02:09:25,    -34
2014-01-05 02:09:27,    -35
2014-01-05 02:09:29,    -36
2014-01-05 02:09:31,    -36
2014-01-05 02:09:33,    -34
2014-01-05 02:09:35,    -34
2014-01-05 02:09:37,    -34
2014-01-05 02:09:39,    -32
2014-01-05 02:09:41,    -31
2014-01-05 02:09:43,    -28
2014-01-05 02:09:45,    -26
2014-01-05 02:09:47,    -24
2014-01-05 02:09:49,    -20
2014-01-05 02:09:51,    -17
2014-01-05 02:09:53,    -13
2014-01-05 02:09:55,     -9
2014-01-05 02:09:57,     -6
2014-01-05 02:09:59,     -1
2014-01-05 02:10:01,      1
2014-01-05 02:10:03,      5
2014-01-05 02:10:05,      9
2014-01-05 02:10:07,     12
2014-01-05 02:10:09,     13
2014-01-05 02:10:11,     13
2014-01-05 02:10:13,     14
2014-01-05 02:10:15,     15
2014-01-05 02:10:17,     13
2014-01-05 02:10:19,     12
2014-01-05 02:10:21,     10
2014-01-05 02:10:23,      7
2014-01-05 02:10:25,      4
2014-01-05 02:10:27,      0
2014-01-05 02:10:29,     -3
2014-01-05 02:10:31,     -9
2014-01-05 02:10:33,    -15
2014-01-05 02:10:35,    -19
2014-01-05 02:10:37,    -24
2014-01-05 02:10:39,    -27
2014-01-05 02:10:41,    -29
2014-01-05 02:10:43,    -31
2014-01-05 02:10:45,    -32
2014-01-05 02:10:47,    -33
2014-01-05 02:10:49,    -34
2014-01-05 02:10:51,    -34
2014-01-05 02:10:53,    -35
2014-01-05 02:10:55,    -35
2014-01-05 02:10:57,    -35
2014-01-05 02:10:59,    -34
2014-01-05 02:11:01,    -34
2014-01-05 02:11:03,    -32
2014-01-05 02:11:05,    -31
2014-01-05 02:11:07,    -28
2014-01-05 02:11:09,    -25
2014-01-05 02:11:11,    -22
2014-01-05 02:11:13,    -19
2014-01-05 02:11:15,    -14
2014-01-05 02:11:17,     -9
2014-01-05 02:11:19,     -3
2014-01-05 02:11:21,      4
2014-01-05 02:11:23,     11
2014-01-05 02:11:25,     17
2014-01-05 02:11:27,     21
2014-01-05 02:11:29,     24
2014-01-05 02:11:31,     27
2014-01-05 02:11:33,     28
2014-01-05 02:11:35,     29
2014-01-05 02:11:37,     29
2014-01-05 02:11:39,     30
2014-01-05 02:11:41,     29
2014-01-05 02:11:43,     28
2014-01-05 02:11:45,     28
2014-01-05 02:11:47,     27
2014-01-05 02:11:49,     25
2014-01-05 02:11:51,     23
2014-01-05 02:11:53,     21
2014-01-05 02:11:55,     19
2014-01-05 02:11:57,     17
2014-01-05 02:11:59,     14
2014-01-05 02:12:01,     10
2014-01-05 02:12:03,      7
2014-01-05 02:12:05,      5
2014-01-05 02:12:07,      2
2014-01-05 02:12:09,      0
2014-01-05 02:12:11,     -3
2014-01-05 02:12:13,     -6
2014-01-05 02:12:15,     -9
2014-01-05 02:12:17,    -12
2014-01-05 02:12:19,    -12
2014-01-05 02:12:21,    -13
2014-01-05 02:12:23,    -13
2014-01-05 02:12:25,    -12
2014-01-05 02:12:27,    -10
2014-01-05 02:12:29,     -8
2014-01-05 02:12:31,     -6
2014-01-05 02:12:33,     -4
2014-01-05 02:12:35,      0
2014-01-05 02:12:37,      5
2014-01-05 02:12:39,      8
2014-01-05 02:12:41,     13
2014-01-05 02:12:43,     16
2014-01-05 02:12:45,     18
2014-01-05 02:12:47,     21
2014-01-05 02:12:49,     23
2014-01-05 02:12:51,     24
2014-01-05 02:12:53,     26
2014-01-05 02:12:55,     27
2014-01-05 02:12:57,     27
2014-01-05 02:12:59,     27
2014-01-05 02:13:01,     28
2014-01-05 02:13:03,     27
2014-01-05 02:13:05,     27
2014-01-05 02:13:07,     26
2014-01-05 02:13:09,     26
2014-01-05 02:13:11,     23
2014-01-05 02:13:13,     22
2014-01-05 02:13:15,     20
2014-01-05 02:13:17,     18
2014-01-05 02:13:19,     14
2014-01-05 02:13:21,     11
2014-01-05 02:13:23,      7
2014-01-05 02:13:25,      0
2014-01-05 02:13:27,     -5
2014-01-05 02:13:29,    -12
2014-01-05 02:13:31,    -19
2014-01-05 02:13:33,    -25
2014-01-05 02:13:35,    -28
2014-01-05 02:13:37,    -31
2014-01-05 02:13:39,    -33
2014-01-05 02:13:41,    -34
2014-01-05 02:13:43,    -35
2014-01-05 02:13:45,    -35
2014-01-05 02:13:47,    -34
2014-01-05 02:13:49,    -35
2014-01-05 02:13:51,    -35
2014-01-05 02:13:53,    -34
2014-01-05 02:13:55,    -33
2014-01-05 02:13:57,    -31
2014-01-05 02:13:59,    -29
2014-01-05 02:14:01,    -26
2014-01-05 02:14:03,    -23
2014-01-05 02:14:05,    -20
2014-01-05 02:14:07,    -17
2014-01-05 02:14:09,    -13
2014-01-05 02:14:11,    -10
2014-01-05 02:14:13,     -7
2014-01-05 02:14:15,     -2
2014-01-05 02:14:17,      1
2014-01-05 02:14:19,      5
2014-01-05 02:14:21,      8
2014-01-05 02:14:23,     11
2014-01-05 02:14:25,     13
2014-01-05 02:14:27,     14
2014-01-05 02:14:29,     14
2014-01-05 02:14:31,     14
2014-01-05 02:14:33,     13
2014-01-05 02:14:35,     12
2014-01-05 02:14:37,     11
2014-01-05 02:14:39,      8
2014-01-05 02:14:41,      4
2014-01-05 02:14:43,      0
2014-01-05 02:14:45,     -3
2014-01-05 02:14:47,     -9
2014-01-05 02:14:49,    -14
2014-01-05 02:14:51,    -19
2014-01-05 02:14:53,    -23
2014-01-05 02:14:55,    -27
2014-01-05 02:14:57,    -28
2014-01-05 02:14:59,    -31
2014-01-05 02:15:01,    -32
2014-01-05 02:15:03,    -34
2014-01-05 02:15:05,    -34
2014-01-05 02:15:07,    -34
2014-01-05 02:15:09,    -35
2014-01-05 02:15:11,    -34
2014-01-05 02:15:13,    -35
2014-01-05 02:15:15,    -34
2014-01-05 02:15:17,    -34
2014-01-05 02:15:19,    -33
2014-01-05 02:15:21,    -30
2014-01-05 02:15:23,    -28
2014-01-05 02:15:25,    -25
2014-01-05 02:15:27,    -22
2014-01-05 02:15:29,    -19
2014-01-05 02:15:31,    -15
2014-01-05 02:15:33,     -9
2014-01-05 02:15:35,     -4
2014-01-05 02:15:37,      3
2014-01-05 02:15:39,     11
2014-01-05 02:15:41,     17
2014-01-05 02:15:43,     21
2014-01-05 02:15:45,     24
2014-01-05 02:15:47,     27
2014-01-05 02:15:49,     27
2014-01-05 02:15:51,     28
2014-01-05 02:15:53,     28
2014-01-05 02:15:55,     29
2014-01-05 02:15:57,     29
2014-01-05 02:15:59,     29
2014-01-05 02:16:01,     28
2014-01-05 02:16:03,     27
2014-01-05 02:16:05,     25
2014-01-05 02:16:07,     24
2014-01-05 02:16:09,     22
2014-01-05 02:16:11,     20
2014-01-05 02:16:13,     17
2014-01-05 02:16:15,     14
2014-01-05 02:16:17,     12
2014-01-05 02:16:19,      8
2014-01-05 02:16:21,      5
2014-01-05 02:16:23,      2
2014-01-05 02:16:25,      0
2014-01-05 02:16:27,     -3
2014-01-05 02:16:29,     -6
2014-01-05 02:16:31,     -9
2014-01-05 02:16:33,    -11
2014-01-05 02:16:35,    -13
2014-01-05 02:16:37,    -13
2014-01-05 02:16:39,    -13
2014-01-05 02:16:41,    -12
2014-01-05 02:16:43,    -12
2014-01-05 02:16:45,     -9
2014-01-05 02:16:47,     -6
2014-01-05 02:16:49,     -3
2014-01-05 02:16:51,      0
2014-01-05 02:16:53,      3
2014-01-05 02:16:55,      8
2014-01-05 02:16:57,     12
2014-01-05 02:16:59,     16
2014-01-05 02:17:01,     18
2014-01-05 02:17:03,     21
2014-01-05 02:17:05,     23
2014-01-05 02:17:07,     25
2014-01-05 02:17:09,     26
2014-01-05 02:17:11,     26
2014-01-05 02:17:13,     27
2014-01-05 02:17:15,     27
2014-01-05 02:17:17,     28
2014-01-05 02:17:19,     28
2014-01-05 02:17:21,     27
2014-01-05 02:17:23,     27
2014-01-05 02:17:25,     25
2014-01-05 02:17:27,     25
2014-01-05 02:17:29,     23
2014-01-05 02:17:31,     20
2014-01-05 02:17:33,     18
2014-01-05 02:17:35,     15
2014-01-05 02:17:37,     11
2014-01-05 02:17:39,      6
2014-01-05 02:17:41,      1
2014-01-05 02:17:43,     -5
2014-01-05 02:17:45,    -12
2014-01-05 02:17:47,    -19
2014-01-05 02:17:49,    -24
2014-01-05 02:17:51,    -27
2014-01-05 02:17:53,    -31
2014-01-05 02:17:55,    -32
2014-01-05 02:17:57,    -34
2014-01-05 02:17:59,    -34
2014-01-05 02:18:01,    -35
2014-01-05 02:18:03,    -35
2014-01-05 02:18:05,    -35
2014-01-05 02:18:07,    -35
2014-01-05 02:18:09,    -34
2014-01-05 02:18:11,    -34
2014-01-05 02:18:13,    -31
2014-01-05 02:18:15,    -29
2014-01-05 02:18:17,    -27
2014-01-05 02:18:19,    -24
2014-01-05 02:18:21,    -21
2014-01-05 02:18:23,    -18
2014-01-05 02:18:25,    -13
2014-01-05 02:18:27,    -10
2014-01-05 02:18:29,     -6
2014-01-05 02:18:31,     -2
2014-01-05 02:18:33,      0
2014-01-05 02:18:35,      6
2014-01-05 02:18:37,      8
2014-01-05 02:18:39,     11
2014-01-05 02:18:41,     13
2014-01-05 02:18:43,     13
2014-01-05 02:18:45,     14
2014-01-05 02:18:47,     16
2014-01-05 02:18:49,     14
2014-01-05 02:18:51,     12
2014-01-05 02:18:53,     10
2014-01-05 02:18:55,      8
2014-01-05 02:18:57,      5
2014-01-05 02:18:59,      1
2014-01-05 02:19:01,     -3
2014-01-05 02:19:03,     -7
2014-01-05 02:19:05,    -13
2014-01-05 02:19:07,    -19
2014-01-05 02:19:09,    -22
2014-01-05 02:19:11,    -27
2014-01-05 02:19:13,    -29
2014-01-05 02:19:15,    -30
2014-01-05 02:19:17,    -32
2014-01-05 02:19:19,    -34
2014-01-05 02:19:21,    -34
2014-01-05 02:19:23,    -34
2014-01-05 02:19:25,    -34
2014-01-05 02:19:27,    -35
2014-01-05 02:19:29,    -35
2014-01-05 02:19:31,    -34
2014-01-05 02:19:33,    -34
2014-01-05 02:19:35,    -33
2014-01-05 02:19:37,    -30
2014-01-05 02:19:39,    -29
2014-01-05 02:19:41,    -26
2014-01-05 02:19:43,    -23
2014-01-05 02:19:45,    -20
2014-01-05 02:19:47,    -15
2014-01-05 02:19:49,    -11
2014-01-05 02:19:51,     -4
2014-01-05 02:19:53,      2
2014-01-05 02:19:55,     10
2014-01-05 02:19:57,     15
2014-01-05 02:19:59,     20
2014-01-05 02:20:01,     24
2014-01-05 02:20:03,     26
2014-01-05 02:20:05,     27
2014-01-05 02:20:07,     28
2014-01-05 02:20:09,     29
2014-01-05 02:20:11,     30
2014-01-05 02:20:13,     29
2014-01-05 02:20:15,     30
2014-01-05 02:20:17,     28
2014-01-05 02:20:19,     27
2014-01-05 02:20:21,     26
2014-01-05 02:20:23,     24
2014-01-05 02:20:25,     21
2014-01-05 02:20:27,     19
2014-01-05 02:20:29,     17
2014-01-05 02:20:31,     14
2014-01-05 02:20:33,     12
2014-01-05 02:20:35,      8
2014-01-05 02:20:37,      5
2014-01-05 02:20:39,      2
2014-01-05 02:20:41,      0
2014-01-05 02:20:43,     -2
2014-01-05 02:20:45,     -6
2014-01-05 02:20:47,     -9
2014-01-05 02:20:49,    -11
2014-01-05 02:20:51,    -13
2014-01-05 02:20:53,    -13
2014-01-05 02:20:55,    -12
2014-01-05 02:20:57,    -13
2014-01-05 02:20:59,    -11
2014-01-05 02:21:01,     -9
2014-01-05 02:21:03,     -6
2014-01-05 02:21:05,     -3
2014-01-05 02:21:07,      0
2014-01-05 02:21:09,    359
2014-01-05 02:21:11,    438
2014-01-05 02:21:13,    529
2014-01-05 02:21:15,    640
2014-01-05 02:21:17,    758
2014-01-05 02:21:19,    869
2014-01-05 02:21:21,    956
2014-01-05 02:21:23,   1005
2014-01-05 02:21:25,   1008
2014-01-05 02:21:27,    964
2014-01-05 02:21:29,    878
2014-01-05 02:21:31,    756
2014-01-05 02:21:33,    610
2014-01-05 02:21:35,    431
2014-01-05 02:21:37,    238
2014-01-05 02:21:39,     42
2014-01-05 02:21:41,   -140
2014-01-05 02:21:43,   -299
2014-01-05 02:21:45,   -429
2014-01-05 02:21:47,   -526
2014-01-05 02:21:49,   -588
2014-01-05 02:21:51,   -621
2014-01-05 02:21:53,   -627
2014-01-05 02:21:55,   -617
2014-01-05 02:21:57,   -596
2014-01-05 02:21:59,   -572
2014-01-05 02:22:01,   -551
2014-01-05 02:22:03,   -537
2014-01-05 02:22:05,   -534
2014-01-05 02:22:07,   -545
2014-01-05 02:22:09,   -579
2014-01-05 02:22:11,   -636
2014-01-05 02:22:13,   -714
2014-01-05 02:22:15,   -809
2014-01-05 02:22:17,   -910
2014-01-05 02:22:19,  -1016
2014-01-05 02:22:21,  -1118
2014-01-05 02:22:23,  -1208
2014-01-05 02:22:25,  -1285
2014-01-05 02:22:27,  -1344
2014-01-05 02:22:29,  -1382
2014-01-05 02:22:31,  -1402
2014-01-05 02:22:33,  -1403
2014-01-05 02:22:35,  -1392
2014-01-05 02:22:37,  -1370
2014-01-05 02:22:39,  -1340
2014-01-05 02:22:41,  -1307
2014-01-05 02:22:43,  -1272
2014-01-05 02:22:45,  -1239
2014-01-05 02:22:47,  -1205
2014-01-05 02:22:49,  -1175
2014-01-05 02:22:51,  -1147
2014-01-05 02:22:53,  -1117
2014-01-05 02:22:55,  -1081
2014-01-05 02:22:57,  -1036
2014-01-05 02:22:59,   -979
2014-01-05 02:23:01,   -903
2014-01-05 02:23:03,   -806
2014-01-05 02:23:05,   -737
2014-01-05 02:23:07,   -693
2014-01-05 02:23:09,   -662
2014-01-05 02:23:11,   -634
2014-01-05 02:23:13,   -604
2014-01-05 02:23:15,   -574
2014-01-05 02:23:17,   -544
2014-01-05 02:23:19,   -514
2014-01-05 02:23:21,   -485
2014-01-05 02:23:23,   -456
2014-01-05 02:23:25,   -427
2014-01-05 02:23:27,   -397
2014-01-05 02:23:29,   -366
2014-01-05 02:23:31,   -335
2014-01-05 02:23:33,   -302
2014-01-05 02:23:35,   -262
2014-01-05 02:23:37,   -211
2014-01-05 02:23:39,   -144
2014-01-05 02:23:41,    -84
2014-01-05 02:23:43,    -35
2014-01-05 02:23:45,     13
2014-01-05 02:23:47,     64
2014-01-05 02:23:49,    119
2014-01-05 02:23:51,    179
2014-01-05 02:23:53,    245
2014-01-05 02:23:55,    313
2014-01-05 02:23:57,    381
2014-01-05 02:23:59,    450
2014-01-05 02:24:01,    519
2014-01-05 02:24:03,    589
2014-01-05 02:24:05,    656
2014-01-05 02:24:07,    723
2014-01-05 02:24:09,    785
2014-01-05 02:24:11,    841
2014-01-05 02:24:13,    893
2014-01-05 02:24:15,    938
2014-01-05 02:24:17,    979
2014-01-05 02:24:19,   1014
2014-01-05 02:24:21,   1046
2014-01-05 02:24:23,   1072
2014-01-05 02:24:25,   1091
2014-01-05 02:24:27,   1100
2014-01-05 02:24:29,   1120
2014-01-05 02:24:31,   1151
2014-01-05 02:24:33,   1179
2014-01-05 02:24:35,   1217
2014-01-05 02:24:37,   1248
2014-01-05 02:24:39,   1279
2014-01-05 02:24:41,   1307
2014-01-05 02:24:43,   1331
2014-01-05 02:24:45,   1352
2014-01-05 02:24:47,   1371
2014-01-05 02:24:49,   1386
2014-01-05 02:24:51,   1393
2014-01-05 02:24:53,   1394
2014-01-05 02:24:55,   1388
2014-01-05 02:24:57,   1373
2014-01-05 02:24:59,   1353
2014-01-05 02:25:01,   1328
2014-01-05 02:25:03,   1299
2014-01-05 02:25:05,   1268
2014-01-05 02:25:07,   1235
2014-01-05 02:25:09,   1202
2014-01-05 02:25:11,   1171
2014-01-05 02:25:13,   1139
2014-01-05 02:25:15,   1108
2014-01-05 02:25:17,   1078
2014-01-05 02:25:19,   1047
2014-01-05 02:25:21,   1015
2014-01-05 02:25:23,    981
2014-01-05 02:25:25,    946
2014-01-05 02:25:27,    908
2014-01-05 02:25:29,    866
2014-01-05 02:25:31,    820
2014-01-05 02:25:33,    769
2014-01-05 02:25:35,    710
2014-01-05 02:25:37,    647
2014-01-05 02:25:39,    579
2014-01-05 02:25:41,    507
2014-01-05 02:25:43,    431
2014-01-05 02:25:45,    354
2014-01-05 02:25:47,    276
2014-01-05 02:25:49,    200
2014-01-05 02:25:51,    125
2014-01-05 02:25:53,     52
2014-01-05 02:25:55,    -18
2014-01-05 02:25:57,    -86
2014-01-05 02:25:59,   -151
2014-01-05 02:26:01,   -214
2014-01-05 02:26:03,   -275
2014-01-05 02:26:05,   -333
2014-01-05 02:26:07,   -390
2014-01-05 02:26:09,   -445
2014-01-05 02:26:11,   -502
2014-01-05 02:26:13,   -561
2014-01-05 02:26:15,   -618
2014-01-05 02:26:17,   -678
2014-01-05 02:26:19,   -734
2014-01-05 02:26:21,   -788
2014-01-05 02:26:23,   -838
2014-01-05 02:26:25,   -883
2014-01-05 02:26:27,   -919
2014-01-05 02:26:29,   -948
2014-01-05 02:26:31,   -980
2014-01-05 02:26:33,  -1020
2014-01-05 02:26:35,  -1055
2014-01-05 02:26:37,  -1100
2014-01-05 02:26:39,  -1138
2014-01-05 02:26:41,  -1170
2014-01-05 02:26:43,  -1200
2014-01-05 02:26:45,  -1227
2014-01-05 02:26:47,  -1251
2014-01-05 02:26:49,  -1272
2014-01-05 02:26:51,  -1290
2014-01-05 02:26:53,  -1308
2014-01-05 02:26:55,  -1321
2014-01-05 02:26:57,  -1333
2014-01-05 02:26:59,  -1339
2014-01-05 02:27:01,  -1341
2014-01-05 02:27:03,  -1336
2014-01-05 02:27:05,  -1324
2014-01-05 02:27:07,  -1307
2014-01-05 02:27:09,  -1285
2014-01-05 02:27:11,  -1258
2014-01-05 02:27:13,  -1229
2014-01-05 02:27:15,  -1198
2014-01-05 02:27:17,  -1164
2014-01-05 02:27:19,  -1129
2014-01-05 02:27:21,  -1094
2014-01-05 02:27:23,  -1057
2014-01-05 02:27:25,  -1018
2014-01-05 02:27:27,   -976
2014-01-05 02:27:29,   -932
2014-01-05 02:27:31,   -888
2014-01-05 02:27:33,   -841
2014-01-05 02:27:35,   -794
2014-01-05 02:27:37,   -747
2014-01-05 02:27:39,   -697
2014-01-05 02:27:41,   -647
2014-01-05 02:27:43,   -593
2014-01-05 02:27:45,   -537
2014-01-05 02:27:47,   -477
2014-01-05 02:27:49,   -416
2014-01-05 02:27:51,   -354
2014-01-05 02:27:53,   -289
2014-01-05 02:27:55,   -225
2014-01-05 02:27:57,   -159
2014-01-05 02:27:59,    -93
2014-01-05 02:28:01,    -25
2014-01-05 02:28:03,     40
2014-01-05 02:28:05,    106
2014-01-05 02:28:07,    170
2014-01-05 02:28:09,    234
2014-01-05 02:28:11,    296
2014-01-05 02:28:13,    355
2014-01-05 02:28:15,    414
2014-01-05 02:28:17,    472
2014-01-05 02:28:19,    531
2014-01-05 02:28:21,    587
2014-01-05 02:28:23,    649
2014-01-05 02:28:25,    709
2014-01-05 02:28:27,    766
2014-01-05 02:28:29,    820
2014-01-05 02:28:31,    870
2014-01-05 02:28:33,    916
2014-01-05 02:28:35,    954
2014-01-05 02:28:37,    983
2014-01-05 02:28:39,   1010
2014-01-05 02:28:41,   1045
2014-01-05 02:28:43,   1085
2014-01-05 02:28:45,   1125
2014-01-05 02:28:47,   1162
2014-01-05 02:28:49,   1196
2014-01-05 02:28:51,   1228
2014-01-05 02:28:53,   1256
2014-01-05 02:28:55,   1281
2014-01-05 02:28:57,   1303
2014-01-05 02:28:59,   1323
2014-01-05 02:29:01,   1341
2014-01-05 02:29:03,   1356
2014-01-05 02:29:05,   1368
2014-01-05 02:29:07,   1376
2014-01-05 02:29:09,   1378
2014-01-05 02:29:11,   1373
2014-01-05 02:29:13,   1362
2014-01-05 02:29:15,   1345
2014-01-05 02:29:17,   1323
2014-01-05 02:29:19,   1297
2014-01-05 02:29:21,   1269
2014-01-05 02:29:23,   1238
2014-01-05 02:29:25,   1208
2014-01-05 02:29:27,   1175
2014-01-05 02:29:29,   1143
2014-01-05 02:29:31,   1110
2014-01-05 02:29:33,   1078
2014-01-05 02:29:35,   1044
2014-01-05 02:29:37,   1008
2014-01-05 02:29:39,    971
2014-01-05 02:29:41,    933
2014-01-05 02:29:43,    893
2014-01-05 02:29:45,    851
2014-01-05 02:29:47,    804
2014-01-05 02:29:49,    754
2014-01-05 02:29:51,    697
2014-01-05 02:29:53,    634
2014-01-05 02:29:55,    568
2014-01-05 02:29:57,    497
2014-01-05 02:29:59,    424
2014-01-05 02:30:01,    348
2014-01-05 02:30:03,    273
2014-01-05 02:30:05,    195
2014-01-05 02:30:07,    119
2014-01-05 02:30:09,     44
2014-01-05 02:30:11,    -28
2014-01-05 02:30:13,    -99
2014-01-05 02:30:15,   -167
2014-01-05 02:30:17,   -232
2014-01-05 02:30:19,   -293
2014-01-05 02:30:21,   -352
2014-01-05 02:30:23,   -407
2014-01-05 02:30:25,   -463
2014-01-05 02:30:27,   -518
2014-01-05 02:30:29,   -576
2014-01-05 02:30:31,   -634
2014-01-05 02:30:33,   -692
2014-01-05 02:30:35,   -750
2014-01-05 02:30:37,   -805
2014-01-05 02:30:39,   -858
2014-01-05 02:30:41,   -909
2014-01-05 02:30:43,   -954
2014-01-05 02:30:45,   -995
2014-01-05 02:30:47,  -1026
2014-01-05 02:30:49,  -1048
2014-01-05 02:30:51,  -1074
2014-01-05 02:30:53,  -1108
2014-01-05 02:30:55,  -1145
2014-01-05 02:30:57,  -1178
2014-01-05 02:30:59,  -1208
2014-01-05 02:31:01,  -1234
2014-01-05 02:31:03,  -1252
2014-01-05 02:31:05,  -1276
2014-01-05 02:31:07,  -1292
2014-01-05 02:31:09,  -1308
2014-01-05 02:31:11,  -1322
2014-01-05 02:31:13,  -1332
2014-01-05 02:31:15,  -1340
2014-01-05 02:31:17,  -1343
2014-01-05 02:31:19,  -1339
2014-01-05 02:31:21,  -1329
2014-01-05 02:31:23,  -1314
2014-01-05 02:31:25,  -1293
2014-01-05 02:31:27,  -1269
2014-01-05 02:31:29,  -1242
2014-01-05 02:31:31,  -1213
2014-01-05 02:31:33,  -1182
2014-01-05 02:31:35,  -1150
2014-01-05 02:31:37,  -1117
2014-01-05 02:31:39,  -1083
2014-01-05 02:31:41,  -1046
2014-01-05 02:31:43,  -1008
2014-01-05 02:31:45,   -970
2014-01-05 02:31:47,   -929
2014-01-05 02:31:49,   -888
2014-01-05 02:31:51,   -845
2014-01-05 02:31:53,   -799
2014-01-05 02:31:55,   -750
2014-01-05 02:31:57,   -698
2014-01-05 02:31:59,   -642
2014-01-05 02:32:01,   -584
2014-01-05 02:32:03,   -522
2014-01-05 02:32:05,   -456
2014-01-05 02:32:07,   -389
2014-01-05 02:32:09,   -322
2014-01-05 02:32:11,   -251
2014-01-05 02:32:13,   -182
2014-01-05 02:32:15,   -112
2014-01-05 02:32:17,    -43
2014-01-05 02:32:19,     25
2014-01-05 02:32:21,     92
2014-01-05 02:32:23,    157
2014-01-05 02:32:25,    221
2014-01-05 02:32:27,    283
2014-01-05 02:32:29,    343
2014-01-05 02:32:31,    425
2014-01-05 02:32:33,    459
2014-01-05 02:32:35,    516
2014-01-05 02:32:37,    575
2014-01-05 02:32:39,    633
2014-01-05 02:32:41,    691
2014-01-05 02:32:43,    745
2014-01-05 02:32:45,    799
2014-01-05 02:32:47,    846
2014-01-05 02:32:49,    889
2014-01-05 02:32:51,    922
2014-01-05 02:32:53,    955
2014-01-05 02:32:55,    992
2014-01-05 02:32:57,   1034
2014-01-05 02:32:59,   1075
2014-01-05 02:33:01,   1116
2014-01-05 02:33:03,   1154
2014-01-05 02:33:05,   1190
2014-01-05 02:33:07,   1222
2014-01-05 02:33:09,   1252
2014-01-05 02:33:11,   1278
2014-01-05 02:33:13,   1300
2014-01-05 02:33:15,   1321
2014-01-05 02:33:17,   1339
2014-01-05 02:33:19,   1354
2014-01-05 02:33:21,   1366
2014-01-05 02:33:23,   1375
2014-01-05 02:33:25,   1377
2014-01-05 02:33:27,   1372
2014-01-05 02:33:29,   1360
2014-01-05 02:33:31,   1343
2014-01-05 02:33:33,   1322
2014-01-05 02:33:35,   1295
2014-01-05 02:33:37,   1266
2014-01-05 02:33:39,   1236
2014-01-05 02:33:41,   1205
2014-01-05 02:33:43,   1172
2014-01-05 02:33:45,   1139
2014-01-05 02:33:47,   1107
2014-01-05 02:33:49,   1073
2014-01-05 02:33:51,   1040
2014-01-05 02:33:53,   1004
2014-01-05 02:33:55,    968
2014-01-05 02:33:57,    930
2014-01-05 02:33:59,    890
2014-01-05 02:34:01,    847
2014-01-05 02:34:03,    800
2014-01-05 02:34:05,    749
2014-01-05 02:34:07,    692
2014-01-05 02:34:09,    631
2014-01-05 02:34:11,    565
2014-01-05 02:34:13,    494
2014-01-05 02:34:15,    421
2014-01-05 02:34:17,    343
2014-01-05 02:34:19,    264
2014-01-05 02:34:21,    184
2014-01-05 02:34:23,    104
2014-01-05 02:34:25,     26
2014-01-05 02:34:27,    -52
2014-01-05 02:34:29,   -125
2014-01-05 02:34:31,   -195
2014-01-05 02:34:33,   -258
2014-01-05 02:34:35,   -315
2014-01-05 02:34:37,   -367
2014-01-05 02:34:39,   -414
2014-01-05 02:34:41,   -460
2014-01-05 02:34:43,   -508
2014-01-05 02:34:45,   -559
2014-01-05 02:34:47,   -613
2014-01-05 02:34:49,   -670
2014-01-05 02:34:51,   -731
2014-01-05 02:34:53,   -791
2014-01-05 02:34:55,   -851
2014-01-05 02:34:57,   -910
2014-01-05 02:34:59,   -966
2014-01-05 02:35:01,  -1017
2014-01-05 02:35:03,  -1061
2014-01-05 02:35:05,  -1095
2014-01-05 02:35:07,  -1113
2014-01-05 02:35:09,  -1137
2014-01-05 02:35:11,  -1168
2014-01-05 02:35:13,  -1199
2014-01-05 02:35:15,  -1223
2014-01-05 02:35:17,  -1244
2014-01-05 02:35:19,  -1262
2014-01-05 02:35:21,  -1276
2014-01-05 02:35:23,  -1288
2014-01-05 02:35:25,  -1298
2014-01-05 02:35:27,  -1310
2014-01-05 02:35:29,  -1320
2014-01-05 02:35:31,  -1327
2014-01-05 02:35:33,  -1331
2014-01-05 02:35:35,  -1330
2014-01-05 02:35:37,  -1324
2014-01-05 02:35:39,  -1312
2014-01-05 02:35:41,  -1297
2014-01-05 02:35:43,  -1276
2014-01-05 02:35:45,  -1253
2014-01-05 02:35:47,  -1227
2014-01-05 02:35:49,  -1199
2014-01-05 02:35:51,  -1168
2014-01-05 02:35:53,  -1135
2014-01-05 02:35:55,  -1101
2014-01-05 02:35:57,  -1064
2014-01-05 02:35:59,  -1025
2014-01-05 02:36:01,   -984
2014-01-05 02:36:03,   -943
2014-01-05 02:36:05,   -899
2014-01-05 02:36:07,   -856
2014-01-05 02:36:09,   -812
2014-01-05 02:36:11,   -764
2014-01-05 02:36:13,   -712
2014-01-05 02:36:15,   -658
2014-01-05 02:36:17,   -599
2014-01-05 02:36:19,   -539
2014-01-05 02:36:21,   -475
2014-01-05 02:36:23,   -408
2014-01-05 02:36:25,   -340
2014-01-05 02:36:27,   -270
2014-01-05 02:36:29,   -200
2014-01-05 02:36:31,   -130
2014-01-05 02:36:33,    -60
2014-01-05 02:36:35,      8
2014-01-05 02:36:37,     76
2014-01-05 02:36:39,    142
2014-01-05 02:36:41,    208
2014-01-05 02:36:43,    272
2014-01-05 02:36:45,    334
2014-01-05 02:36:47,    393
2014-01-05 02:36:49,    452
2014-01-05 02:36:51,    509
2014-01-05 02:36:53,    568
2014-01-05 02:36:55,    626
2014-01-05 02:36:57,    683
2014-01-05 02:36:59,    738
2014-01-05 02:37:01,    789
2014-01-05 02:37:03,    836
2014-01-05 02:37:05,    876
2014-01-05 02:37:07,    909
2014-01-05 02:37:09,    943
2014-01-05 02:37:11,    983
2014-01-05 02:37:13,   1024
2014-01-05 02:37:15,   1068
2014-01-05 02:37:17,   1109
2014-01-05 02:37:19,   1148
2014-01-05 02:37:21,   1183
2014-01-05 02:37:23,   1217
2014-01-05 02:37:25,   1247
2014-01-05 02:37:27,   1275
2014-01-05 02:37:29,   1298
2014-01-05 02:37:31,   1319
2014-01-05 02:37:33,   1336
2014-01-05 02:37:35,   1352
2014-01-05 02:37:37,   1365
2014-01-05 02:37:39,   1373
2014-01-05 02:37:41,   1376
2014-01-05 02:37:43,   1370
2014-01-05 02:37:45,   1359
2014-01-05 02:37:47,   1342
2014-01-05 02:37:49,   1320
2014-01-05 02:37:51,   1294
2014-01-05 02:37:53,   1265
2014-01-05 02:37:55,   1234
2014-01-05 02:37:57,   1203
2014-01-05 02:37:59,   1172
2014-01-05 02:38:01,   1138
2014-01-05 02:38:03,   1106
2014-01-05 02:38:05,   1073
2014-01-05 02:38:07,   1039
2014-01-05 02:38:09,   1003
2014-01-05 02:38:11,    966
2014-01-05 02:38:13,    928
2014-01-05 02:38:15,    887
2014-01-05 02:38:17,    844
2014-01-05 02:38:19,    798
2014-01-05 02:38:21,    747
2014-01-05 02:38:23,    690
2014-01-05 02:38:25,    629
2014-01-05 02:38:27,    564
2014-01-05 02:38:29,    490
2014-01-05 02:38:31,    415
2014-01-05 02:38:33,    336
2014-01-05 02:38:35,    251
2014-01-05 02:38:37,    167
2014-01-05 02:38:39,     64
2014-01-05 02:38:41,    -32
2014-01-05 02:38:43,   -125
2014-01-05 02:38:45,   -208
2014-01-05 02:38:47,   -276
2014-01-05 02:38:49,   -327
2014-01-05 02:38:51,   -362
2014-01-05 02:38:53,   -383
2014-01-05 02:38:55,   -397
2014-01-05 02:38:57,   -413
2014-01-05 02:38:59,   -435
2014-01-05 02:39:01,   -468
2014-01-05 02:39:03,   -512
2014-01-05 02:39:05,   -571
2014-01-05 02:39:07,   -641
2014-01-05 02:39:09,   -719
2014-01-05 02:39:11,   -804
2014-01-05 02:39:13,   -885
2014-01-05 02:39:15,   -968
2014-01-05 02:39:17,  -1043
2014-01-05 02:39:19,  -1111
2014-01-05 02:39:21,  -1162
2014-01-05 02:39:23,  -1189
2014-01-05 02:39:25,  -1209
2014-01-05 02:39:27,  -1235
2014-01-05 02:39:29,  -1255
2014-01-05 02:39:31,  -1266
2014-01-05 02:39:33,  -1271
2014-01-05 02:39:35,  -1271
2014-01-05 02:39:37,  -1268
2014-01-05 02:39:39,  -1265
2014-01-05 02:39:41,  -1263
2014-01-05 02:39:43,  -1267
2014-01-05 02:39:45,  -1273
2014-01-05 02:39:47,  -1282
2014-01-05 02:39:49,  -1291
2014-01-05 02:39:51,  -1299
2014-01-05 02:39:53,  -1303
2014-01-05 02:39:55,  -1303
2014-01-05 02:39:57,  -1301
2014-01-05 02:39:59,  -1293
2014-01-05 02:40:01,  -1279
2014-01-05 02:40:03,  -1261
2014-01-05 02:40:05,  -1234
2014-01-05 02:40:07,  -1205
2014-01-05 02:40:09,  -1170
2014-01-05 02:40:11,  -1131
2014-01-05 02:40:13,  -1087
2014-01-05 02:40:15,  -1040
2014-01-05 02:40:17,   -992
2014-01-05 02:40:19,   -943
2014-01-05 02:40:21,   -895
2014-01-05 02:40:23,   -847
2014-01-05 02:40:25,   -799
2014-01-05 02:40:27,   -751
2014-01-05 02:40:29,   -702
2014-01-05 02:40:31,   -651
2014-01-05 02:40:33,   -597
2014-01-05 02:40:35,   -541
2014-01-05 02:40:37,   -482
2014-01-05 02:40:39,   -421
2014-01-05 02:40:41,   -357
2014-01-05 02:40:43,   -292
2014-01-05 02:40:45,   -224
2014-01-05 02:40:47,   -155
2014-01-05 02:40:49,    -84
2014-01-05 02:40:51,    -13
2014-01-05 02:40:53,     56
2014-01-05 02:40:55,    127
2014-01-05 02:40:57,    195
2014-01-05 02:40:59,    263
2014-01-05 02:41:01,    329
2014-01-05 02:41:03,    401
2014-01-05 02:41:05,    453
2014-01-05 02:41:07,    512
2014-01-05 02:41:09,    571
2014-01-05 02:41:11,    629
2014-01-05 02:41:13,    684
2014-01-05 02:41:15,    737
2014-01-05 02:41:17,    785
2014-01-05 02:41:19,    830
2014-01-05 02:41:21,    868
2014-01-05 02:41:23,    901
2014-01-05 02:41:25,    934
2014-01-05 02:41:27,    972
2014-01-05 02:41:29,   1012
2014-01-05 02:41:31,   1053
2014-01-05 02:41:33,   1096
2014-01-05 02:41:35,   1138
2014-01-05 02:41:37,   1175
2014-01-05 02:41:39,   1211
2014-01-05 02:41:41,   1245
2014-01-05 02:41:43,   1275
2014-01-05 02:41:45,   1299
2014-01-05 02:41:47,   1321
2014-01-05 02:41:49,   1340
2014-01-05 02:41:51,   1356
2014-01-05 02:41:53,   1369
2014-01-05 02:41:55,   1376
2014-01-05 02:41:57,   1378
2014-01-05 02:41:59,   1372
2014-01-05 02:42:01,   1360
2014-01-05 02:42:03,   1342
2014-01-05 02:42:05,   1318
2014-01-05 02:42:07,   1292
2014-01-05 02:42:09,   1262
2014-01-05 02:42:11,   1233
2014-01-05 02:42:13,   1201
2014-01-05 02:42:15,   1169
2014-01-05 02:42:17,   1138
2014-01-05 02:42:19,   1106
2014-01-05 02:42:21,   1074
2014-01-05 02:42:23,   1040
2014-01-05 02:42:25,   1005
2014-01-05 02:42:27,    969
2014-01-05 02:42:29,    930
2014-01-05 02:42:31,    891
2014-01-05 02:42:33,    848
2014-01-05 02:42:35,    802
2014-01-05 02:42:37,    751
2014-01-05 02:42:39,    694
2014-01-05 02:42:41,    632
2014-01-05 02:42:43,    564
2014-01-05 02:42:45,    490
2014-01-05 02:42:47,    411
2014-01-05 02:42:49,    322
2014-01-05 02:42:51,    220
2014-01-05 02:42:53,    107
2014-01-05 02:42:55,     -9
2014-01-05 02:42:57,   -120
2014-01-05 02:42:59,   -223
2014-01-05 02:43:01,   -302
2014-01-05 02:43:03,   -356
2014-01-05 02:43:05,   -384
2014-01-05 02:43:07,   -387
2014-01-05 02:43:09,   -373
2014-01-05 02:43:11,   -349
2014-01-05 02:43:13,   -331
2014-01-05 02:43:15,   -324
2014-01-05 02:43:17,   -340
2014-01-05 02:43:19,   -382
2014-01-05 02:43:21,   -448
2014-01-05 02:43:23,   -533
2014-01-05 02:43:25,   -636
2014-01-05 02:43:27,   -749
2014-01-05 02:43:29,   -863
2014-01-05 02:43:31,   -976
2014-01-05 02:43:33,  -1078
2014-01-05 02:43:35,  -1167
2014-01-05 02:43:37,  -1234
2014-01-05 02:43:39,  -1268
2014-01-05 02:43:41,  -1286
2014-01-05 02:43:43,  -1306
2014-01-05 02:43:45,  -1315
2014-01-05 02:43:47,  -1309
2014-01-05 02:43:49,  -1294
2014-01-05 02:43:51,  -1274
2014-01-05 02:43:53,  -1251
2014-01-05 02:43:55,  -1231
2014-01-05 02:43:57,  -1217
2014-01-05 02:43:59,  -1211
2014-01-05 02:44:01,  -1215
2014-01-05 02:44:03,  -1227
2014-01-05 02:44:05,  -1245
2014-01-05 02:44:07,  -1264
2014-01-05 02:44:09,  -1282
2014-01-05 02:44:11,  -1299
2014-01-05 02:44:13,  -1310
2014-01-05 02:44:15,  -1315
2014-01-05 02:44:17,  -1312
2014-01-05 02:44:19,  -1299
2014-01-05 02:44:21,  -1277
2014-01-05 02:44:23,  -1246
2014-01-05 02:44:25,  -1207
2014-01-05 02:44:27,  -1159
2014-01-05 02:44:29,  -1107
2014-01-05 02:44:31,  -1051
2014-01-05 02:44:33,   -994
2014-01-05 02:44:35,   -936
2014-01-05 02:44:37,   -881
2014-01-05 02:44:39,   -829
2014-01-05 02:44:41,   -779
2014-01-05 02:44:43,   -732
2014-01-05 02:44:45,   -686
2014-01-05 02:44:47,   -640
2014-01-05 02:44:49,   -593
2014-01-05 02:44:51,   -544
2014-01-05 02:44:53,   -491
2014-01-05 02:44:55,   -436
2014-01-05 02:44:57,   -378
2014-01-05 02:44:59,   -315
2014-01-05 02:45:01,   -250
2014-01-05 02:45:03,   -180
2014-01-05 02:45:05,   -109
2014-01-05 02:45:07,    -35
2014-01-05 02:45:09,     31
2014-01-05 02:45:11,    113
2014-01-05 02:45:13,    187
2014-01-05 02:45:15,    259
2014-01-05 02:45:17,    329
2014-01-05 02:45:19,    395
2014-01-05 02:45:21,    459
2014-01-05 02:45:23,    518
2014-01-05 02:45:25,    577
2014-01-05 02:45:27,    634
2014-01-05 02:45:29,    686
2014-01-05 02:45:31,    737
2014-01-05 02:45:33,    783
2014-01-05 02:45:35,    825
2014-01-05 02:45:37,    863
2014-01-05 02:45:39,    895
2014-01-05 02:45:41,    924
2014-01-05 02:45:43,    958
2014-01-05 02:45:45,    999
2014-01-05 02:45:47,   1042
2014-01-05 02:45:49,   1086
2014-01-05 02:45:51,   1129
2014-01-05 02:45:53,   1170
2014-01-05 02:45:55,   1208
2014-01-05 02:45:57,   1243
2014-01-05 02:45:59,   1274
2014-01-05 02:46:01,   1301
2014-01-05 02:46:03,   1324
2014-01-05 02:46:05,   1343
2014-01-05 02:46:07,   1358
2014-01-05 02:46:09,   1370
2014-01-05 02:46:11,   1377
2014-01-05 02:46:13,   1377
2014-01-05 02:46:15,   1371
2014-01-05 02:46:17,   1357
2014-01-05 02:46:19,   1338
2014-01-05 02:46:21,   1315
2014-01-05 02:46:23,   1288
2014-01-05 02:46:25,   1260
2014-01-05 02:46:27,   1230
2014-01-05 02:46:29,   1200
2014-01-05 02:46:31,   1170
2014-01-05 02:46:33,   1141
2014-01-05 02:46:35,   1110
2014-01-05 02:46:37,   1079
2014-01-05 02:46:39,   1047
2014-01-05 02:46:41,   1013
2014-01-05 02:46:43,    977
2014-01-05 02:46:45,    939
2014-01-05 02:46:47,    898
2014-01-05 02:46:49,    855
2014-01-05 02:46:51,    807
2014-01-05 02:46:53,    756
2014-01-05 02:46:55,    699
2014-01-05 02:46:57,    636
2014-01-05 02:46:59,    566
2014-01-05 02:47:01,    490
2014-01-05 02:47:03,    403
2014-01-05 02:47:05,    300
2014-01-05 02:47:07,    183
2014-01-05 02:47:09,     57
2014-01-05 02:47:11,    -67
2014-01-05 02:47:13,   -180
2014-01-05 02:47:15,   -274
2014-01-05 02:47:17,   -341
2014-01-05 02:47:19,   -379
2014-01-05 02:47:21,   -387
2014-01-05 02:47:23,   -371
2014-01-05 02:47:25,   -337
2014-01-05 02:47:27,   -298
2014-01-05 02:47:29,   -263
2014-01-05 02:47:31,   -248
2014-01-05 02:47:33,   -262
2014-01-05 02:47:35,   -306
2014-01-05 02:47:37,   -379
2014-01-05 02:47:39,   -478
2014-01-05 02:47:41,   -597
2014-01-05 02:47:43,   -726
2014-01-05 02:47:45,   -811
2014-01-05 02:47:47,   -986
2014-01-05 02:47:49,  -1103
2014-01-05 02:47:51,  -1200
2014-01-05 02:47:53,  -1269
2014-01-05 02:47:55,  -1303
2014-01-05 02:47:57,  -1323
2014-01-05 02:47:59,  -1340
2014-01-05 02:48:01,  -1339
2014-01-05 02:48:03,  -1324
2014-01-05 02:48:05,  -1297
2014-01-05 02:48:07,  -1266
2014-01-05 02:48:09,  -1234
2014-01-05 02:48:11,  -1206
2014-01-05 02:48:13,  -1186
2014-01-05 02:48:15,  -1179
2014-01-05 02:48:17,  -1184
2014-01-05 02:48:19,  -1199
2014-01-05 02:48:21,  -1222
2014-01-05 02:48:23,  -1249
2014-01-05 02:48:25,  -1277
2014-01-05 02:48:27,  -1302
2014-01-05 02:48:29,  -1322
2014-01-05 02:48:31,  -1333
2014-01-05 02:48:33,  -1335
2014-01-05 02:48:35,  -1324
2014-01-05 02:48:37,  -1302
2014-01-05 02:48:39,  -1269
2014-01-05 02:48:41,  -1225
2014-01-05 02:48:43,  -1173
2014-01-05 02:48:45,  -1116
2014-01-05 02:48:47,  -1055
2014-01-05 02:48:49,   -993
2014-01-05 02:48:51,   -930
2014-01-05 02:48:53,   -873
2014-01-05 02:48:55,   -819
2014-01-05 02:48:57,   -770
2014-01-05 02:48:59,   -724
2014-01-05 02:49:01,   -679
2014-01-05 02:49:03,   -636
2014-01-05 02:49:05,   -592
2014-01-05 02:49:07,   -548
2014-01-05 02:49:09,   -500
2014-01-05 02:49:11,   -448
2014-01-05 02:49:13,   -392
2014-01-05 02:49:15,   -332
2014-01-05 02:49:17,   -266
2014-01-05 02:49:19,   -197
2014-01-05 02:49:21,   -124
2014-01-05 02:49:23,    -48
2014-01-05 02:49:25,     27
2014-01-05 02:49:27,    104
2014-01-05 02:49:29,    180
2014-01-05 02:49:31,    256
2014-01-05 02:49:33,    329
2014-01-05 02:49:35,    396
2014-01-05 02:49:37,    460
2014-01-05 02:49:39,    521
2014-01-05 02:49:41,    578
2014-01-05 02:49:43,    634
2014-01-05 02:49:45,    686
2014-01-05 02:49:47,    735
2014-01-05 02:49:49,    779
2014-01-05 02:49:51,    817
2014-01-05 02:49:53,    858
2014-01-05 02:49:55,    890
2014-01-05 02:49:57,    918
2014-01-05 02:49:59,    951
2014-01-05 02:50:01,    990
2014-01-05 02:50:03,   1033
2014-01-05 02:50:05,   1077
2014-01-05 02:50:07,   1122
2014-01-05 02:50:09,   1165
2014-01-05 02:50:11,   1205
2014-01-05 02:50:13,   1241
2014-01-05 02:50:15,   1275
2014-01-05 02:50:17,   1302
2014-01-05 02:50:19,   1326
2014-01-05 02:50:21,   1345
2014-01-05 02:50:23,   1361
2014-01-05 02:50:25,   1372
2014-01-05 02:50:27,   1377
2014-01-05 02:50:29,   1377
2014-01-05 02:50:31,   1370
2014-01-05 02:50:33,   1356
2014-01-05 02:50:35,   1338
2014-01-05 02:50:37,   1315
2014-01-05 02:50:39,   1288
2014-01-05 02:50:41,   1260
2014-01-05 02:50:43,   1231
2014-01-05 02:50:45,   1201
2014-01-05 02:50:47,   1172
2014-01-05 02:50:49,   1143
2014-01-05 02:50:51,   1113
2014-01-05 02:50:53,   1083
2014-01-05 02:50:55,   1052
2014-01-05 02:50:57,   1018
2014-01-05 02:50:59,    983
2014-01-05 02:51:01,    946
2014-01-05 02:51:03,    905
2014-01-05 02:51:05,    863
2014-01-05 02:51:07,    816
2014-01-05 02:51:09,    765
2014-01-05 02:51:11,    706
2014-01-05 02:51:13,    642
2014-01-05 02:51:15,    572
2014-01-05 02:51:17,    494
2014-01-05 02:51:19,    400
2014-01-05 02:51:21,    289
2014-01-05 02:51:23,    165
2014-01-05 02:51:25,     33
2014-01-05 02:51:27,    -92
2014-01-05 02:51:29,   -205
2014-01-05 02:51:31,   -296
2014-01-05 02:51:33,   -357
2014-01-05 02:51:35,   -384
2014-01-05 02:51:37,   -382
2014-01-05 02:51:39,   -355
2014-01-05 02:51:41,   -314
2014-01-05 02:51:43,   -269
2014-01-05 02:51:45,   -229
2014-01-05 02:51:47,   -211
2014-01-05 02:51:49,   -221
2014-01-05 02:51:51,   -263
2014-01-05 02:51:53,   -341
2014-01-05 02:51:55,   -446
2014-01-05 02:51:57,   -572
2014-01-05 02:51:59,   -709
2014-01-05 02:52:01,   -850
2014-01-05 02:52:03,   -985
2014-01-05 02:52:05,  -1106
2014-01-05 02:52:07,  -1207
2014-01-05 02:52:09,  -1269
2014-01-05 02:52:11,  -1310
2014-01-05 02:52:13,  -1335
2014-01-05 02:52:15,  -1350
2014-01-05 02:52:17,  -1347
2014-01-05 02:52:19,  -1328
2014-01-05 02:52:21,  -1297
2014-01-05 02:52:23,  -1261
2014-01-05 02:52:25,  -1225
2014-01-05 02:52:27,  -1194
2014-01-05 02:52:29,  -1173
2014-01-05 02:52:31,  -1165
2014-01-05 02:52:33,  -1170
2014-01-05 02:52:35,  -1186
2014-01-05 02:52:37,  -1212
2014-01-05 02:52:39,  -1243
2014-01-05 02:52:41,  -1275
2014-01-05 02:52:43,  -1303
2014-01-05 02:52:45,  -1327
2014-01-05 02:52:47,  -1341
2014-01-05 02:52:49,  -1344
2014-01-05 02:52:51,  -1335
2014-01-05 02:52:53,  -1312
2014-01-05 02:52:55,  -1278
2014-01-05 02:52:57,  -1234
2014-01-05 02:52:59,  -1181
2014-01-05 02:53:01,  -1121
2014-01-05 02:53:03,  -1057
2014-01-05 02:53:05,   -993
2014-01-05 02:53:07,   -930
2014-01-05 02:53:09,   -871
2014-01-05 02:53:11,   -817
2014-01-05 02:53:13,   -767
2014-01-05 02:53:15,   -723
2014-01-05 02:53:17,   -680
2014-01-05 02:53:19,   -639
2014-01-05 02:53:21,   -597
2014-01-05 02:53:23,   -555
2014-01-05 02:53:25,   -507
2014-01-05 02:53:27,   -457
2014-01-05 02:53:29,   -401
2014-01-05 02:53:31,   -342
2014-01-05 02:53:33,   -276
2014-01-05 02:53:35,   -209
2014-01-05 02:53:37,   -136
2014-01-05 02:53:39,    -59
2014-01-05 02:53:41,     18
2014-01-05 02:53:43,     97
2014-01-05 02:53:45,    174
2014-01-05 02:53:47,    249
2014-01-05 02:53:49,    324
2014-01-05 02:53:51,    392
2014-01-05 02:53:53,    456
2014-01-05 02:53:55,    517
2014-01-05 02:53:57,    569
2014-01-05 02:53:59,    631
2014-01-05 02:54:01,    683
2014-01-05 02:54:03,    731
2014-01-05 02:54:05,    777
2014-01-05 02:54:07,    818
2014-01-05 02:54:09,    856
2014-01-05 02:54:11,    890
2014-01-05 02:54:13,    917
2014-01-05 02:54:15,    947
2014-01-05 02:54:17,    985
2014-01-05 02:54:19,   1027
2014-01-05 02:54:21,   1072
2014-01-05 02:54:23,   1117
2014-01-05 02:54:25,   1161
2014-01-05 02:54:27,   1201
2014-01-05 02:54:29,   1239
2014-01-05 02:54:31,   1272
2014-01-05 02:54:33,   1301
2014-01-05 02:54:35,   1324
2014-01-05 02:54:37,   1344
2014-01-05 02:54:39,   1359
2014-01-05 02:54:41,   1371
2014-01-05 02:54:43,   1377
2014-01-05 02:54:45,   1378
2014-01-05 02:54:47,   1371
2014-01-05 02:54:49,   1358
2014-01-05 02:54:51,   1339
2014-01-05 02:54:53,   1317
2014-01-05 02:54:55,   1291
2014-01-05 02:54:57,   1262
2014-01-05 02:54:59,   1234
2014-01-05 02:55:01,   1205
2014-01-05 02:55:03,   1175
2014-01-05 02:55:05,   1146
2014-01-05 02:55:07,   1117
2014-01-05 02:55:09,   1088
2014-01-05 02:55:11,   1055
2014-01-05 02:55:13,   1023
2014-01-05 02:55:15,    988
2014-01-05 02:55:17,    951
2014-01-05 02:55:19,    911
2014-01-05 02:55:21,    868
2014-01-05 02:55:23,    821
2014-01-05 02:55:25,    769
2014-01-05 02:55:27,    711