2014-01-05 02:00:01,      -4
2014-01-05 02:00:03,      -2
2014-01-05 02:00:05,       5
2014-01-05 02:00:07,      -8
2014-01-05 02:00:09,       4
2014-01-05 02:00:11,       6
2014-01-05 02:00:13,       6
2014-01-05 02:00:15,      -8
2014-01-05 02:00:17,       5
2014-01-05 02:00:19,      -2
2014-01-05 02:00:21,       0
2014-01-05 02:00:23,       6
2014-01-05 02:00:25,       7
2014-01-05 02:00:27,      -4
2014-01-05 02:00:29,       2
2014-01-05 02:00:31,       6
2014-01-05 02:00:33,       8
2014-01-05 02:00:35,      -6
2014-01-05 02:00:37,       4
2014-01-05 02:00:39,       1
2014-01-05 02:00:41,     -10
2014-01-05 02:00:43,     -17
2014-01-05 02:00:45,     -18
2014-01-05 02:00:47,     -19
2014-01-05 02:00:49,      -8
2014-01-05 02:00:51,       4
2014-01-05 02:00:53,       7
2014-01-05 02:00:55,      -3
2014-01-05 02:00:57,     -13
2014-01-05 02:00:59,     -17
2014-01-05 02:01:01,     -17
2014-01-05 02:01:03,       1
2014-01-05 02:01:05,       5
2014-01-05 02:01:07,       8
2014-01-05 02:01:09,       8
2014-01-05 02:01:11,      -7
2014-01-05 02:01:13,       4
2014-01-05 02:01:15,      -1
2014-01-05 02:01:17,      -4
2014-01-05 02:01:19,       5
2014-01-05 02:01:21,       7
2014-01-05 02:01:23,       8
2014-01-05 02:01:25,       8
2014-01-05 02:01:27,       8
2014-01-05 02:01:29,      -7
2014-01-05 02:01:31,       4
2014-01-05 02:01:33,       0
2014-01-05 02:01:35,     -12
2014-01-05 02:01:37,     -15
2014-01-05 02:01:39,       2
2014-01-05 02:01:41,      -4
2014-01-05 02:01:43,       0
2014-01-05 02:01:45,       6
2014-01-05 02:01:47,       7
2014-01-05 02:01:49,      -4
2014-01-05 02:01:51,       2
2014-01-05 02:01:53,       3
2014-01-05 02:01:55,      -8
2014-01-05 02:01:57,       4
2014-01-05 02:01:59,       7
2014-01-05 02:02:01,      14
2014-01-05 02:02:03,      26
2014-01-05 02:02:05,       0
2014-01-05 02:02:07,       8
2014-01-05 02:02:09,       8
2014-01-05 02:02:11,       4
2014-01-05 02:02:13,     -10
2014-01-05 02:02:15,     -15
2014-01-05 02:02:17,       1
2014-01-05 02:02:19,       6
2014-01-05 02:02:21,       8
2014-01-05 02:02:23,       8
2014-01-05 02:02:25,       8
2014-01-05 02:02:27,       8
2014-01-05 02:02:29,       8
2014-01-05 02:02:31,       8
2014-01-05 02:02:33,      -6
2014-01-05 02:02:35,     -14
2014-01-05 02:02:37,      -2
2014-01-05 02:02:39,       4
2014-01-05 02:02:41,       7
2014-01-05 02:02:43,       8
2014-01-05 02:02:45,       8
2014-01-05 02:02:47,       8
2014-01-05 02:02:49,       8
2014-01-05 02:02:51,       8
2014-01-05 02:02:53,      -4
2014-01-05 02:02:55,     -13
2014-01-05 02:02:57,      -6
2014-01-05 02:02:59,       4
2014-01-05 02:03:01,       8
2014-01-05 02:03:03,       8
2014-01-05 02:03:05,       8
2014-01-05 02:03:07,       8
2014-01-05 02:03:09,       9
2014-01-05 02:03:11,       8
2014-01-05 02:03:13,       8
2014-01-05 02:03:15,       8
2014-01-05 02:03:17,       9
2014-01-05 02:03:19,      24
2014-01-05 02:03:21,       9
2014-01-05 02:03:23,       7
2014-01-05 02:03:25,       7
2014-01-05 02:03:27,       8
2014-01-05 02:03:29,       8
2014-01-05 02:03:31,       8
2014-01-05 02:03:33,       4
2014-01-05 02:03:35,      -6
2014-01-05 02:03:37,       5
2014-01-05 02:03:39,      19
2014-01-05 02:03:41,      17
2014-01-05 02:03:43,       3
2014-01-05 02:03:45,       8
2014-01-05 02:03:47,      -6
2014-01-05 02:03:49,       4
2014-01-05 02:03:51,       7
2014-01-05 02:03:53,       6
2014-01-05 02:03:55,      -8
2014-01-05 02:03:57,       4
2014-01-05 02:03:59,      -1
2014-01-05 02:04:01,       0
2014-01-05 02:04:03,      23
2014-01-05 02:04:05,      17
2014-01-05 02:04:07,      23
2014-01-05 02:04:09,      27
2014-01-05 02:04:11,      14
2014-01-05 02:04:13,      -4
2014-01-05 02:04:15,       6
2014-01-05 02:04:17,       8
2014-01-05 02:04:19,       9
2014-01-05 02:04:21,       8
2014-01-05 02:04:23,       9
2014-01-05 02:04:25,      -3
2014-01-05 02:04:27,     -13
2014-01-05 02:04:29,      -8
2014-01-05 02:04:31,      22
2014-01-05 02:04:33,      19
2014-01-05 02:04:35,      12
2014-01-05 02:04:37,      10
2014-01-05 02:04:39,       9
2014-01-05 02:04:41,       9
2014-01-05 02:04:43,       8
2014-01-05 02:04:45,       0
2014-01-05 02:04:47,       0
2014-01-05 02:04:49,      23
2014-01-05 02:04:51,      17
2014-01-05 02:04:53,      13
2014-01-05 02:04:55,       4
2014-01-05 02:04:57,      -5
2014-01-05 02:04:59,       6
2014-01-05 02:05:01,       8
2014-01-05 02:05:03,      -1
2014-01-05 02:05:05,      -2
2014-01-05 02:05:07,       6
2014-01-05 02:05:09,       8
2014-01-05 02:05:11,       8
2014-01-05 02:05:13,       8
2014-01-05 02:05:15,       8
2014-01-05 02:05:17,       8
2014-01-05 02:05:19,       8
2014-01-05 02:05:21,       0
2014-01-05 02:05:23,       0
2014-01-05 02:05:25,       5
2014-01-05 02:05:27,      -8
2014-01-05 02:05:29,     -15
2014-01-05 02:05:31,      -3
2014-01-05 02:05:33,       2
2014-01-05 02:05:35,     -10
2014-01-05 02:05:37,       4
2014-01-05 02:05:39,       8
2014-01-05 02:05:41,       2
2014-01-05 02:05:43,     -11
2014-01-05 02:05:45,     -15
2014-01-05 02:05:47,       0
2014-01-05 02:05:49,      -2
2014-01-05 02:05:51,     -13
2014-01-05 02:05:53,     -17
2014-01-05 02:05:55,     -19
2014-01-05 02:05:57,      -2
2014-01-05 02:05:59,       4
2014-01-05 02:06:01,       6
2014-01-05 02:06:03,       8
2014-01-05 02:06:05,      -4
2014-01-05 02:06:07,       2
2014-01-05 02:06:09,       2
2014-01-05 02:06:11,      -8
2014-01-05 02:06:13,       4
2014-01-05 02:06:15,      -4
2014-01-05 02:06:17,       0
2014-01-05 02:06:19,       6
2014-01-05 02:06:21,       8
2014-01-05 02:06:23,       8
2014-01-05 02:06:25,       0
2014-01-05 02:06:27,       0
2014-01-05 02:06:29,       6
2014-01-05 02:06:31,      -7
2014-01-05 02:06:33,     -16
2014-01-05 02:06:35,     -17
2014-01-05 02:06:37,     -11
2014-01-05 02:06:39,       2
2014-01-05 02:06:41,       6
2014-01-05 02:06:43,      -2
2014-01-05 02:06:45,       3
2014-01-05 02:06:47,      26
2014-01-05 02:06:49,      16
2014-01-05 02:06:51,       0
2014-01-05 02:06:53,     -12
2014-01-05 02:06:55,     -17
2014-01-05 02:06:57,     -18
2014-01-05 02:06:59,       2
2014-01-05 02:07:01,       6
2014-01-05 02:07:03,       2
2014-01-05 02:07:05,      -6
2014-01-05 02:07:07,       6
2014-01-05 02:07:09,      -6
2014-01-05 02:07:11,       2
2014-01-05 02:07:13,       6
2014-01-05 02:07:15,       7
2014-01-05 02:07:17,       8
2014-01-05 02:07:19,       8
2014-01-05 02:07:21,       8
2014-01-05 02:07:23,       8
2014-01-05 02:07:25,       8
2014-01-05 02:07:27,       8
2014-01-05 02:07:29,      -1
2014-01-05 02:07:31,      -1
2014-01-05 02:07:33,       6
2014-01-05 02:07:35,       7
2014-01-05 02:07:37,      19
2014-01-05 02:07:39,      25
2014-01-05 02:07:41,      13
2014-01-05 02:07:43,      -5
2014-01-05 02:07:45,       6
2014-01-05 02:07:47,       8
2014-01-05 02:07:49,       7
2014-01-05 02:07:51,       7
2014-01-05 02:07:53,      -7
2014-01-05 02:07:55,       3
2014-01-05 02:07:57,       7
2014-01-05 02:07:59,       8
2014-01-05 02:08:01,       8
2014-01-05 02:08:03,      23
2014-01-05 02:08:05,      22
2014-01-05 02:08:07,       8
2014-01-05 02:08:09,      -4
2014-01-05 02:08:11,       6
2014-01-05 02:08:13,       7
2014-01-05 02:08:15,       0
2014-01-05 02:08:17,      -2
2014-01-05 02:08:19,       6
2014-01-05 02:08:21,      -7
2014-01-05 02:08:23,       3
2014-01-05 02:08:25,       1
2014-01-05 02:08:27,      -6
2014-01-05 02:08:29,       4
2014-01-05 02:08:31,      -6
2014-01-05 02:08:33,       2
2014-01-05 02:08:35,       6
2014-01-05 02:08:37,       6
2014-01-05 02:08:39,      -7
2014-01-05 02:08:41,     -15
2014-01-05 02:08:43,     -17
2014-01-05 02:08:45,     -17
2014-01-05 02:08:47,     -19
2014-01-05 02:08:49,     -19
2014-01-05 02:08:51,     -19
2014-01-05 02:08:53,      -8
2014-01-05 02:08:55,       3
2014-01-05 02:08:57,       6
2014-01-05 02:08:59,       8
2014-01-05 02:09:01,       0
2014-01-05 02:09:03,     -11
2014-01-05 02:09:05,     -16
2014-01-05 02:09:07,     -18
2014-01-05 02:09:09,      -1
2014-01-05 02:09:11,       4
2014-01-05 02:09:13,       6
2014-01-05 02:09:15,      -8
2014-01-05 02:09:17,       4
2014-01-05 02:09:19,      -1
2014-01-05 02:09:21,      -3
2014-01-05 02:09:23,       4
2014-01-05 02:09:25,      -7
2014-01-05 02:09:27,     -15
2014-01-05 02:09:29,     -18
2014-01-05 02:09:31,     -13
2014-01-05 02:09:33,       2
2014-01-05 02:09:35,      -7
2014-01-05 02:09:37,     -15
2014-01-05 02:09:39,      -6
2014-01-05 02:09:41,       2
2014-01-05 02:09:43,      -8
2014-01-05 02:09:45,     -16
2014-01-05 02:09:47,     -18
2014-01-05 02:09:49,     -19
2014-01-05 02:09:51,     -19
2014-01-05 02:09:53,       0
2014-01-05 02:09:55,       4
2014-01-05 02:09:57,       2
2014-01-05 02:09:59,      -6
2014-01-05 02:10:01,       5
2014-01-05 02:10:03,      -4
2014-01-05 02:10:05,       1
2014-01-05 02:10:07,       6
2014-01-05 02:10:09,       7
2014-01-05 02:10:11,      -5
2014-01-05 02:10:13,     -15
2014-01-05 02:10:15,      -4
2014-01-05 02:10:17,       2
2014-01-05 02:10:19,     -10
2014-01-05 02:10:21,     -15
2014-01-05 02:10:23,      -1
2014-01-05 02:10:25,       4
2014-01-05 02:10:27,       6
2014-01-05 02:10:29,      -6
2014-01-05 02:10:31,       3
2014-01-05 02:10:33,       0
2014-01-05 02:10:35,      -5
2014-01-05 02:10:37,       6
2014-01-05 02:10:39,       7
2014-01-05 02:10:41,       8
2014-01-05 02:10:43,       4
2014-01-05 02:10:45,      -8
2014-01-05 02:10:47,       5
2014-01-05 02:10:49,       7
2014-01-05 02:10:51,       8
2014-01-05 02:10:53,       8
2014-01-05 02:10:55,       9
2014-01-05 02:10:57,       8
2014-01-05 02:10:59,       0
2014-01-05 02:11:01,     -13
2014-01-05 02:11:03,     -13
2014-01-05 02:11:05,       3
2014-01-05 02:11:07,      -6
2014-01-05 02:11:09,       2
2014-01-05 02:11:11,       3
2014-01-05 02:11:13,     -10
2014-01-05 02:11:15,     -15
2014-01-05 02:11:17,       0
2014-01-05 02:11:19,       0
2014-01-05 02:11:21,     -12
2014-01-05 02:11:23,     -16
2014-01-05 02:11:25,       1
2014-01-05 02:11:27,       6
2014-01-05 02:11:29,       4
2014-01-05 02:11:31,      -8
2014-01-05 02:11:33,      20
2014-01-05 02:11:35,      10
2014-01-05 02:11:37,       6
2014-01-05 02:11:39,       8
2014-01-05 02:11:41,       8
2014-01-05 02:11:43,       8
2014-01-05 02:11:45,       9
2014-01-05 02:11:47,       8
2014-01-05 02:11:49,       9
2014-01-05 02:11:51,       8
2014-01-05 02:11:53,       9
2014-01-05 02:11:55,       8
2014-01-05 02:11:57,       9
2014-01-05 02:11:59,      10
2014-01-05 02:12:01,       9
2014-01-05 02:12:03,       8
2014-01-05 02:12:05,      13
2014-01-05 02:12:07,      26
2014-01-05 02:12:09,       2
2014-01-05 02:12:11,     -10
2014-01-05 02:12:13,     -16
2014-01-05 02:12:15,     -10
2014-01-05 02:12:17,       3
2014-01-05 02:12:19,      -8
2014-01-05 02:12:21,     -16
2014-01-05 02:12:23,      -5
2014-01-05 02:12:25,       4
2014-01-05 02:12:27,       7
2014-01-05 02:12:29,       8
2014-01-05 02:12:31,       0
2014-01-05 02:12:33,     -13
2014-01-05 02:12:35,     -17
2014-01-05 02:12:37,     -19
2014-01-05 02:12:39,      -1
2014-01-05 02:12:41,       0
2014-01-05 02:12:43,     -12
2014-01-05 02:12:45,     -16
2014-01-05 02:12:47,     -19
2014-01-05 02:12:49,      -2
2014-01-05 02:12:51,       4
2014-01-05 02:12:53,       6
2014-01-05 02:12:55,      -8
2014-01-05 02:12:57,       4
2014-01-05 02:12:59,       7
2014-01-05 02:13:01,       8
2014-01-05 02:13:03,       8
2014-01-05 02:13:05,       8
2014-01-05 02:13:07,      -1
2014-01-05 02:13:09,       0
2014-01-05 02:13:11,       6
2014-01-05 02:13:13,      -8
2014-01-05 02:13:15,     -15
2014-01-05 02:13:17,     -17
2014-01-05 02:13:19,     -19
2014-01-05 02:13:21,     -18
2014-01-05 02:13:23,       1
2014-01-05 02:13:25,       5
2014-01-05 02:13:27,       2
2014-01-05 02:13:29,      -6
2014-01-05 02:13:31,       5
2014-01-05 02:13:33,       6
2014-01-05 02:13:35,       8
2014-01-05 02:13:37,       5
2014-01-05 02:13:39,      -9
2014-01-05 02:13:41,      20
2014-01-05 02:13:43,      10
2014-01-05 02:13:45,       6
2014-01-05 02:13:47,       6
2014-01-05 02:13:49,      -8
2014-01-05 02:13:51,     -14
2014-01-05 02:13:53,       0
2014-01-05 02:13:55,       1
2014-01-05 02:13:57,      -8
2014-01-05 02:13:59,       4
2014-01-05 02:14:01,       7
2014-01-05 02:14:03,       8
2014-01-05 02:14:05,       6
2014-01-05 02:14:07,      -8
2014-01-05 02:14:09,       4
2014-01-05 02:14:11,       6
2014-01-05 02:14:13,       4
2014-01-05 02:14:15,      -6
2014-01-05 02:14:17,       6
2014-01-05 02:14:19,       7
2014-01-05 02:14:21,       8
2014-01-05 02:14:23,       8
2014-01-05 02:14:25,       8
2014-01-05 02:14:27,      -6
2014-01-05 02:14:29,       4
2014-01-05 02:14:31,       1
2014-01-05 02:14:33,      -6
2014-01-05 02:14:35,       5
2014-01-05 02:14:37,       8
2014-01-05 02:14:39,       8
2014-01-05 02:14:41,       8
2014-01-05 02:14:43,       8
2014-01-05 02:14:45,       9
2014-01-05 02:14:47,      -2
2014-01-05 02:14:49,     -12
2014-01-05 02:14:51,     -12
2014-01-05 02:14:53,       2
2014-01-05 02:14:55,       6
2014-01-05 02:14:57,       8
2014-01-05 02:14:59,       4
2014-01-05 02:15:01,     -10
2014-01-05 02:15:03,     -16
2014-01-05 02:15:05,       0
2014-01-05 02:15:07,      -1
2014-01-05 02:15:09,      -6
2014-01-05 02:15:11,       5
2014-01-05 02:15:13,       6
2014-01-05 02:15:15,       8
2014-01-05 02:15:17,       4
2014-01-05 02:15:19,      -6
2014-01-05 02:15:21,       5
2014-01-05 02:15:23,      -4
2014-01-05 02:15:25,     -14
2014-01-05 02:15:27,      -8
2014-01-05 02:15:29,       3
2014-01-05 02:15:31,      -8
2014-01-05 02:15:33,       2
2014-01-05 02:15:35,       7
2014-01-05 02:15:37,       8
2014-01-05 02:15:39,       8
2014-01-05 02:15:41,       8
2014-01-05 02:15:43,       0
2014-01-05 02:15:45,      -2
2014-01-05 02:15:47,       6
2014-01-05 02:15:49,       7
2014-01-05 02:15:51,      -2
2014-01-05 02:15:53,       0
2014-01-05 02:15:55,       6
2014-01-05 02:15:57,       6
2014-01-05 02:15:59,      -5
2014-01-05 02:16:01,       2
2014-01-05 02:16:03,       7
2014-01-05 02:16:05,       8
2014-01-05 02:16:07,       8
2014-01-05 02:16:09,       8
2014-01-05 02:16:11,       2
2014-01-05 02:16:13,     -10
2014-01-05 02:16:15,     -16
2014-01-05 02:16:17,     -18
2014-01-05 02:16:19,     -18
2014-01-05 02:16:21,      -7
2014-01-05 02:16:23,       3
2014-01-05 02:16:25,      -9
2014-01-05 02:16:27,     -15
2014-01-05 02:16:29,     -18
2014-01-05 02:16:31,     -18
2014-01-05 02:16:33,     -19
2014-01-05 02:16:35,       0
2014-01-05 02:16:37,       6
2014-01-05 02:16:39,       7
2014-01-05 02:16:41,       8
2014-01-05 02:16:43,       8
2014-01-05 02:16:45,      -4
2014-01-05 02:16:47,       2
2014-01-05 02:16:49,       6
2014-01-05 02:16:51,       8
2014-01-05 02:16:53,       8
2014-01-05 02:16:55,      -2
2014-01-05 02:16:57,       0
2014-01-05 02:16:59,       6
2014-01-05 02:17:01,       7
2014-01-05 02:17:03,      -5
2014-01-05 02:17:05,      10
2014-01-05 02:17:07,      24
2014-01-05 02:17:09,      15
2014-01-05 02:17:11,      -3
2014-01-05 02:17:13,       5
2014-01-05 02:17:15,       7
2014-01-05 02:17:17,       6
2014-01-05 02:17:19,      -8
2014-01-05 02:17:21,       4
2014-01-05 02:17:23,       7
2014-01-05 02:17:25,       4
2014-01-05 02:17:27,      -7
2014-01-05 02:17:29,       5
2014-01-05 02:17:31,       6
2014-01-05 02:17:33,      15
2014-01-05 02:17:35,      27
2014-01-05 02:17:37,      17
2014-01-05 02:17:39,      26
2014-01-05 02:17:41,      23
2014-01-05 02:17:43,      14
2014-01-05 02:17:45,      10
2014-01-05 02:17:47,      -7
2014-01-05 02:17:49,     -15
2014-01-05 02:17:51,     -18
2014-01-05 02:17:53,      -9
2014-01-05 02:17:55,       3
2014-01-05 02:17:57,       6
2014-01-05 02:17:59,      -2
2014-01-05 02:18:01,     -13
2014-01-05 02:18:03,     -11
2014-01-05 02:18:05,       3
2014-01-05 02:18:07,       6
2014-01-05 02:18:09,      16
2014-01-05 02:18:11,      23
2014-01-05 02:18:13,       0
2014-01-05 02:18:15,       8
2014-01-05 02:18:17,       8
2014-01-05 02:18:19,       8
2014-01-05 02:18:21,       8
2014-01-05 02:18:23,       8
2014-01-05 02:18:25,       8
2014-01-05 02:18:27,       8
2014-01-05 02:18:29,       8
2014-01-05 02:18:31,       9
2014-01-05 02:18:33,       8
2014-01-05 02:18:35,      -4
2014-01-05 02:18:37,       1
2014-01-05 02:18:39,       4
2014-01-05 02:18:41,      -9
2014-01-05 02:18:43,     -15
2014-01-05 02:18:45,       0
2014-01-05 02:18:47,       5
2014-01-05 02:18:49,       7
2014-01-05 02:18:51,       8
2014-01-05 02:18:53,       8
2014-01-05 02:18:55,       9
2014-01-05 02:18:57,       5
2014-01-05 02:18:59,      -8
2014-01-05 02:19:01,       4
2014-01-05 02:19:03,       6
2014-01-05 02:19:05,      13
2014-01-05 02:19:07,      27
2014-01-05 02:19:09,      17
2014-01-05 02:19:11,      12
2014-01-05 02:19:13,      10
2014-01-05 02:19:15,       5
2014-01-05 02:19:17,      -7
2014-01-05 02:19:19,      20
2014-01-05 02:19:21,      31
2014-01-05 02:19:23,      30
2014-01-05 02:19:25,      17
2014-01-05 02:19:27,      12
2014-01-05 02:19:29,       9
2014-01-05 02:19:31,       9
2014-01-05 02:19:33,      12
2014-01-05 02:19:35,      28
2014-01-05 02:19:37,      19
2014-01-05 02:19:39,      13
2014-01-05 02:19:41,      10
2014-01-05 02:19:43,       6
2014-01-05 02:19:45,      -8
2014-01-05 02:19:47,       5
2014-01-05 02:19:49,       6
2014-01-05 02:19:51,       8
2014-01-05 02:19:53,       8
2014-01-05 02:19:55,       8
2014-01-05 02:19:57,       9
2014-01-05 02:19:59,       8
2014-01-05 02:20:01,       8
2014-01-05 02:20:03,       8
2014-01-05 02:20:05,      -6
2014-01-05 02:20:07,     -15
2014-01-05 02:20:09,      -4
2014-01-05 02:20:11,       3
2014-01-05 02:20:13,      -9
2014-01-05 02:20:15,     -15
2014-01-05 02:20:17,     -19
2014-01-05 02:20:19,     -19
2014-01-05 02:20:21,     -17
2014-01-05 02:20:23,       2
2014-01-05 02:20:25,      -5
2014-01-05 02:20:27,     -14
2014-01-05 02:20:29,     -17
2014-01-05 02:20:31,     -19
2014-01-05 02:20:33,     -19
2014-01-05 02:20:35,     -19
2014-01-05 02:20:37,     -20
2014-01-05 02:20:39,     -20
2014-01-05 02:20:41,     -19
2014-01-05 02:20:43,     -19
2014-01-05 02:20:45,     -20
2014-01-05 02:20:47,     -20
2014-01-05 02:20:49,     -20
2014-01-05 02:20:51,     -34
2014-01-05 02:20:53,     -17
2014-01-05 02:20:55,      -6
2014-01-05 02:20:57,     -15
2014-01-05 02:20:59,     -17
2014-01-05 02:21:01,       0
2014-01-05 02:21:03,      -2
2014-01-05 02:21:05,     -13
2014-01-05 02:21:07,     -16
2014-01-05 02:21:09,     -19
2014-01-05 02:21:11,     -19
2014-01-05 02:21:13,      -7
2014-01-05 02:21:15,       3
2014-01-05 02:21:17,       7
2014-01-05 02:21:19,       8
2014-01-05 02:21:21,       8
2014-01-05 02:21:23,       8
2014-01-05 02:21:25,       8
2014-01-05 02:21:27,       8
2014-01-05 02:21:29,       9
2014-01-05 02:21:31,       8
2014-01-05 02:21:33,      10
2014-01-05 02:21:35,      26
2014-01-05 02:21:37,      20
2014-01-05 02:21:39,      22
2014-01-05 02:21:41,      28
2014-01-05 02:21:43,      17
2014-01-05 02:21:45,      28
2014-01-05 02:21:47,      22
2014-01-05 02:21:49,      21
2014-01-05 02:21:51,      29
2014-01-05 02:21:53,      18
2014-01-05 02:21:55,      26
2014-01-05 02:21:57,      24
2014-01-05 02:21:59,      15
2014-01-05 02:22:01,      11
2014-01-05 02:22:03,      26
2014-01-05 02:22:05,      34
2014-01-05 02:22:07,      36
2014-01-05 02:22:09,      38
2014-01-05 02:22:11,      37
2014-01-05 02:22:13,      23
2014-01-05 02:22:15,      34
2014-01-05 02:22:17,      51
2014-01-05 02:22:19,      45
2014-01-05 02:22:21,      59
2014-01-05 02:22:23,      52
2014-01-05 02:22:25,      43
2014-01-05 02:22:27,      41
2014-01-05 02:22:29,      39
2014-01-05 02:22:31,      39
2014-01-05 02:22:33,      49
2014-01-05 02:22:35,      62
2014-01-05 02:22:37,      66
2014-01-05 02:22:39,      49
2014-01-05 02:22:41,      43
2014-01-05 02:22:43,      39
2014-01-05 02:22:45,      43
2014-01-05 02:22:47,      58
2014-01-05 02:22:49,      49
2014-01-05 02:22:51,      42
2014-01-05 02:22:53,      33
2014-01-05 02:22:55,      17
2014-01-05 02:22:57,      13
2014-01-05 02:22:59,      39
2014-01-05 02:23:01,      48
2014-01-05 02:23:03,      43
2014-01-05 02:23:05,      39
2014-01-05 02:23:07,      23
2014-01-05 02:23:09,      26
2014-01-05 02:23:11,      27
2014-01-05 02:23:13,      15
2014-01-05 02:23:15,      10
2014-01-05 02:23:17,       9
2014-01-05 02:23:19,      19
2014-01-05 02:23:21,      26
2014-01-05 02:23:23,      15
2014-01-05 02:23:25,      10
2014-01-05 02:23:27,       8
2014-01-05 02:23:29,       0
2014-01-05 02:23:31,      -2
2014-01-05 02:23:33,       5
2014-01-05 02:23:35,      -8
2014-01-05 02:23:37,       3
2014-01-05 02:23:39,       6
2014-01-05 02:23:41,       6
2014-01-05 02:23:43,       8
2014-01-05 02:23:45,       8
2014-01-05 02:23:47,      -1
2014-01-05 02:23:49,     -11
2014-01-05 02:23:51,     -17
2014-01-05 02:23:53,     -35
2014-01-05 02:23:55,     -34
2014-01-05 02:23:57,     -25
2014-01-05 02:23:59,     -23
2014-01-05 02:24:01,     -21
2014-01-05 02:24:03,     -35
2014-01-05 02:24:05,     -55
2014-01-05 02:24:07,     -67
2014-01-05 02:24:09,     -58
2014-01-05 02:24:11,     -54
2014-01-05 02:24:13,     -53
2014-01-05 02:24:15,     -53
2014-01-05 02:24:17,     -52
2014-01-05 02:24:19,     -53
2014-01-05 02:24:21,     -67
2014-01-05 02:24:23,     -87
2014-01-05 02:24:25,     -99
2014-01-05 02:24:27,     -89
2014-01-05 02:24:29,     -68
2014-01-05 02:24:31,     -58
2014-01-05 02:24:33,     -54
2014-01-05 02:24:35,     -54
2014-01-05 02:24:37,     -52
2014-01-05 02:24:39,     -68
2014-01-05 02:24:41,     -66
2014-01-05 02:24:43,     -62
2014-01-05 02:24:45,     -75
2014-01-05 02:24:47,     -80
2014-01-05 02:24:49,     -67
2014-01-05 02:24:51,     -67
2014-01-05 02:24:53,     -76
2014-01-05 02:24:55,     -80
2014-01-05 02:24:57,     -81
2014-01-05 02:24:59,     -71
2014-01-05 02:25:01,     -59
2014-01-05 02:25:03,     -58
2014-01-05 02:25:05,     -71
2014-01-05 02:25:07,     -65
2014-01-05 02:25:09,     -46
2014-01-05 02:25:11,     -34
2014-01-05 02:25:13,     -45
2014-01-05 02:25:15,     -32
2014-01-05 02:25:17,     -37
2014-01-05 02:25:19,     -39
2014-01-05 02:25:21,     -29
2014-01-05 02:25:23,     -42
2014-01-05 02:25:25,     -47
2014-01-05 02:25:27,     -40
2014-01-05 02:25:29,     -27
2014-01-05 02:25:31,     -23
2014-01-05 02:25:33,     -20
2014-01-05 02:25:35,     -21
2014-01-05 02:25:37,     -20
2014-01-05 02:25:39,     -10
2014-01-05 02:25:41,       2
2014-01-05 02:25:43,       6
2014-01-05 02:25:45,       7
2014-01-05 02:25:47,       8
2014-01-05 02:25:49,       8
2014-01-05 02:25:51,       8
2014-01-05 02:25:53,      23
2014-01-05 02:25:55,      32
2014-01-05 02:25:57,      36
2014-01-05 02:25:59,      37
2014-01-05 02:26:01,      39
2014-01-05 02:26:03,      39
2014-01-05 02:26:05,      45
2014-01-05 02:26:07,      60
2014-01-05 02:26:09,      67
2014-01-05 02:26:11,      54
2014-01-05 02:26:13,      45
2014-01-05 02:26:15,      46
2014-01-05 02:26:17,      60
2014-01-05 02:26:19,      67
2014-01-05 02:26:21,      69
2014-01-05 02:26:23,      70
2014-01-05 02:26:25,      68
2014-01-05 02:26:27,      51
2014-01-05 02:26:29,      74
2014-01-05 02:26:31,      80
2014-01-05 02:26:33,      78
2014-01-05 02:26:35,      91
2014-01-05 02:26:37,      80
2014-01-05 02:26:39,      75
2014-01-05 02:26:41,      72
2014-01-05 02:26:43,      71
2014-01-05 02:26:45,      71
2014-01-05 02:26:47,      70
2014-01-05 02:26:49,      60
2014-01-05 02:26:51,      58
2014-01-05 02:26:53,      82
2014-01-05 02:26:55,      77
2014-01-05 02:26:57,      86
2014-01-05 02:26:59,      86
2014-01-05 02:27:01,      80
2014-01-05 02:27:03,      91
2014-01-05 02:27:05,      96
2014-01-05 02:27:07,      88
2014-01-05 02:27:09,      77
2014-01-05 02:27:11,      73
2014-01-05 02:27:13,      71
2014-01-05 02:27:15,      70
2014-01-05 02:27:17,      80
2014-01-05 02:27:19,      88
2014-01-05 02:27:21,      78
2014-01-05 02:27:23,      73
2014-01-05 02:27:25,      71
2014-01-05 02:27:27,      63
2014-01-05 02:27:29,      48
2014-01-05 02:27:31,      42
2014-01-05 02:27:33,      40
2014-01-05 02:27:35,      49
2014-01-05 02:27:37,      56
2014-01-05 02:27:39,      45
2014-01-05 02:27:41,      41
2014-01-05 02:27:43,      26
2014-01-05 02:27:45,      15
2014-01-05 02:27:47,      13
2014-01-05 02:27:49,      28
2014-01-05 02:27:51,      34
2014-01-05 02:27:53,      15
2014-01-05 02:27:55,       7
2014-01-05 02:27:57,       6
2014-01-05 02:27:59,      -8
2014-01-05 02:28:01,     -15
2014-01-05 02:28:03,     -18
2014-01-05 02:28:05,      -8
2014-01-05 02:28:07,       2
2014-01-05 02:28:09,      -9
2014-01-05 02:28:11,     -17
2014-01-05 02:28:13,     -19
2014-01-05 02:28:15,     -19
2014-01-05 02:28:17,     -19
2014-01-05 02:28:37,     -34
2014-01-05 02:28:39,     -45
2014-01-05 02:28:41,     -49
2014-01-05 02:28:43,     -51
2014-01-05 02:28:45,     -52
2014-01-05 02:28:47,     -52
2014-01-05 02:28:49,     -52
2014-01-05 02:28:51,     -52
2014-01-05 02:28:53,     -52
2014-01-05 02:28:55,     -53
2014-01-05 02:28:57,     -62
2014-01-05 02:28:59,     -75
2014-01-05 02:29:01,     -79
2014-01-05 02:29:03,     -82
2014-01-05 02:29:05,     -95
2014-01-05 02:29:11,     -99
2014-01-05 02:29:13,     -89
2014-01-05 02:29:15,     -85
2014-01-05 02:29:17,     -84
2014-01-05 02:29:19,     -83
2014-01-05 02:29:21,     -82
2014-01-05 02:29:23,     -83
2014-01-05 02:29:25,    -101
2014-01-05 02:29:27,    -109
2014-01-05 02:29:29,    -112
2014-01-05 02:29:33,    -110
2014-01-05 02:29:35,     -94
2014-01-05 02:29:37,     -86
2014-01-05 02:29:39,     -97
2014-01-05 02:29:41,    -108
2014-01-05 02:29:43,    -111
2014-01-05 02:29:45,    -112
2014-01-05 02:29:47,    -113
2014-01-05 02:29:49,    -105
2014-01-05 02:29:51,     -95
2014-01-05 02:29:53,    -106
2014-01-05 02:29:55,     -77
2014-01-05 02:29:59,     -87
2014-01-05 02:30:01,     -96
2014-01-05 02:30:03,     -91
2014-01-05 02:30:04,    -104
2014-01-05 02:30:05,     -95
2014-01-05 02:30:06,     -78
2014-01-05 02:30:07,     -67
2014-01-05 02:30:08,     -75
2014-01-05 02:30:09,     -62
2014-01-05 02:30:10,     -56
2014-01-05 02:30:11,     -53
2014-01-05 02:30:12,     -52
2014-01-05 02:30:13,     -52
2014-01-05 02:30:14,     -51
2014-01-05 02:30:15,     -51
2014-01-05 02:30:16,     -52
2014-01-05 02:30:17,     -51
2014-01-05 02:30:18,     -52
2014-01-05 02:30:19,     -52
2014-01-05 02:30:20,     -43
2014-01-05 02:30:21,     -32
2014-01-05 02:30:22,     -43
2014-01-05 02:30:24,     -31
2014-01-05 02:30:25,      -5
2014-01-05 02:30:26,       4
2014-01-05 02:30:27,       6
2014-01-05 02:30:28,       8
2014-01-05 02:30:29,       8
2014-01-05 02:30:30,      17
2014-01-05 02:30:32,      27
2014-01-05 02:30:34,      17
2014-01-05 02:30:36,      11
2014-01-05 02:30:38,      35
2014-01-05 02:30:40,      49
2014-01-05 02:30:42,      45
2014-01-05 02:30:44,      60
2014-01-05 02:30:46,      67
2014-01-05 02:30:48,      69
2014-01-05 02:30:50,      65
2014-01-05 02:30:52,      50
2014-01-05 02:30:54,      60
2014-01-05 02:30:56,      79
2014-01-05 02:30:58,      85
2014-01-05 02:31:00,      78
2014-01-05 02:31:02,      91
2014-01-05 02:31:04,      97
2014-01-05 02:31:06,     110
2014-01-05 02:31:08,     119
2014-01-05 02:31:10,     107
2014-01-05 02:31:12,     103
2014-01-05 02:31:14,     101
2014-01-05 02:31:16,     110
2014-01-05 02:31:18,     121
2014-01-05 02:31:20,     108
2014-01-05 02:31:22,     104
2014-01-05 02:31:24,     101
2014-01-05 02:31:26,     101
2014-01-05 02:31:28,     101
2014-01-05 02:31:30,      99
2014-01-05 02:31:32,     114
2014-01-05 02:31:34,     115
2014-01-05 02:31:36,     106
2014-01-05 02:31:38,     103
2014-01-05 02:31:40,     101
2014-01-05 02:31:42,     100
2014-01-05 02:31:44,      93
2014-01-05 02:31:46,      82
2014-01-05 02:31:48,      92
2014-01-05 02:31:50,      97
2014-01-05 02:31:52,      99
2014-01-05 02:31:54,     100
2014-01-05 02:31:56,      99
2014-01-05 02:31:58,      84
2014-01-05 02:32:00,      75
2014-01-05 02:32:02,      72
2014-01-05 02:32:04,      70
2014-01-05 02:32:06,      71
2014-01-05 02:32:08,      69
2014-01-05 02:32:10,      58
2014-01-05 02:32:12,      46
2014-01-05 02:32:14,      41
2014-01-05 02:32:16,      39
2014-01-05 02:32:18,      52
2014-01-05 02:32:20,      45
2014-01-05 02:32:22,      26
2014-01-05 02:32:24,      32
2014-01-05 02:32:26,       4
2014-01-05 02:32:28,     -10
2014-01-05 02:32:30,     -16
2014-01-05 02:32:32,     -21
2014-01-05 02:32:34,     -39
2014-01-05 02:32:36,     -32
2014-01-05 02:32:38,     -34
2014-01-05 02:32:40,     -41
2014-01-05 02:32:42,     -30
2014-01-05 02:32:44,     -41
2014-01-05 02:32:46,     -48
2014-01-05 02:32:48,     -56
2014-01-05 02:32:50,     -73
2014-01-05 02:32:52,     -80
2014-01-05 02:32:54,     -67
2014-01-05 02:32:56,     -58
2014-01-05 02:32:58,     -54
2014-01-05 02:33:00,     -54
2014-01-05 02:33:02,     -70
2014-01-05 02:33:04,     -79
2014-01-05 02:33:06,     -88
2014-01-05 02:33:08,    -104
2014-01-05 02:33:10,    -111
2014-01-05 02:33:12,    -128
2014-01-05 02:33:14,    -128
2014-01-05 02:33:16,    -119
2014-01-05 02:33:18,    -118
2014-01-05 02:33:20,    -132
2014-01-05 02:33:22,    -140
2014-01-05 02:33:24,    -143
2014-01-05 02:33:26,    -141
2014-01-05 02:33:28,    -126
2014-01-05 02:33:30,    -136
2014-01-05 02:33:32,    -141
2014-01-05 02:33:34,    -137
2014-01-05 02:33:36,    -123
2014-01-05 02:33:38,    -119
2014-01-05 02:33:40,    -117
2014-01-05 02:33:42,    -115
2014-01-05 02:33:44,    -114
2014-01-05 02:33:46,    -114
2014-01-05 02:33:48,    -114
2014-01-05 02:33:50,    -126
2014-01-05 02:33:52,    -132
2014-01-05 02:33:54,    -121
2014-01-05 02:33:56,    -117
2014-01-05 02:33:58,    -100
2014-01-05 02:34:00,     -99
2014-01-05 02:34:02,    -113
2014-01-05 02:34:04,    -130
2014-01-05 02:34:06,    -106
2014-01-05 02:34:08,    -104
2014-01-05 02:34:10,    -102
2014-01-05 02:34:12,     -91
2014-01-05 02:34:14,     -86
2014-01-05 02:34:16,     -68
2014-01-05 02:34:18,     -58
2014-01-05 02:34:20,     -48
2014-01-05 02:34:22,     -32
2014-01-05 02:34:24,     -43
2014-01-05 02:34:26,     -48
2014-01-05 02:34:28,     -41
2014-01-05 02:34:30,     -17
2014-01-05 02:34:32,       0
2014-01-05 02:34:34,       5
2014-01-05 02:34:36,       7
2014-01-05 02:34:38,       9
2014-01-05 02:34:40,       9
2014-01-05 02:34:42,      26
2014-01-05 02:34:44,      34
2014-01-05 02:34:46,      28
2014-01-05 02:34:48,      21
2014-01-05 02:34:50,      31
2014-01-05 02:34:52,      36
2014-01-05 02:34:54,      49
2014-01-05 02:34:56,      56
2014-01-05 02:34:58,      48
2014-01-05 02:35:00,      60
2014-01-05 02:35:02,      67
2014-01-05 02:35:04,      69
2014-01-05 02:35:06,      71
2014-01-05 02:35:08,      71
2014-01-05 02:35:10,      86
2014-01-05 02:35:12,      95
2014-01-05 02:35:14,      99
2014-01-05 02:35:16,     103
2014-01-05 02:35:18,     119
2014-01-05 02:35:20,     112
2014-01-05 02:35:22,     116
2014-01-05 02:35:24,     125
2014-01-05 02:35:26,     128
2014-01-05 02:35:28,     113
2014-01-05 02:35:30,     119
2014-01-05 02:35:32,     118
2014-01-05 02:35:34,     112
2014-01-05 02:35:36,     123
2014-01-05 02:35:38,     128
2014-01-05 02:35:40,     142
2014-01-05 02:35:42,     154
2014-01-05 02:35:44,     158
2014-01-05 02:35:46,     144
2014-01-05 02:35:48,     137
2014-01-05 02:35:50,     134
2014-01-05 02:35:52,     133
2014-01-05 02:35:54,     132
2014-01-05 02:35:56,     132
2014-01-05 02:35:58,     133
2014-01-05 02:36:00,     125
2014-01-05 02:36:02,     110
2014-01-05 02:36:04,     104
2014-01-05 02:36:06,     101
2014-01-05 02:36:08,     100
2014-01-05 02:36:10,     100
2014-01-05 02:36:12,      99
2014-01-05 02:36:14,     100
2014-01-05 02:36:16,      88
2014-01-05 02:36:18,      77
2014-01-05 02:36:20,      70
2014-01-05 02:36:22,      52
2014-01-05 02:36:24,      43
2014-01-05 02:36:26,      50
2014-01-05 02:36:28,      62
2014-01-05 02:36:30,      66
2014-01-05 02:36:32,      50
2014-01-05 02:36:34,      43
2014-01-05 02:36:36,      40
2014-01-05 02:36:38,      36
2014-01-05 02:36:40,      19
2014-01-05 02:36:42,      13
2014-01-05 02:36:44,       9
2014-01-05 02:36:46,       2
2014-01-05 02:36:48,     -11
2014-01-05 02:36:50,     -17
2014-01-05 02:36:52,     -19
2014-01-05 02:36:54,     -20
2014-01-05 02:36:56,     -25
2014-01-05 02:36:58,     -41
2014-01-05 02:37:00,     -49
2014-01-05 02:37:02,     -50
2014-01-05 02:37:04,     -52
2014-01-05 02:37:06,     -52
2014-01-05 02:37:08,     -53
2014-01-05 02:37:10,     -67
2014-01-05 02:37:12,     -76
2014-01-05 02:37:14,     -80
2014-01-05 02:37:16,     -82
2014-01-05 02:37:18,     -82
2014-01-05 02:37:20,     -97
2014-01-05 02:37:22,    -108
2014-01-05 02:37:24,    -112
2014-01-05 02:37:26,    -114
2014-01-05 02:37:28,    -114
2014-01-05 02:37:30,    -114
2014-01-05 02:37:32,    -119
2014-01-05 02:37:34,    -135
2014-01-05 02:37:36,    -141
2014-01-05 02:37:38,    -144
2014-01-05 02:37:40,    -145
2014-01-05 02:37:42,    -145
2014-01-05 02:37:44,    -145
2014-01-05 02:37:46,    -145
2014-01-05 02:37:48,    -145
2014-01-05 02:37:50,    -145
2014-01-05 02:37:52,    -145
2014-01-05 02:37:54,    -145
2014-01-05 02:37:56,    -145
2014-01-05 02:37:58,    -145
2014-01-05 02:38:00,    -145
2014-01-05 02:38:02,    -145
2014-01-05 02:38:04,    -145
2014-01-05 02:38:06,    -145
2014-01-05 02:38:08,    -145
2014-01-05 02:38:10,    -143
2014-01-05 02:38:12,    -126
2014-01-05 02:38:14,    -133
2014-01-05 02:38:16,    -141
2014-01-05 02:38:18,    -138
2014-01-05 02:38:20,    -124
2014-01-05 02:38:22,    -118
2014-01-05 02:38:24,    -116
2014-01-05 02:38:26,    -114
2014-01-05 02:38:28,    -112
2014-01-05 02:38:30,     -94
2014-01-05 02:38:32,    -103
2014-01-05 02:38:34,     -99
2014-01-05 02:38:36,     -83
2014-01-05 02:38:38,     -65
2014-01-05 02:38:40,     -74
2014-01-05 02:38:42,     -65
2014-01-05 02:38:44,     -58
2014-01-05 02:38:46,     -53
2014-01-05 02:38:48,     -53
2014-01-05 02:38:50,     -52
2014-01-05 02:38:52,     -39
2014-01-05 02:38:54,     -13
2014-01-05 02:38:56,       0
2014-01-05 02:38:58,       6
2014-01-05 02:39:00,       7
2014-01-05 02:39:02,      18
2014-01-05 02:39:04,      31
2014-01-05 02:39:06,      36
2014-01-05 02:39:08,      54
2014-01-05 02:39:10,      53
2014-01-05 02:39:12,      44
2014-01-05 02:39:14,      43
2014-01-05 02:39:16,      59
2014-01-05 02:39:18,      66
2014-01-05 02:39:20,      69
2014-01-05 02:39:22,      75
2014-01-05 02:39:24,      90
2014-01-05 02:39:26,      97
2014-01-05 02:39:28,      99
2014-01-05 02:39:30,      99
2014-01-05 02:39:32,     102
2014-01-05 02:39:34,     119
2014-01-05 02:39:36,     111
2014-01-05 02:39:38,     105
2014-01-05 02:39:40,     108
2014-01-05 02:39:42,     123
2014-01-05 02:39:44,     128
2014-01-05 02:39:46,     130
2014-01-05 02:39:48,     132
2014-01-05 02:39:50,     132
2014-01-05 02:39:52,     132
2014-01-05 02:39:54,     132
2014-01-05 02:39:56,     133
2014-01-05 02:39:58,     132
2014-01-05 02:40:00,     132
2014-01-05 02:40:02,     132
2014-01-05 02:40:04,     147
2014-01-05 02:40:06,     147
2014-01-05 02:40:08,     141
2014-01-05 02:40:10,     152
2014-01-05 02:40:12,     143
2014-01-05 02:40:14,     136
2014-01-05 02:40:16,     141
2014-01-05 02:40:18,     151
2014-01-05 02:40:20,     141
2014-01-05 02:40:22,     136
2014-01-05 02:40:24,     123
2014-01-05 02:40:26,     110
2014-01-05 02:40:28,     104
2014-01-05 02:40:30,      86
2014-01-05 02:40:32,      88
2014-01-05 02:40:34,      88
2014-01-05 02:40:36,      74
2014-01-05 02:40:38,      52
2014-01-05 02:40:40,      59
2014-01-05 02:40:42,      75
2014-01-05 02:40:44,      80
2014-01-05 02:40:46,      56
2014-01-05 02:40:48,      44
2014-01-05 02:40:50,      40
2014-01-05 02:40:52,      30
2014-01-05 02:40:54,      17
2014-01-05 02:40:56,      12
2014-01-05 02:40:58,       8
2014-01-05 02:41:00,       8
2014-01-05 02:41:02,       8
2014-01-05 02:41:04,       6
2014-01-05 02:41:06,      -8
2014-01-05 02:41:08,     -16
2014-01-05 02:41:10,     -28
2014-01-05 02:41:12,     -39
2014-01-05 02:41:14,     -28
2014-01-05 02:41:16,     -41
2014-01-05 02:41:18,     -35
2014-01-05 02:41:20,     -34
2014-01-05 02:41:22,     -47
2014-01-05 02:41:24,     -68
2014-01-05 02:41:26,     -77
2014-01-05 02:41:28,     -81
2014-01-05 02:41:30,     -86
2014-01-05 02:41:32,    -103
2014-01-05 02:41:34,     -93
2014-01-05 02:41:36,    -101
2014-01-05 02:41:38,    -116
2014-01-05 02:41:40,    -133
2014-01-05 02:41:42,    -141
2014-01-05 02:41:44,    -143
2014-01-05 02:41:46,    -144
2014-01-05 02:41:48,    -145
2014-01-05 02:41:50,    -145
2014-01-05 02:41:52,    -145
2014-01-05 02:41:54,    -144
2014-01-05 02:41:56,    -145
2014-01-05 02:41:58,    -145
2014-01-05 02:42:00,    -145
2014-01-05 02:42:02,    -145
2014-01-05 02:42:04,    -145
2014-01-05 02:42:06,    -145
2014-01-05 02:42:08,    -144
2014-01-05 02:42:10,    -145
2014-01-05 02:42:12,    -145
2014-01-05 02:42:14,    -145
2014-01-05 02:42:16,    -145
2014-01-05 02:42:18,    -144
2014-01-05 02:42:20,    -129
2014-01-05 02:42:22,    -132
2014-01-05 02:42:24,    -133
2014-01-05 02:42:26,    -123
2014-01-05 02:42:28,    -118
2014-01-05 02:42:30,    -115
2014-01-05 02:42:32,    -114
2014-01-05 02:42:34,    -110
2014-01-05 02:42:36,     -94
2014-01-05 02:42:38,    -104
2014-01-05 02:42:40,     -97
2014-01-05 02:42:42,     -88
2014-01-05 02:42:44,     -84
2014-01-05 02:42:46,     -83
2014-01-05 02:42:48,     -68
2014-01-05 02:42:50,     -58
2014-01-05 02:42:52,     -54
2014-01-05 02:42:54,     -51
2014-01-05 02:42:56,     -34
2014-01-05 02:42:58,     -23
2014-01-05 02:43:00,     -22
2014-01-05 02:43:02,     -10
2014-01-05 02:43:04,       3
2014-01-05 02:43:06,       7
2014-01-05 02:43:08,      19
2014-01-05 02:43:10,      32
2014-01-05 02:43:12,      36
2014-01-05 02:43:14,      37
2014-01-05 02:43:16,      39
2014-01-05 02:43:18,      39
2014-01-05 02:43:20,      39
2014-01-05 02:43:22,      39
2014-01-05 02:43:24,      39
2014-01-05 02:43:26,      51
2014-01-05 02:43:28,      70
2014-01-05 02:43:30,      87
2014-01-05 02:43:32,      78
2014-01-05 02:43:34,      88
2014-01-05 02:43:36,      86
2014-01-05 02:43:38,      86
2014-01-05 02:43:40,     112
2014-01-05 02:43:42,     108
2014-01-05 02:43:44,     104
2014-01-05 02:43:46,     101
2014-01-05 02:43:48,     101
2014-01-05 02:43:50,     100
2014-01-05 02:43:52,     101
2014-01-05 02:43:54,     112
2014-01-05 02:43:56,     123
2014-01-05 02:43:58,     128
2014-01-05 02:44:00,     113
2014-01-05 02:44:02,     132
2014-01-05 02:44:04,     143
2014-01-05 02:44:06,     139
2014-01-05 02:44:08,     153
2014-01-05 02:44:10,     143
2014-01-05 02:44:12,     147
2014-01-05 02:44:14,     150
2014-01-05 02:44:16,     141
2014-01-05 02:44:18,     135
2014-01-05 02:44:20,     134
2014-01-05 02:44:22,     133
2014-01-05 02:44:24,     132
2014-01-05 02:44:26,     132
2014-01-05 02:44:28,     132
2014-01-05 02:44:30,     132
2014-01-05 02:44:32,     132
2014-01-05 02:44:34,     130
2014-01-05 02:44:36,     114
2014-01-05 02:44:38,     121
2014-01-05 02:44:40,     128
2014-01-05 02:44:42,     125
2014-01-05 02:44:44,     110
2014-01-05 02:44:46,     104
2014-01-05 02:44:48,     101
2014-01-05 02:44:50,     101
2014-01-05 02:44:52,      95
2014-01-05 02:44:54,      62
2014-01-05 02:44:56,      62
2014-01-05 02:44:58,      67
2014-01-05 02:45:00,      69
2014-01-05 02:45:02,      69
2014-01-05 02:45:03,      52
2014-01-05 02:45:05,      43
2014-01-05 02:45:07,      39
2014-01-05 02:45:09,      37
2014-01-05 02:45:11,      19
2014-01-05 02:45:13,      13
2014-01-05 02:45:15,       9
2014-01-05 02:45:17,       9
2014-01-05 02:45:19,       8
2014-01-05 02:45:21,       7
2014-01-05 02:45:23,     -19
2014-01-05 02:45:25,     -31
2014-01-05 02:45:27,     -23
2014-01-05 02:45:29,     -22
2014-01-05 02:45:31,     -38
2014-01-05 02:45:33,     -58
2014-01-05 02:45:35,     -73
2014-01-05 02:45:37,     -80
2014-01-05 02:45:39,     -82
2014-01-05 02:45:41,     -82
2014-01-05 02:45:43,     -93
2014-01-05 02:45:45,    -102
2014-01-05 02:45:47,     -91
2014-01-05 02:45:49,    -104
2014-01-05 02:45:51,     -97
2014-01-05 02:45:53,     -96
2014-01-05 02:45:55,    -108
2014-01-05 02:45:57,    -112
2014-01-05 02:45:59,    -113
2014-01-05 02:46:01,    -123
2014-01-05 02:46:03,    -133
2014-01-05 02:46:05,    -123
2014-01-05 02:46:07,    -134
2014-01-05 02:46:09,    -141
2014-01-05 02:46:11,    -151
2014-01-05 02:46:13,    -167
2014-01-05 02:46:15,    -172
2014-01-05 02:46:17,    -159
2014-01-05 02:46:19,    -149
2014-01-05 02:46:21,    -153
2014-01-05 02:46:23,    -166
2014-01-05 02:46:25,    -154
2014-01-05 02:46:27,    -149
2014-01-05 02:46:29,    -146
2014-01-05 02:46:31,    -145
2014-01-05 02:46:33,    -145
2014-01-05 02:46:35,    -145
2014-01-05 02:46:37,    -133
2014-01-05 02:46:39,    -128
2014-01-05 02:46:41,    -138
2014-01-05 02:46:43,    -141
2014-01-05 02:46:45,    -144
2014-01-05 02:46:47,    -135
2014-01-05 02:46:49,    -122
2014-01-05 02:46:51,    -117
2014-01-05 02:46:53,    -116
2014-01-05 02:46:55,    -115
2014-01-05 02:46:57,    -108
2014-01-05 02:46:59,     -93
2014-01-05 02:47:01,     -86
2014-01-05 02:47:03,     -69
2014-01-05 02:47:05,     -67
2014-01-05 02:47:07,     -72
2014-01-05 02:47:09,     -59
2014-01-05 02:47:11,     -54
2014-01-05 02:47:13,     -52
2014-01-05 02:47:15,     -43
2014-01-05 02:47:17,     -28
2014-01-05 02:47:19,     -23
2014-01-05 02:47:21,     -21
2014-01-05 02:47:23,      -2
2014-01-05 02:47:25,       0
2014-01-05 02:47:27,      -6
2014-01-05 02:47:29,       5
2014-01-05 02:47:31,      21
2014-01-05 02:47:33,      22
2014-01-05 02:47:35,      21
2014-01-05 02:47:37,      50
2014-01-05 02:47:39,      46
2014-01-05 02:47:41,      55
2014-01-05 02:47:43,      70
2014-01-05 02:47:45,      87
2014-01-05 02:47:47,      78
2014-01-05 02:47:49,      74
2014-01-05 02:47:51,      81
2014-01-05 02:47:53,      93
2014-01-05 02:47:55,      98
2014-01-05 02:47:57,     116
2014-01-05 02:47:59,     126
2014-01-05 02:48:01,     130
2014-01-05 02:48:03,     131
2014-01-05 02:48:05,     132
2014-01-05 02:48:07,     132
2014-01-05 02:48:09,     132
2014-01-05 02:48:11,     132
2014-01-05 02:48:13,     133
2014-01-05 02:48:15,     149
2014-01-05 02:48:17,     144
2014-01-05 02:48:19,     145
2014-01-05 02:48:21,     155
2014-01-05 02:48:23,     160
2014-01-05 02:48:25,     146
2014-01-05 02:48:27,     148
2014-01-05 02:48:29,     151
2014-01-05 02:48:31,     141
2014-01-05 02:48:33,     152
2014-01-05 02:48:35,     158
2014-01-05 02:48:37,     152
2014-01-05 02:48:39,     141
2014-01-05 02:48:41,     136
2014-01-05 02:48:43,     149
2014-01-05 02:48:45,     158
2014-01-05 02:48:47,     154
2014-01-05 02:48:49,     140
2014-01-05 02:48:51,     117
2014-01-05 02:48:53,     106
2014-01-05 02:48:55,     103
2014-01-05 02:48:57,     101
2014-01-05 02:48:59,     101
2014-01-05 02:49:01,     100
2014-01-05 02:49:03,      99
2014-01-05 02:49:05,      93
2014-01-05 02:49:07,      79
2014-01-05 02:49:09,      74
2014-01-05 02:49:11,      71
2014-01-05 02:49:13,      60
2014-01-05 02:49:15,      51
2014-01-05 02:49:17,      60
2014-01-05 02:49:19,      32
2014-01-05 02:49:21,      30
2014-01-05 02:49:23,      34
2014-01-05 02:49:25,      36
2014-01-05 02:49:27,      38
2014-01-05 02:49:29,      23
2014-01-05 02:49:31,      14
2014-01-05 02:49:33,       4
2014-01-05 02:49:35,     -10
2014-01-05 02:49:37,     -16
2014-01-05 02:49:39,     -19
2014-01-05 02:49:41,     -28
2014-01-05 02:49:43,     -43
2014-01-05 02:49:45,     -49
2014-01-05 02:49:47,     -67
2014-01-05 02:49:49,     -67
2014-01-05 02:49:51,     -57
2014-01-05 02:49:53,     -56
2014-01-05 02:49:55,     -72
2014-01-05 02:49:57,     -93
2014-01-05 02:49:59,     -96
2014-01-05 02:50:01,     -93
2014-01-05 02:50:03,    -106
2014-01-05 02:50:05,    -111
2014-01-05 02:50:07,    -126
2014-01-05 02:50:09,    -137
2014-01-05 02:50:11,    -142
2014-01-05 02:50:13,    -144
2014-01-05 02:50:15,    -144
2014-01-05 02:50:17,    -145
2014-01-05 02:50:19,    -145
2014-01-05 02:50:21,    -145
2014-01-05 02:50:23,    -145
2014-01-05 02:50:25,    -145
2014-01-05 02:50:27,    -145
2014-01-05 02:50:29,    -145
2014-01-05 02:50:31,    -145
2014-01-05 02:50:33,    -145
2014-01-05 02:50:35,    -145
2014-01-05 02:50:37,    -151
2014-01-05 02:50:39,    -167
2014-01-05 02:50:41,    -173
2014-01-05 02:50:43,    -162
2014-01-05 02:50:45,    -151
2014-01-05 02:50:47,    -147
2014-01-05 02:50:49,    -145
2014-01-05 02:50:51,    -145
2014-01-05 02:50:53,    -145
2014-01-05 02:50:55,    -145
2014-01-05 02:50:57,    -145
2014-01-05 02:50:59,    -145
2014-01-05 02:51:01,    -115
2014-01-05 02:51:03,    -105
2014-01-05 02:51:05,    -111
2014-01-05 02:51:07,    -113
2014-01-05 02:51:09,    -114
2014-01-05 02:51:11,    -101
2014-01-05 02:51:13,     -96
2014-01-05 02:51:15,    -105
2014-01-05 02:51:17,     -92
2014-01-05 02:51:19,     -86
2014-01-05 02:51:21,     -94
2014-01-05 02:51:23,     -96
2014-01-05 02:51:25,     -69
2014-01-05 02:51:27,     -59
2014-01-05 02:51:29,     -54
2014-01-05 02:51:31,     -53
2014-01-05 02:51:33,     -49
2014-01-05 02:51:35,     -32
2014-01-05 02:51:37,     -24
2014-01-05 02:51:39,     -21
2014-01-05 02:51:41,      -6
2014-01-05 02:51:43,       5
2014-01-05 02:51:45,      23
2014-01-05 02:51:47,      33
2014-01-05 02:51:49,      28
2014-01-05 02:51:51,      19
2014-01-05 02:51:53,      32
2014-01-05 02:51:55,      36
2014-01-05 02:51:57,      38
2014-01-05 02:51:59,      39
2014-01-05 02:52:01,      41
2014-01-05 02:52:03,      58
2014-01-05 02:52:05,      65
2014-01-05 02:52:07,      78
2014-01-05 02:52:09,      91
2014-01-05 02:52:11,      97
2014-01-05 02:52:13,      84
2014-01-05 02:52:15,     101
2014-01-05 02:52:17,     113
2014-01-05 02:52:19,     108
2014-01-05 02:52:21,     123
2014-01-05 02:52:23,     128
2014-01-05 02:52:25,     131
2014-01-05 02:52:27,     137
2014-01-05 02:52:29,     151
2014-01-05 02:52:31,     158
2014-01-05 02:52:33,     161
2014-01-05 02:52:35,     154
2014-01-05 02:52:37,     141
2014-01-05 02:52:39,     136
2014-01-05 02:52:41,     148
2014-01-05 02:52:43,     147
2014-01-05 02:52:45,     143
2014-01-05 02:52:47,     153
2014-01-05 02:52:49,     144
2014-01-05 02:52:51,     149
2014-01-05 02:52:53,     149
2014-01-05 02:52:55,     139
2014-01-05 02:52:57,     136
2014-01-05 02:52:59,     149
2014-01-05 02:53:01,     146
2014-01-05 02:53:03,     138
2014-01-05 02:53:05,     135
2014-01-05 02:53:07,     134
2014-01-05 02:53:09,     145
2014-01-05 02:53:11,     147
2014-01-05 02:53:13,     138
2014-01-05 02:53:15,     134
2014-01-05 02:53:17,     132
2014-01-05 02:53:19,     121
2014-01-05 02:53:21,     108
2014-01-05 02:53:23,     103
2014-01-05 02:53:25,     101
2014-01-05 02:53:27,     100
2014-01-05 02:53:29,     100
2014-01-05 02:53:31,      99
2014-01-05 02:53:33,      99
2014-01-05 02:53:35,      83
2014-01-05 02:53:37,      87
2014-01-05 02:53:39,      88
2014-01-05 02:53:41,      77
2014-01-05 02:53:43,      73
2014-01-05 02:53:45,      71
2014-01-05 02:53:47,      59
2014-01-05 02:53:49,      45
2014-01-05 02:53:51,      40
2014-01-05 02:53:53,      21
2014-01-05 02:53:55,      26
2014-01-05 02:53:57,      25
2014-01-05 02:53:59,      10
2014-01-05 02:54:01,      -8
2014-01-05 02:54:03,     -15
2014-01-05 02:54:05,     -19
2014-01-05 02:54:07,     -20
2014-01-05 02:54:09,     -21
2014-01-05 02:54:11,     -39
2014-01-05 02:54:13,     -62
2014-01-05 02:54:15,     -75
2014-01-05 02:54:17,     -77
2014-01-05 02:54:19,     -63
2014-01-05 02:54:21,     -73
2014-01-05 02:54:23,     -91
2014-01-05 02:54:25,    -106
2014-01-05 02:54:27,    -112
2014-01-05 02:54:29,    -113
2014-01-05 02:54:31,     -99
2014-01-05 02:54:33,     -88
2014-01-05 02:54:35,     -90
2014-01-05 02:54:37,    -105
2014-01-05 02:54:39,    -110
2014-01-05 02:54:41,    -113
2014-01-05 02:54:43,    -121
2014-01-05 02:54:45,    -136
2014-01-05 02:54:47,    -142
2014-01-05 02:54:49,    -144
2014-01-05 02:54:51,    -145
2014-01-05 02:54:53,    -145
2014-01-05 02:54:55,    -145
2014-01-05 02:54:57,    -145
2014-01-05 02:54:59,    -160
2014-01-05 02:55:01,    -161
2014-01-05 02:55:03,    -151
2014-01-05 02:55:05,    -148
2014-01-05 02:55:07,    -147
2014-01-05 02:55:09,    -158
2014-01-05 02:55:11,    -169
2014-01-05 02:55:13,    -173
2014-01-05 02:55:15,    -157
2014-01-05 02:55:17,    -164
2014-01-05 02:55:19,    -171
2014-01-05 02:55:21,    -170
2014-01-05 02:55:23,    -156
2014-01-05 02:55:25,    -149
2014-01-05 02:55:27,    -147