2014-01-05 02:00:01,    -22
2014-01-05 02:00:03,    -25
2014-01-05 02:00:05,    -28
2014-01-05 02:00:07,    -29
2014-01-05 02:00:09,    -31
2014-01-05 02:00:11,    -30
2014-01-05 02:00:13,    -31
2014-01-05 02:00:15,    -32
2014-01-05 02:00:17,    -32
2014-01-05 02:00:19,    -30
2014-01-05 02:00:21,    -30
2014-01-05 02:00:23,    -29
2014-01-05 02:00:25,    -27
2014-01-05 02:00:27,    -25
2014-01-05 02:00:29,    -23
2014-01-05 02:00:31,    -21
2014-01-05 02:00:33,    -18
2014-01-05 02:00:35,    -14
2014-01-05 02:00:37,    -13
2014-01-05 02:00:39,     -8
2014-01-05 02:00:41,     -6
2014-01-05 02:00:43,     -1
2014-01-05 02:00:45,      1
2014-01-05 02:00:47,      4
2014-01-05 02:00:49,      6
2014-01-05 02:00:51,      9
2014-01-05 02:00:53,     11
2014-01-05 02:00:55,     11
2014-01-05 02:00:57,     11
2014-01-05 02:00:59,     11
2014-01-05 02:01:01,     11
2014-01-05 02:01:03,      8
2014-01-05 02:01:05,      6
2014-01-05 02:01:07,      2
2014-01-05 02:01:09,      0
2014-01-05 02:01:11,     -4
2014-01-05 02:01:13,     -9
2014-01-05 02:01:15,    -15
2014-01-05 02:01:17,    -20
2014-01-05 02:01:19,    -23
2014-01-05 02:01:21,    -26
2014-01-05 02:01:23,    -29
2014-01-05 02:01:25,    -30
2014-01-05 02:01:27,    -32
2014-01-05 02:01:29,    -34
2014-01-05 02:01:31,    -34
2014-01-05 02:01:33,    -35
2014-01-05 02:01:35,    -35
2014-01-05 02:01:37,    -34
2014-01-05 02:01:39,    -36
2014-01-05 02:01:41,    -36
2014-01-05 02:01:43,    -35
2014-01-05 02:01:45,    -34
2014-01-05 02:01:47,    -33
2014-01-05 02:01:49,    -30
2014-01-05 02:01:51,    -28
2014-01-05 02:01:53,    -25
2014-01-05 02:01:55,    -21
2014-01-05 02:01:57,    -16
2014-01-05 02:01:59,    -12
2014-01-05 02:02:01,     -5
2014-01-05 02:02:03,      1
2014-01-05 02:02:05,      8
2014-01-05 02:02:07,     16
2014-01-05 02:02:09,     21
2014-01-05 02:02:11,     26
2014-01-05 02:02:13,     28
2014-01-05 02:02:15,     31
2014-01-05 02:02:17,     32
2014-01-05 02:02:19,     33
2014-01-05 02:02:21,     33
2014-01-05 02:02:23,     33
2014-01-05 02:02:25,     33
2014-01-05 02:02:27,     33
2014-01-05 02:02:29,     30
2014-01-05 02:02:31,     30
2014-01-05 02:02:33,     28
2014-01-05 02:02:35,     25
2014-01-05 02:02:37,     22
2014-01-05 02:02:39,     20
2014-01-05 02:02:41,     17
2014-01-05 02:02:43,     13
2014-01-05 02:02:45,      9
2014-01-05 02:02:47,      6
2014-01-05 02:02:49,      3
2014-01-05 02:02:51,      0
2014-01-05 02:02:53,     -4
2014-01-05 02:02:55,     -8
2014-01-05 02:02:57,    -11
2014-01-05 02:02:59,    -13
2014-01-05 02:03:01,    -15
2014-01-05 02:03:03,    -16
2014-01-05 02:03:05,    -16
2014-01-05 02:03:07,    -15
2014-01-05 02:03:09,    -14
2014-01-05 02:03:11,    -13
2014-01-05 02:03:13,    -11
2014-01-05 02:03:15,     -8
2014-01-05 02:03:17,     -6
2014-01-05 02:03:19,     -1
2014-01-05 02:03:21,      3
2014-01-05 02:03:23,      7
2014-01-05 02:03:25,     12
2014-01-05 02:03:27,     15
2014-01-05 02:03:29,     19
2014-01-05 02:03:31,     21
2014-01-05 02:03:33,     23
2014-01-05 02:03:35,     24
2014-01-05 02:03:37,     26
2014-01-05 02:03:39,     26
2014-01-05 02:03:41,     27
2014-01-05 02:03:43,     27
2014-01-05 02:03:45,     27
2014-01-05 02:03:47,     27
2014-01-05 02:03:49,     27
2014-01-05 02:03:51,     27
2014-01-05 02:03:53,     25
2014-01-05 02:03:55,     24
2014-01-05 02:03:57,     22
2014-01-05 02:03:59,     20
2014-01-05 02:04:01,     16
2014-01-05 02:04:03,     13
2014-01-05 02:04:05,     10
2014-01-05 02:04:07,      6
2014-01-05 02:04:09,      1
2014-01-05 02:04:11,     -4
2014-01-05 02:04:13,    -12
2014-01-05 02:04:15,    -17
2014-01-05 02:04:17,    -22
2014-01-05 02:04:19,    -26
2014-01-05 02:04:21,    -28
2014-01-05 02:04:23,    -29
2014-01-05 02:04:25,    -30
2014-01-05 02:04:27,    -31
2014-01-05 02:04:29,    -31
2014-01-05 02:04:31,    -31
2014-01-05 02:04:33,    -32
2014-01-05 02:04:35,    -30
2014-01-05 02:04:37,    -30
2014-01-05 02:04:39,    -28
2014-01-05 02:04:41,    -27
2014-01-05 02:04:43,    -25
2014-01-05 02:04:45,    -22
2014-01-05 02:04:47,    -20
2014-01-05 02:04:49,    -17
2014-01-05 02:04:51,    -14
2014-01-05 02:04:53,    -11
2014-01-05 02:04:55,     -8
2014-01-05 02:04:57,     -5
2014-01-05 02:04:59,     -2
2014-01-05 02:05:01,      2
2014-01-05 02:05:03,      5
2014-01-05 02:05:05,      8
2014-01-05 02:05:07,      9
2014-01-05 02:05:09,     11
2014-01-05 02:05:11,     11
2014-01-05 02:05:13,     12
2014-01-05 02:05:15,     11
2014-01-05 02:05:17,     10
2014-01-05 02:05:19,      8
2014-01-05 02:05:21,      6
2014-01-05 02:05:23,      3
2014-01-05 02:05:25,      0
2014-01-05 02:05:27,     -5
2014-01-05 02:05:29,    -10
2014-01-05 02:05:31,    -15
2014-01-05 02:05:33,    -19
2014-01-05 02:05:35,    -23
2014-01-05 02:05:37,    -27
2014-01-05 02:05:39,    -28
2014-01-05 02:05:41,    -30
2014-01-05 02:05:43,    -33
2014-01-05 02:05:45,    -34
2014-01-05 02:05:47,    -34
2014-01-05 02:05:49,    -35
2014-01-05 02:05:51,    -35
2014-01-05 02:05:53,    -35
2014-01-05 02:05:55,    -35
2014-01-05 02:05:57,    -35
2014-01-05 02:05:59,    -34
2014-01-05 02:06:01,    -34
2014-01-05 02:06:03,    -32
2014-01-05 02:06:05,    -30
2014-01-05 02:06:07,    -27
2014-01-05 02:06:09,    -24
2014-01-05 02:06:11,    -20
2014-01-05 02:06:13,    -17
2014-01-05 02:06:15,    -11
2014-01-05 02:06:17,     -5
2014-01-05 02:06:19,      1
2014-01-05 02:06:21,     10
2014-01-05 02:06:23,     16
2014-01-05 02:06:25,     22
2014-01-05 02:06:27,     27
2014-01-05 02:06:29,     29
2014-01-05 02:06:31,     30
2014-01-05 02:06:33,     31
2014-01-05 02:06:35,     33
2014-01-05 02:06:37,     34
2014-01-05 02:06:39,     33
2014-01-05 02:06:41,     33
2014-01-05 02:06:43,     33
2014-01-05 02:06:45,     31
2014-01-05 02:06:47,     30
2014-01-05 02:06:49,     28
2014-01-05 02:06:51,     25
2014-01-05 02:06:53,     23
2014-01-05 02:06:55,     20
2014-01-05 02:06:57,     17
2014-01-05 02:06:59,     13
2014-01-05 02:07:01,      9
2014-01-05 02:07:03,      6
2014-01-05 02:07:05,      1
2014-01-05 02:07:07,     -1
2014-01-05 02:07:09,     -5
2014-01-05 02:07:11,     -9
2014-01-05 02:07:13,    -12
2014-01-05 02:07:15,    -13
2014-01-05 02:07:17,    -15
2014-01-05 02:07:19,    -16
2014-01-05 02:07:21,    -15
2014-01-05 02:07:23,    -15
2014-01-05 02:07:25,    -14
2014-01-05 02:07:27,    -13
2014-01-05 02:07:29,    -11
2014-01-05 02:07:31,     -8
2014-01-05 02:07:33,     -5
2014-01-05 02:07:35,     -1
2014-01-05 02:07:37,      3
2014-01-05 02:07:39,      8
2014-01-05 02:07:41,     12
2014-01-05 02:07:43,     16
2014-01-05 02:07:45,     19
2014-01-05 02:07:47,     21
2014-01-05 02:07:49,     23
2014-01-05 02:07:51,     25
2014-01-05 02:07:53,     26
2014-01-05 02:07:55,     26
2014-01-05 02:07:57,     27
2014-01-05 02:07:59,     27
2014-01-05 02:08:01,     27
2014-01-05 02:08:03,     28
2014-01-05 02:08:05,     26
2014-01-05 02:08:07,     26
2014-01-05 02:08:09,     25
2014-01-05 02:08:11,     23
2014-01-05 02:08:13,     22
2014-01-05 02:08:15,     19
2014-01-05 02:08:17,     16
2014-01-05 02:08:19,     13
2014-01-05 02:08:21,      9
2014-01-05 02:08:23,      6
2014-01-05 02:08:25,      1
2014-01-05 02:08:27,     -5
2014-01-05 02:08:29,    -13
2014-01-05 02:08:31,    -18
2014-01-05 02:08:33,    -22
2014-01-05 02:08:35,    -25
2014-01-05 02:08:37,    -27
2014-01-05 02:08:39,    -29
2014-01-05 02:08:41,    -30
2014-01-05 02:08:43,    -31
2014-01-05 02:08:45,    -32
2014-01-05 02:08:47,    -32
2014-01-05 02:08:49,    -31
2014-01-05 02:08:51,    -31
2014-01-05 02:08:53,    -29
2014-01-05 02:08:55,    -28
2014-01-05 02:08:57,    -27
2014-01-05 02:08:59,    -25
2014-01-05 02:09:01,    -23
2014-01-05 02:09:03,    -20
2014-01-05 02:09:05,    -17
2014-01-05 02:09:07,    -14
2014-01-05 02:09:09,    -12
2014-01-05 02:09:11,     -8
2014-01-05 02:09:13,     -5
2014-01-05 02:09:15,      0
2014-01-05 02:09:17,      2
2014-01-05 02:09:19,      4
2014-01-05 02:09:21,      7
2014-01-05 02:09:23,      9
2014-01-05 02:09:25,     11
2014-01-05 02:09:27,     12
2014-01-05 02:09:29,     12
2014-01-05 02:09:31,     10
2014-01-05 02:09:33,     10
2014-01-05 02:09:35,      8
2014-01-05 02:09:37,      5
2014-01-05 02:09:39,      2
2014-01-05 02:09:41,     -1
2014-01-05 02:09:43,     -4
2014-01-05 02:09:45,    -11
2014-01-05 02:09:47,    -16
2014-01-05 02:09:49,    -20
2014-01-05 02:09:51,    -24
2014-01-05 02:09:53,    -27
2014-01-05 02:09:55,    -28
2014-01-05 02:09:57,    -31
2014-01-05 02:09:59,    -33
2014-01-05 02:10:01,    -34
2014-01-05 02:10:03,    -34
2014-01-05 02:10:05,    -35
2014-01-05 02:10:07,    -35
2014-01-05 02:10:09,    -36
2014-01-05 02:10:11,    -35
2014-01-05 02:10:13,    -35
2014-01-05 02:10:15,    -34
2014-01-05 02:10:17,    -34
2014-01-05 02:10:19,    -32
2014-01-05 02:10:21,    -30
2014-01-05 02:10:23,    -27
2014-01-05 02:10:25,    -24
2014-01-05 02:10:27,    -21
2014-01-05 02:10:29,    -16
2014-01-05 02:10:31,    -11
2014-01-05 02:10:33,     -5
2014-01-05 02:10:35,      1
2014-01-05 02:10:37,     10
2014-01-05 02:10:39,     18
2014-01-05 02:10:41,     23
2014-01-05 02:10:43,     26
2014-01-05 02:10:45,     30
2014-01-05 02:10:47,     31
2014-01-05 02:10:49,     33
2014-01-05 02:10:51,     33
2014-01-05 02:10:53,     34
2014-01-05 02:10:55,     34
2014-01-05 02:10:57,     33
2014-01-05 02:10:59,     32
2014-01-05 02:11:01,     32
2014-01-05 02:11:03,     31
2014-01-05 02:11:05,     28
2014-01-05 02:11:07,     25
2014-01-05 02:11:09,     22
2014-01-05 02:11:11,     19
2014-01-05 02:11:13,     16
2014-01-05 02:11:15,     13
2014-01-05 02:11:17,      9
2014-01-05 02:11:19,      6
2014-01-05 02:11:21,      2
2014-01-05 02:11:23,     -1
2014-01-05 02:11:25,     -5
2014-01-05 02:11:27,     -8
2014-01-05 02:11:29,    -12
2014-01-05 02:11:31,    -15
2014-01-05 02:11:33,    -16
2014-01-05 02:11:35,    -15
2014-01-05 02:11:37,    -16
2014-01-05 02:11:39,    -15
2014-01-05 02:11:41,    -14
2014-01-05 02:11:43,    -13
2014-01-05 02:11:45,    -10
2014-01-05 02:11:47,     -8
2014-01-05 02:11:49,     -5
2014-01-05 02:11:51,      0
2014-01-05 02:11:53,      4
2014-01-05 02:11:55,      9
2014-01-05 02:11:57,     13
2014-01-05 02:11:59,     16
2014-01-05 02:12:01,     18
2014-01-05 02:12:03,     21
2014-01-05 02:12:05,     23
2014-01-05 02:12:07,     24
2014-01-05 02:12:09,     25
2014-01-05 02:12:11,     26
2014-01-05 02:12:13,     27
2014-01-05 02:12:15,     27
2014-01-05 02:12:17,     27
2014-01-05 02:12:19,     27
2014-01-05 02:12:21,     26
2014-01-05 02:12:23,     26
2014-01-05 02:12:25,     25
2014-01-05 02:12:27,     24
2014-01-05 02:12:29,     21
2014-01-05 02:12:31,     20
2014-01-05 02:12:33,     17
2014-01-05 02:12:35,     13
2014-01-05 02:12:37,      9
2014-01-05 02:12:39,      5
2014-01-05 02:12:41,      0
2014-01-05 02:12:43,     -6
2014-01-05 02:12:45,    -12
2014-01-05 02:12:47,    -18
2014-01-05 02:12:49,    -23
2014-01-05 02:12:51,    -27
2014-01-05 02:12:53,    -28
2014-01-05 02:12:55,    -30
2014-01-05 02:12:57,    -31
2014-01-05 02:12:59,    -31
2014-01-05 02:13:01,    -31
2014-01-05 02:13:03,    -32
2014-01-05 02:13:05,    -31
2014-01-05 02:13:07,    -31
2014-01-05 02:13:09,    -29
2014-01-05 02:13:11,    -28
2014-01-05 02:13:13,    -27
2014-01-05 02:13:15,    -25
2014-01-05 02:13:17,    -23
2014-01-05 02:13:19,    -20
2014-01-05 02:13:21,    -18
2014-01-05 02:13:23,    -13
2014-01-05 02:13:25,    -11
2014-01-05 02:13:27,     -8
2014-01-05 02:13:29,     -5
2014-01-05 02:13:31,     -1
2014-01-05 02:13:33,      1
2014-01-05 02:13:35,      5
2014-01-05 02:13:37,      7
2014-01-05 02:13:39,      9
2014-01-05 02:13:41,     10
2014-01-05 02:13:43,     11
2014-01-05 02:13:45,     11
2014-01-05 02:13:47,     10
2014-01-05 02:13:49,     10
2014-01-05 02:13:51,      8
2014-01-05 02:13:53,      6
2014-01-05 02:13:55,      2
2014-01-05 02:13:57,     -1
2014-01-05 02:13:59,     -6
2014-01-05 02:14:01,    -10
2014-01-05 02:14:03,    -15
2014-01-05 02:14:05,    -20
2014-01-05 02:14:07,    -23
2014-01-05 02:14:09,    -27
2014-01-05 02:14:11,    -29
2014-01-05 02:14:13,    -31
2014-01-05 02:14:15,    -33
2014-01-05 02:14:17,    -34
2014-01-05 02:14:19,    -35
2014-01-05 02:14:21,    -35
2014-01-05 02:14:23,    -36
2014-01-05 02:14:25,    -36
2014-01-05 02:14:27,    -35
2014-01-05 02:14:29,    -36
2014-01-05 02:14:31,    -34
2014-01-05 02:14:33,    -33
2014-01-05 02:14:35,    -32
2014-01-05 02:14:37,    -30
2014-01-05 02:14:39,    -27
2014-01-05 02:14:41,    -24
2014-01-05 02:14:43,    -20
2014-01-05 02:14:45,    -15
2014-01-05 02:14:47,    -11
2014-01-05 02:14:49,     -5
2014-01-05 02:14:51,      3
2014-01-05 02:14:53,     11
2014-01-05 02:14:55,     17
2014-01-05 02:14:57,     23
2014-01-05 02:14:59,     27
2014-01-05 02:15:01,     29
2014-01-05 02:15:03,     31
2014-01-05 02:15:05,     32
2014-01-05 02:15:07,     34
2014-01-05 02:15:09,     33
2014-01-05 02:15:11,     33
2014-01-05 02:15:13,     34
2014-01-05 02:15:15,     32
2014-01-05 02:15:17,     30
2014-01-05 02:15:19,     30
2014-01-05 02:15:21,     28
2014-01-05 02:15:23,     25
2014-01-05 02:15:25,     22
2014-01-05 02:15:27,     20
2014-01-05 02:15:29,     16
2014-01-05 02:15:31,     12
2014-01-05 02:15:33,      8
2014-01-05 02:15:35,      5
2014-01-05 02:15:37,      2
2014-01-05 02:15:39,     -1
2014-01-05 02:15:41,     -5
2014-01-05 02:15:43,     -9
2014-01-05 02:15:45,    -12
2014-01-05 02:15:47,    -13
2014-01-05 02:15:49,    -16
2014-01-05 02:15:51,    -15
2014-01-05 02:15:53,    -16
2014-01-05 02:15:55,    -15
2014-01-05 02:15:57,    -14
2014-01-05 02:15:59,    -13
2014-01-05 02:16:01,    -10
2014-01-05 02:16:03,     -7
2014-01-05 02:16:05,     -5
2014-01-05 02:16:07,      0
2014-01-05 02:16:09,      4
2014-01-05 02:16:11,      8
2014-01-05 02:16:13,     13
2014-01-05 02:16:15,     17
2014-01-05 02:16:17,     20
2014-01-05 02:16:19,     21
2014-01-05 02:16:21,     22
2014-01-05 02:16:23,     25
2014-01-05 02:16:25,     26
2014-01-05 02:16:27,     27
2014-01-05 02:16:29,     27
2014-01-05 02:16:31,     27
2014-01-05 02:16:33,     26
2014-01-05 02:16:35,     27
2014-01-05 02:16:37,     27
2014-01-05 02:16:39,     25
2014-01-05 02:16:41,     25
2014-01-05 02:16:43,     23
2014-01-05 02:16:45,     21
2014-01-05 02:16:47,     19
2014-01-05 02:16:49,     16
2014-01-05 02:16:51,     13
2014-01-05 02:16:53,      9
2014-01-05 02:16:55,      5
2014-01-05 02:16:57,      0
2014-01-05 02:16:59,     -5
2014-01-05 02:17:01,    -12
2014-01-05 02:17:03,    -18
2014-01-05 02:17:05,    -22
2014-01-05 02:17:07,    -27
2014-01-05 02:17:09,    -28
2014-01-05 02:17:11,    -29
2014-01-05 02:17:13,    -30
2014-01-05 02:17:15,    -31
2014-01-05 02:17:17,    -31
2014-01-05 02:17:19,    -31
2014-01-05 02:17:21,    -31
2014-01-05 02:17:23,    -31
2014-01-05 02:17:25,    -30
2014-01-05 02:17:27,    -28
2014-01-05 02:17:29,    -27
2014-01-05 02:17:31,    -25
2014-01-05 02:17:33,    -22
2014-01-05 02:17:35,    -20
2014-01-05 02:17:37,    -18
2014-01-05 02:17:39,    -13
2014-01-05 02:17:41,    -11
2014-01-05 02:17:43,     -8
2014-01-05 02:17:45,     -4
2014-01-05 02:17:47,      0
2014-01-05 02:17:49,      2
2014-01-05 02:17:51,      5
2014-01-05 02:17:53,      7
2014-01-05 02:17:55,     10
2014-01-05 02:17:57,     10
2014-01-05 02:17:59,     12
2014-01-05 02:18:01,     11
2014-01-05 02:18:03,     10
2014-01-05 02:18:05,      9
2014-01-05 02:18:07,      8
2014-01-05 02:18:09,      5
2014-01-05 02:18:11,      2
2014-01-05 02:18:13,      0
2014-01-05 02:18:15,     -6
2014-01-05 02:18:17,    -11
2014-01-05 02:18:19,    -16
2014-01-05 02:18:21,    -20
2014-01-05 02:18:23,    -24
2014-01-05 02:18:25,    -27
2014-01-05 02:18:27,    -29
2014-01-05 02:18:29,    -31
2014-01-05 02:18:31,    -33
2014-01-05 02:18:33,    -34
2014-01-05 02:18:35,    -35
2014-01-05 02:18:37,    -35
2014-01-05 02:18:39,    -35
2014-01-05 02:18:41,    -36
2014-01-05 02:18:43,    -35
2014-01-05 02:18:45,    -35
2014-01-05 02:18:47,    -34
2014-01-05 02:18:49,    -33
2014-01-05 02:18:51,    -31
2014-01-05 02:18:53,    -29
2014-01-05 02:18:55,    -27
2014-01-05 02:18:57,    -23
2014-01-05 02:18:59,    -20
2014-01-05 02:19:01,    -16
2014-01-05 02:19:03,    -11
2014-01-05 02:19:05,     -3
2014-01-05 02:19:07,      3
2014-01-05 02:19:09,     11
2014-01-05 02:19:11,     18
2014-01-05 02:19:13,     23
2014-01-05 02:19:15,     27
2014-01-05 02:19:17,     29
2014-01-05 02:19:19,     31
2014-01-05 02:19:21,     32
2014-01-05 02:19:23,     34
2014-01-05 02:19:25,     33
2014-01-05 02:19:27,     33
2014-01-05 02:19:29,     33
2014-01-05 02:19:31,     32
2014-01-05 02:19:33,     30
2014-01-05 02:19:35,     30
2014-01-05 02:19:37,     27
2014-01-05 02:19:39,     25
2014-01-05 02:19:41,     22
2014-01-05 02:19:43,     19
2014-01-05 02:19:45,     16
2014-01-05 02:19:47,     13
2014-01-05 02:19:49,      9
2014-01-05 02:19:51,      6
2014-01-05 02:19:53,      1
2014-01-05 02:19:55,     -2
2014-01-05 02:19:57,     -6
2014-01-05 02:19:59,     -9
2014-01-05 02:20:01,    -12
2014-01-05 02:20:03,    -14
2014-01-05 02:20:05,    -15
2014-01-05 02:20:07,    -17
2014-01-05 02:20:09,    -16
2014-01-05 02:20:11,    -16
2014-01-05 02:20:13,    -14
2014-01-05 02:20:15,    -12
2014-01-05 02:20:17,    -11
2014-01-05 02:20:19,     -8
2014-01-05 02:20:21,     -4
2014-01-05 02:20:23,      0
2014-01-05 02:20:25,      4
2014-01-05 02:20:27,      9
2014-01-05 02:20:29,     13
2014-01-05 02:20:31,     16
2014-01-05 02:20:33,     20
2014-01-05 02:20:35,     22
2014-01-05 02:20:37,     23
2014-01-05 02:20:39,     25
2014-01-05 02:20:41,     26
2014-01-05 02:20:43,     27
2014-01-05 02:20:45,     27
2014-01-05 02:20:47,     27
2014-01-05 02:20:49,     27
2014-01-05 02:20:51,     27
2014-01-05 02:20:53,     26
2014-01-05 02:20:55,     26
2014-01-05 02:20:57,     24
2014-01-05 02:20:59,     23
2014-01-05 02:21:01,    -51
2014-01-05 02:21:03,    -76
2014-01-05 02:21:05,   -112
2014-01-05 02:21:07,   -172
2014-01-05 02:21:09,   -247
2014-01-05 02:21:11,   -331
2014-01-05 02:21:13,   -425
2014-01-05 02:21:15,   -520
2014-01-05 02:21:17,   -616
2014-01-05 02:21:19,   -707
2014-01-05 02:21:21,   -791
2014-01-05 02:21:23,   -866
2014-01-05 02:21:25,   -928
2014-01-05 02:21:27,   -979
2014-01-05 02:21:29,  -1020
2014-01-05 02:21:31,  -1051
2014-01-05 02:21:33,  -1073
2014-01-05 02:21:35,  -1089
2014-01-05 02:21:37,  -1100
2014-01-05 02:21:39,  -1110
2014-01-05 02:21:41,  -1120
2014-01-05 02:21:43,  -1132
2014-01-05 02:21:45,  -1148
2014-01-05 02:21:47,  -1167
2014-01-05 02:21:49,  -1188
2014-01-05 02:21:51,  -1213
2014-01-05 02:21:53,  -1240
2014-01-05 02:21:55,  -1263
2014-01-05 02:21:57,  -1282
2014-01-05 02:21:59,  -1292
2014-01-05 02:22:01,  -1288
2014-01-05 02:22:03,  -1264
2014-01-05 02:22:05,  -1206
2014-01-05 02:22:07,  -1109
2014-01-05 02:22:09,   -966
2014-01-05 02:22:11,   -796
2014-01-05 02:22:13,   -695
2014-01-05 02:22:15,   -634
2014-01-05 02:22:17,   -591
2014-01-05 02:22:19,   -555
2014-01-05 02:22:21,   -526
2014-01-05 02:22:23,   -501
2014-01-05 02:22:25,   -482
2014-01-05 02:22:27,   -467
2014-01-05 02:22:29,   -455
2014-01-05 02:22:31,   -447
2014-01-05 02:22:33,   -440
2014-01-05 02:22:35,   -433
2014-01-05 02:22:37,   -423
2014-01-05 02:22:39,   -411
2014-01-05 02:22:41,   -394
2014-01-05 02:22:43,   -371
2014-01-05 02:22:45,   -341
2014-01-05 02:22:47,   -307
2014-01-05 02:22:49,   -265
2014-01-05 02:22:51,   -207
2014-01-05 02:22:53,   -119
2014-01-05 02:22:55,      6
2014-01-05 02:22:57,    131
2014-01-05 02:22:59,    259
2014-01-05 02:23:01,    400
2014-01-05 02:23:03,    517
2014-01-05 02:23:05,    599
2014-01-05 02:23:07,    660
2014-01-05 02:23:09,    708
2014-01-05 02:23:11,    750
2014-01-05 02:23:13,    787
2014-01-05 02:23:15,    823
2014-01-05 02:23:17,    855
2014-01-05 02:23:19,    888
2014-01-05 02:23:21,    917
2014-01-05 02:23:23,    943
2014-01-05 02:23:25,    964
2014-01-05 02:23:27,    983
2014-01-05 02:23:29,   1001
2014-01-05 02:23:31,   1020
2014-01-05 02:23:33,   1047
2014-01-05 02:23:35,   1094
2014-01-05 02:23:37,   1147
2014-01-05 02:23:39,   1193
2014-01-05 02:23:41,   1231
2014-01-05 02:23:43,   1264
2014-01-05 02:23:45,   1291
2014-01-05 02:23:47,   1310
2014-01-05 02:23:49,   1317
2014-01-05 02:23:51,   1307
2014-01-05 02:23:53,   1302
2014-01-05 02:23:55,   1317
2014-01-05 02:23:57,   1335
2014-01-05 02:23:59,   1352
2014-01-05 02:24:01,   1365
2014-01-05 02:24:03,   1377
2014-01-05 02:24:05,   1381
2014-01-05 02:24:07,   1379
2014-01-05 02:24:09,   1373
2014-01-05 02:24:11,   1359
2014-01-05 02:24:13,   1342
2014-01-05 02:24:15,   1319
2014-01-05 02:24:17,   1294
2014-01-05 02:24:19,   1266
2014-01-05 02:24:21,   1237
2014-01-05 02:24:23,   1206
2014-01-05 02:24:25,   1177
2014-01-05 02:24:27,   1146
2014-01-05 02:24:29,   1116
2014-01-05 02:24:31,   1084
2014-01-05 02:24:33,   1051
2014-01-05 02:24:35,   1016
2014-01-05 02:24:37,    981
2014-01-05 02:24:39,    944
2014-01-05 02:24:41,    904
2014-01-05 02:24:43,    861
2014-01-05 02:24:45,    813
2014-01-05 02:24:47,    760
2014-01-05 02:24:49,    703
2014-01-05 02:24:51,    639
2014-01-05 02:24:53,    571
2014-01-05 02:24:55,    500
2014-01-05 02:24:57,    428
2014-01-05 02:24:59,    354
2014-01-05 02:25:01,    281
2014-01-05 02:25:03,    207
2014-01-05 02:25:05,    135
2014-01-05 02:25:07,     65
2014-01-05 02:25:09,     -1
2014-01-05 02:25:11,    -67
2014-01-05 02:25:13,   -129
2014-01-05 02:25:15,   -189
2014-01-05 02:25:17,   -248
2014-01-05 02:25:19,   -303
2014-01-05 02:25:21,   -358
2014-01-05 02:25:23,   -410
2014-01-05 02:25:25,   -464
2014-01-05 02:25:27,   -518
2014-01-05 02:25:29,   -574
2014-01-05 02:25:31,   -629
2014-01-05 02:25:33,   -681
2014-01-05 02:25:35,   -731
2014-01-05 02:25:37,   -778
2014-01-05 02:25:39,   -824
2014-01-05 02:25:41,   -872
2014-01-05 02:25:43,   -922
2014-01-05 02:25:45,   -969
2014-01-05 02:25:47,  -1015
2014-01-05 02:25:49,  -1059
2014-01-05 02:25:51,  -1099
2014-01-05 02:25:53,  -1136
2014-01-05 02:25:55,  -1170
2014-01-05 02:25:57,  -1199
2014-01-05 02:25:59,  -1224
2014-01-05 02:26:01,  -1246
2014-01-05 02:26:03,  -1265
2014-01-05 02:26:05,  -1282
2014-01-05 02:26:07,  -1297
2014-01-05 02:26:09,  -1310
2014-01-05 02:26:11,  -1321
2014-01-05 02:26:13,  -1328
2014-01-05 02:26:15,  -1329
2014-01-05 02:26:17,  -1324
2014-01-05 02:26:19,  -1314
2014-01-05 02:26:21,  -1298
2014-01-05 02:26:23,  -1277
2014-01-05 02:26:25,  -1254
2014-01-05 02:26:27,  -1226
2014-01-05 02:26:29,  -1197
2014-01-05 02:26:31,  -1164
2014-01-05 02:26:33,  -1131
2014-01-05 02:26:35,  -1098
2014-01-05 02:26:37,  -1062
2014-01-05 02:26:39,  -1026
2014-01-05 02:26:41,   -987
2014-01-05 02:26:43,   -947
2014-01-05 02:26:45,   -907
2014-01-05 02:26:47,   -865
2014-01-05 02:26:49,   -820
2014-01-05 02:26:51,   -773
2014-01-05 02:26:53,   -725
2014-01-05 02:26:55,   -672
2014-01-05 02:26:57,   -615
2014-01-05 02:26:59,   -554
2014-01-05 02:27:01,   -491
2014-01-05 02:27:03,   -425
2014-01-05 02:27:05,   -356
2014-01-05 02:27:07,   -285
2014-01-05 02:27:09,   -213
2014-01-05 02:27:11,   -141
2014-01-05 02:27:13,    -68
2014-01-05 02:27:15,      3
2014-01-05 02:27:17,     74
2014-01-05 02:27:19,    145
2014-01-05 02:27:21,    214
2014-01-05 02:27:23,    281
2014-01-05 02:27:25,    346
2014-01-05 02:27:27,    409
2014-01-05 02:27:29,    471
2014-01-05 02:27:31,    531
2014-01-05 02:27:33,    593
2014-01-05 02:27:35,    654
2014-01-05 02:27:37,    712
2014-01-05 02:27:39,    771
2014-01-05 02:27:41,    826
2014-01-05 02:27:43,    877
2014-01-05 02:27:45,    925
2014-01-05 02:27:47,    972
2014-01-05 02:27:49,   1015
2014-01-05 02:27:51,   1054
2014-01-05 02:27:53,   1089
2014-01-05 02:27:55,   1118
2014-01-05 02:27:57,   1136
2014-01-05 02:27:59,   1149
2014-01-05 02:28:01,   1174
2014-01-05 02:28:03,   1206
2014-01-05 02:28:05,   1235
2014-01-05 02:28:07,   1263
2014-01-05 02:28:09,   1289
2014-01-05 02:28:11,   1310
2014-01-05 02:28:13,   1330
2014-01-05 02:28:15,   1346
2014-01-05 02:28:17,   1360
2014-01-05 02:28:19,   1372
2014-01-05 02:28:21,   1376
2014-01-05 02:28:23,   1375
2014-01-05 02:28:25,   1368
2014-01-05 02:28:27,   1354
2014-01-05 02:28:29,   1337
2014-01-05 02:28:31,   1312
2014-01-05 02:28:33,   1286
2014-01-05 02:28:35,   1257
2014-01-05 02:28:37,   1225
2014-01-05 02:28:39,   1192
2014-01-05 02:28:41,   1160
2014-01-05 02:28:43,   1126
2014-01-05 02:28:45,   1092
2014-01-05 02:28:47,   1056
2014-01-05 02:28:49,   1020
2014-01-05 02:28:51,    983
2014-01-05 02:28:53,    944
2014-01-05 02:28:55,    904
2014-01-05 02:28:57,    860
2014-01-05 02:28:59,    815
2014-01-05 02:29:01,    765
2014-01-05 02:29:03,    712
2014-01-05 02:29:05,    654
2014-01-05 02:29:07,    591
2014-01-05 02:29:09,    525
2014-01-05 02:29:11,    455
2014-01-05 02:29:13,    382
2014-01-05 02:29:15,    305
2014-01-05 02:29:17,    225
2014-01-05 02:29:19,    137
2014-01-05 02:29:21,     45
2014-01-05 02:29:23,    -47
2014-01-05 02:29:25,   -135
2014-01-05 02:29:27,   -213
2014-01-05 02:29:29,   -276
2014-01-05 02:29:31,   -321
2014-01-05 02:29:33,   -348
2014-01-05 02:29:35,   -361
2014-01-05 02:29:37,   -367
2014-01-05 02:29:39,   -376
2014-01-05 02:29:41,   -392
2014-01-05 02:29:43,   -420
2014-01-05 02:29:45,   -462
2014-01-05 02:29:47,   -517
2014-01-05 02:29:49,   -587
2014-01-05 02:29:51,   -661
2014-01-05 02:29:53,   -743
2014-01-05 02:29:55,   -822
2014-01-05 02:29:57,   -894
2014-01-05 02:29:59,   -963
2014-01-05 02:30:01,  -1036
2014-01-05 02:30:03,  -1105
2014-01-05 02:30:05,  -1164
2014-01-05 02:30:07,  -1209
2014-01-05 02:30:09,  -1241
2014-01-05 02:30:11,  -1261
2014-01-05 02:30:13,  -1270
2014-01-05 02:30:15,  -1273
2014-01-05 02:30:17,  -1268
2014-01-05 02:30:19,  -1261
2014-01-05 02:30:21,  -1255
2014-01-05 02:30:23,  -1252
2014-01-05 02:30:25,  -1254
2014-01-05 02:30:27,  -1258
2014-01-05 02:30:29,  -1266
2014-01-05 02:30:31,  -1274
2014-01-05 02:30:33,  -1281
2014-01-05 02:30:35,  -1287
2014-01-05 02:30:37,  -1288
2014-01-05 02:30:39,  -1286
2014-01-05 02:30:41,  -1277
2014-01-05 02:30:43,  -1262
2014-01-05 02:30:45,  -1243
2014-01-05 02:30:47,  -1217
2014-01-05 02:30:49,  -1186
2014-01-05 02:30:51,  -1150
2014-01-05 02:30:53,  -1108
2014-01-05 02:30:55,  -1062
2014-01-05 02:30:57,  -1016
2014-01-05 02:30:59,   -967
2014-01-05 02:31:01,   -917
2014-01-05 02:31:03,   -869
2014-01-05 02:31:05,   -820
2014-01-05 02:31:07,   -771
2014-01-05 02:31:09,   -722
2014-01-05 02:31:11,   -670
2014-01-05 02:31:13,   -617
2014-01-05 02:31:15,   -561
2014-01-05 02:31:17,   -504
2014-01-05 02:31:19,   -443
2014-01-05 02:31:21,   -380
2014-01-05 02:31:23,   -313
2014-01-05 02:31:25,   -245
2014-01-05 02:31:27,   -177
2014-01-05 02:31:29,   -105
2014-01-05 02:31:31,    -32
2014-01-05 02:31:33,     40
2014-01-05 02:31:35,    111
2014-01-05 02:31:37,    183
2014-01-05 02:31:39,    254
2014-01-05 02:31:41,    323
2014-01-05 02:31:43,    388
2014-01-05 02:31:45,    453
2014-01-05 02:31:47,    514
2014-01-05 02:31:49,    575
2014-01-05 02:31:51,    634
2014-01-05 02:31:53,    692
2014-01-05 02:31:55,    748
2014-01-05 02:31:57,    800
2014-01-05 02:31:59,    848
2014-01-05 02:32:01,    894
2014-01-05 02:32:03,    938
2014-01-05 02:32:05,    976
2014-01-05 02:32:07,   1008
2014-01-05 02:32:09,   1031
2014-01-05 02:32:11,   1055
2014-01-05 02:32:13,   1089
2014-01-05 02:32:15,   1127
2014-01-05 02:32:17,   1165
2014-01-05 02:32:19,   1202
2014-01-05 02:32:21,   1235
2014-01-05 02:32:23,   1266
2014-01-05 02:32:25,   1293
2014-01-05 02:32:27,   1315
2014-01-05 02:32:29,   1334
2014-01-05 02:32:31,   1351
2014-01-05 02:32:33,   1364
2014-01-05 02:32:35,   1373
2014-01-05 02:32:37,   1374
2014-01-05 02:32:39,   1372
2014-01-05 02:32:41,   1363
2014-01-05 02:32:43,   1347
2014-01-05 02:32:45,   1327
2014-01-05 02:32:47,   1301
2014-01-05 02:32:49,   1273
2014-01-05 02:32:51,   1241
2014-01-05 02:32:53,   1209
2014-01-05 02:32:55,   1175
2014-01-05 02:32:57,   1141
2014-01-05 02:32:59,   1105
2014-01-05 02:33:01,   1068
2014-01-05 02:33:03,   1029
2014-01-05 02:33:05,    988
2014-01-05 02:33:07,    946
2014-01-05 02:33:09,    902
2014-01-05 02:33:11,    857
2014-01-05 02:33:13,    810
2014-01-05 02:33:15,    762
2014-01-05 02:33:17,    711
2014-01-05 02:33:19,    658
2014-01-05 02:33:21,    599
2014-01-05 02:33:23,    534
2014-01-05 02:33:25,    460
2014-01-05 02:33:27,    367
2014-01-05 02:33:29,    251
2014-01-05 02:33:31,    121
2014-01-05 02:33:33,    -66
2014-01-05 02:33:35,   -129
2014-01-05 02:33:37,   -231
2014-01-05 02:33:39,   -310
2014-01-05 02:33:41,   -359
2014-01-05 02:33:43,   -377
2014-01-05 02:33:45,   -364
2014-01-05 02:33:47,   -325
2014-01-05 02:33:49,   -273
2014-01-05 02:33:51,   -217
2014-01-05 02:33:53,   -168
2014-01-05 02:33:55,   -139
2014-01-05 02:33:57,   -138
2014-01-05 02:33:59,   -170
2014-01-05 02:34:01,   -237
2014-01-05 02:34:03,   -337
2014-01-05 02:34:05,   -462
2014-01-05 02:34:07,   -602
2014-01-05 02:34:09,   -747
2014-01-05 02:34:11,   -883
2014-01-05 02:34:13,  -1000
2014-01-05 02:34:15,  -1105
2014-01-05 02:34:17,  -1201
2014-01-05 02:34:19,  -1279
2014-01-05 02:34:21,  -1330
2014-01-05 02:34:23,  -1354
2014-01-05 02:34:25,  -1353
2014-01-05 02:34:27,  -1333
2014-01-05 02:34:29,  -1298
2014-01-05 02:34:31,  -1258
2014-01-05 02:34:33,  -1217
2014-01-05 02:34:35,  -1179
2014-01-05 02:34:37,  -1153
2014-01-05 02:34:39,  -1140
2014-01-05 02:34:41,  -1143
2014-01-05 02:34:43,  -1158
2014-01-05 02:34:45,  -1185
2014-01-05 02:34:47,  -1219
2014-01-05 02:34:49,  -1254
2014-01-05 02:34:51,  -1288
2014-01-05 02:34:53,  -1318
2014-01-05 02:34:55,  -1339
2014-01-05 02:34:57,  -1347
2014-01-05 02:34:59,  -1341
2014-01-05 02:35:01,  -1323
2014-01-05 02:35:03,  -1291
2014-01-05 02:35:05,  -1248
2014-01-05 02:35:07,  -1194
2014-01-05 02:35:09,  -1134
2014-01-05 02:35:11,  -1069
2014-01-05 02:35:13,  -1003
2014-01-05 02:35:15,   -938
2014-01-05 02:35:17,   -877
2014-01-05 02:35:19,   -822
2014-01-05 02:35:21,   -773
2014-01-05 02:35:23,   -726
2014-01-05 02:35:25,   -685
2014-01-05 02:35:27,   -644
2014-01-05 02:35:29,   -604
2014-01-05 02:35:31,   -562
2014-01-05 02:35:33,   -516
2014-01-05 02:35:35,   -466
2014-01-05 02:35:37,   -412
2014-01-05 02:35:39,   -351
2014-01-05 02:35:41,   -285
2014-01-05 02:35:43,   -213
2014-01-05 02:35:45,   -137
2014-01-05 02:35:47,    -58
2014-01-05 02:35:49,     21
2014-01-05 02:35:51,    103
2014-01-05 02:35:53,    185
2014-01-05 02:35:55,    263
2014-01-05 02:35:57,    337
2014-01-05 02:35:59,    407
2014-01-05 02:36:01,    472
2014-01-05 02:36:03,    534
2014-01-05 02:36:05,    591
2014-01-05 02:36:07,    646
2014-01-05 02:36:09,    698
2014-01-05 02:36:11,    747
2014-01-05 02:36:13,    793
2014-01-05 02:36:15,    835
2014-01-05 02:36:17,    876
2014-01-05 02:36:19,    914
2014-01-05 02:36:21,    949
2014-01-05 02:36:23,    977
2014-01-05 02:36:25,   1001
2014-01-05 02:36:27,   1034
2014-01-05 02:36:29,   1077
2014-01-05 02:36:31,   1123
2014-01-05 02:36:33,   1165
2014-01-05 02:36:35,   1206
2014-01-05 02:36:37,   1243
2014-01-05 02:36:39,   1276
2014-01-05 02:36:41,   1304
2014-01-05 02:36:43,   1327
2014-01-05 02:36:45,   1345
2014-01-05 02:36:47,   1360
2014-01-05 02:36:49,   1370
2014-01-05 02:36:51,   1375
2014-01-05 02:36:53,   1375
2014-01-05 02:36:55,   1366
2014-01-05 02:36:57,   1353
2014-01-05 02:36:59,   1336
2014-01-05 02:37:01,   1313
2014-01-05 02:37:03,   1287
2014-01-05 02:37:05,   1258
2014-01-05 02:37:07,   1228
2014-01-05 02:37:09,   1196
2014-01-05 02:37:11,   1164
2014-01-05 02:37:13,   1130
2014-01-05 02:37:15,   1094
2014-01-05 02:37:17,   1056
2014-01-05 02:37:19,   1017
2014-01-05 02:37:21,    974
2014-01-05 02:37:23,    928
2014-01-05 02:37:25,    882
2014-01-05 02:37:27,    834
2014-01-05 02:37:29,    786
2014-01-05 02:37:31,    737
2014-01-05 02:37:33,    684
2014-01-05 02:37:35,    629
2014-01-05 02:37:37,    565
2014-01-05 02:37:39,    481
2014-01-05 02:37:41,    368
2014-01-05 02:37:43,    232
2014-01-05 02:37:45,     82
2014-01-05 02:37:47,    -61
2014-01-05 02:37:49,   -185
2014-01-05 02:37:51,   -282
2014-01-05 02:37:53,   -348
2014-01-05 02:37:55,   -380
2014-01-05 02:37:57,   -379
2014-01-05 02:37:59,   -344
2014-01-05 02:38:01,   -284
2014-01-05 02:38:03,   -211
2014-01-05 02:38:05,   -142
2014-01-05 02:38:07,    -85
2014-01-05 02:38:09,    -53
2014-01-05 02:38:11,    -51
2014-01-05 02:38:13,    -86
2014-01-05 02:38:15,   -151
2014-01-05 02:38:17,   -245
2014-01-05 02:38:19,   -363
2014-01-05 02:38:21,   -499
2014-01-05 02:38:23,   -646
2014-01-05 02:38:25,   -793
2014-01-05 02:38:27,   -925
2014-01-05 02:38:29,  -1034
2014-01-05 02:38:31,  -1131
2014-01-05 02:38:33,  -1219
2014-01-05 02:38:35,  -1286
2014-01-05 02:38:37,  -1327
2014-01-05 02:38:39,  -1341
2014-01-05 02:38:41,  -1333
2014-01-05 02:38:43,  -1309
2014-01-05 02:38:45,  -1273
2014-01-05 02:38:47,  -1233
2014-01-05 02:38:49,  -1195
2014-01-05 02:38:51,  -1163
2014-01-05 02:38:53,  -1142
2014-01-05 02:38:55,  -1137
2014-01-05 02:38:57,  -1146
2014-01-05 02:38:59,  -1168
2014-01-05 02:39:01,  -1198
2014-01-05 02:39:03,  -1235
2014-01-05 02:39:05,  -1272
2014-01-05 02:39:07,  -1306
2014-01-05 02:39:09,  -1333
2014-01-05 02:39:11,  -1351
2014-01-05 02:39:13,  -1354
2014-01-05 02:39:15,  -1346
2014-01-05 02:39:17,  -1322
2014-01-05 02:39:19,  -1286
2014-01-05 02:39:21,  -1239
2014-01-05 02:39:23,  -1182
2014-01-05 02:39:25,  -1121
2014-01-05 02:39:27,  -1055
2014-01-05 02:39:29,   -991
2014-01-05 02:39:31,   -930
2014-01-05 02:39:33,   -871
2014-01-05 02:39:35,   -818
2014-01-05 02:39:37,   -771
2014-01-05 02:39:39,   -729
2014-01-05 02:39:41,   -689
2014-01-05 02:39:43,   -650
2014-01-05 02:39:45,   -611
2014-01-05 02:39:47,   -568
2014-01-05 02:39:49,   -522
2014-01-05 02:39:51,   -471
2014-01-05 02:39:53,   -413
2014-01-05 02:39:55,   -351
2014-01-05 02:39:57,   -283
2014-01-05 02:39:59,   -210
2014-01-05 02:40:01,   -132
2014-01-05 02:40:03,    -51
2014-01-05 02:40:05,     29
2014-01-05 02:40:07,    111
2014-01-05 02:40:09,    212
2014-01-05 02:40:11,    270
2014-01-05 02:40:13,    343
2014-01-05 02:40:15,    413
2014-01-05 02:40:17,    476
2014-01-05 02:40:19,    536
2014-01-05 02:40:21,    593
2014-01-05 02:40:23,    648
2014-01-05 02:40:25,    698
2014-01-05 02:40:27,    746
2014-01-05 02:40:29,    792
2014-01-05 02:40:31,    834
2014-01-05 02:40:33,    876
2014-01-05 02:40:35,    914
2014-01-05 02:40:37,    950
2014-01-05 02:40:39,    977
2014-01-05 02:40:41,   1003
2014-01-05 02:40:43,   1038
2014-01-05 02:40:45,   1081
2014-01-05 02:40:47,   1125
2014-01-05 02:40:49,   1169
2014-01-05 02:40:51,   1210
2014-01-05 02:40:53,   1247
2014-01-05 02:40:55,   1279
2014-01-05 02:40:57,   1305
2014-01-05 02:40:59,   1327
2014-01-05 02:41:01,   1345
2014-01-05 02:41:03,   1359
2014-01-05 02:41:05,   1368
2014-01-05 02:41:07,   1372
2014-01-05 02:41:09,   1371
2014-01-05 02:41:11,   1364
2014-01-05 02:41:13,   1351
2014-01-05 02:41:15,   1332
2014-01-05 02:41:17,   1310
2014-01-05 02:41:19,   1284
2014-01-05 02:41:21,   1255
2014-01-05 02:41:23,   1225
2014-01-05 02:41:25,   1193
2014-01-05 02:41:27,   1160
2014-01-05 02:41:29,   1126
2014-01-05 02:41:31,   1091
2014-01-05 02:41:33,   1053
2014-01-05 02:41:35,   1014
2014-01-05 02:41:37,    972
2014-01-05 02:41:39,    927
2014-01-05 02:41:41,    880
2014-01-05 02:41:43,    833
2014-01-05 02:41:45,    784
2014-01-05 02:41:47,    733
2014-01-05 02:41:49,    681
2014-01-05 02:41:51,    622
2014-01-05 02:41:53,    548
2014-01-05 02:41:55,    444
2014-01-05 02:41:57,    311
2014-01-05 02:41:59,    159
2014-01-05 02:42:01,      5
2014-01-05 02:42:03,   -135
2014-01-05 02:42:05,   -248
2014-01-05 02:42:07,   -327
2014-01-05 02:42:09,   -372
2014-01-05 02:42:11,   -384
2014-01-05 02:42:13,   -358
2014-01-05 02:42:15,   -303
2014-01-05 02:42:17,   -229
2014-01-05 02:42:19,   -151
2014-01-05 02:42:21,    -83
2014-01-05 02:42:23,    -36
2014-01-05 02:42:25,    -20
2014-01-05 02:42:27,    -38
2014-01-05 02:42:29,    -91
2014-01-05 02:42:31,   -174
2014-01-05 02:42:33,   -280
2014-01-05 02:42:35,   -401
2014-01-05 02:42:37,   -536
2014-01-05 02:42:39,   -676
2014-01-05 02:42:41,   -812
2014-01-05 02:42:43,   -933
2014-01-05 02:42:45,  -1031
2014-01-05 02:42:47,  -1122
2014-01-05 02:42:49,  -1203
2014-01-05 02:42:51,  -1264
2014-01-05 02:42:53,  -1301
2014-01-05 02:42:55,  -1313
2014-01-05 02:42:57,  -1308
2014-01-05 02:42:59,  -1287
2014-01-05 02:43:01,  -1257
2014-01-05 02:43:03,  -1224
2014-01-05 02:43:05,  -1193
2014-01-05 02:43:07,  -1168
2014-01-05 02:43:09,  -1154
2014-01-05 02:43:11,  -1152
2014-01-05 02:43:13,  -1164
2014-01-05 02:43:15,  -1186
2014-01-05 02:43:17,  -1216
2014-01-05 02:43:19,  -1251
2014-01-05 02:43:21,  -1284
2014-01-05 02:43:23,  -1314
2014-01-05 02:43:25,  -1336
2014-01-05 02:43:27,  -1348
2014-01-05 02:43:29,  -1347
2014-01-05 02:43:31,  -1335
2014-01-05 02:43:33,  -1309
2014-01-05 02:43:35,  -1272
2014-01-05 02:43:37,  -1224
2014-01-05 02:43:39,  -1168
2014-01-05 02:43:41,  -1110
2014-01-05 02:43:43,  -1048
2014-01-05 02:43:45,   -986
2014-01-05 02:43:47,   -926
2014-01-05 02:43:49,   -872
2014-01-05 02:43:51,   -823
2014-01-05 02:43:53,   -777
2014-01-05 02:43:55,   -735
2014-01-05 02:43:57,   -696
2014-01-05 02:43:59,   -655
2014-01-05 02:44:01,   -613
2014-01-05 02:44:03,   -569
2014-01-05 02:44:05,   -521
2014-01-05 02:44:07,   -468
2014-01-05 02:44:09,   -408
2014-01-05 02:44:11,   -344
2014-01-05 02:44:13,   -274
2014-01-05 02:44:15,   -200
2014-01-05 02:44:17,   -122
2014-01-05 02:44:19,    -42
2014-01-05 02:44:21,     38
2014-01-05 02:44:23,    119
2014-01-05 02:44:25,    198
2014-01-05 02:44:27,    275
2014-01-05 02:44:29,    347
2014-01-05 02:44:31,    414
2014-01-05 02:44:33,    477
2014-01-05 02:44:35,    538
2014-01-05 02:44:37,    594
2014-01-05 02:44:39,    649
2014-01-05 02:44:41,    701
2014-01-05 02:44:43,    751
2014-01-05 02:44:45,    796
2014-01-05 02:44:47,    840
2014-01-05 02:44:49,    882
2014-01-05 02:44:51,    920
2014-01-05 02:44:53,    956
2014-01-05 02:44:55,    986
2014-01-05 02:44:57,   1011
2014-01-05 02:44:59,   1044
2014-01-05 02:45:01,   1085
2014-01-05 02:45:03,   1130
2014-01-05 02:45:05,   1172
2014-01-05 02:45:07,   1212
2014-01-05 02:45:09,   1248
2014-01-05 02:45:11,   1279
2014-01-05 02:45:13,   1305
2014-01-05 02:45:15,   1326
2014-01-05 02:45:17,   1345
2014-01-05 02:45:19,   1358
2014-01-05 02:45:21,   1367
2014-01-05 02:45:23,   1372
2014-01-05 02:45:25,   1371
2014-01-05 02:45:27,   1363
2014-01-05 02:45:29,   1350
2014-01-05 02:45:31,   1332
2014-01-05 02:45:33,   1309
2014-01-05 02:45:35,   1284
2014-01-05 02:45:37,   1256
2014-01-05 02:45:39,   1224
2014-01-05 02:45:41,   1193
2014-01-05 02:45:43,   1159
2014-01-05 02:45:45,   1127
2014-01-05 02:45:47,   1091
2014-01-05 02:45:49,   1054
2014-01-05 02:45:51,   1014
2014-01-05 02:45:53,    973
2014-01-05 02:45:55,    929
2014-01-05 02:45:57,    883
2014-01-05 02:45:59,    836
2014-01-05 02:46:01,    789
2014-01-05 02:46:03,    738
2014-01-05 02:46:05,    684
2014-01-05 02:46:07,    623
2014-01-05 02:46:09,    542
2014-01-05 02:46:11,    429
2014-01-05 02:46:13,    288
2014-01-05 02:46:15,    132
2014-01-05 02:46:17,    -22
2014-01-05 02:46:19,   -157
2014-01-05 02:46:21,   -264
2014-01-05 02:46:23,   -337
2014-01-05 02:46:25,   -377
2014-01-05 02:46:27,   -379
2014-01-05 02:46:29,   -347
2014-01-05 02:46:31,   -283
2014-01-05 02:46:33,   -206
2014-01-05 02:46:35,   -128
2014-01-05 02:46:37,    -63
2014-01-05 02:46:39,    -21
2014-01-05 02:46:41,    -12
2014-01-05 02:46:43,    -37
2014-01-05 02:46:45,    -97
2014-01-05 02:46:47,   -186
2014-01-05 02:46:49,   -297
2014-01-05 02:46:51,   -420
2014-01-05 02:46:53,   -552
2014-01-05 02:46:55,   -690
2014-01-05 02:46:57,   -820
2014-01-05 02:46:59,   -934
2014-01-05 02:47:01,  -1030
2014-01-05 02:47:03,  -1121
2014-01-05 02:47:05,  -1199
2014-01-05 02:47:07,  -1256
2014-01-05 02:47:09,  -1291
2014-01-05 02:47:11,  -1304
2014-01-05 02:47:13,  -1299
2014-01-05 02:47:15,  -1280
2014-01-05 02:47:17,  -1252
2014-01-05 02:47:19,  -1221
2014-01-05 02:47:21,  -1193
2014-01-05 02:47:23,  -1171
2014-01-05 02:47:25,  -1159
2014-01-05 02:47:27,  -1160
2014-01-05 02:47:29,  -1173
2014-01-05 02:47:31,  -1195
2014-01-05 02:47:33,  -1225
2014-01-05 02:47:35,  -1258
2014-01-05 02:47:37,  -1290
2014-01-05 02:47:39,  -1317
2014-01-05 02:47:41,  -1337
2014-01-05 02:47:43,  -1346
2014-01-05 02:47:45,  -1343
2014-01-05 02:47:47,  -1329
2014-01-05 02:47:49,  -1302
2014-01-05 02:47:51,  -1263
2014-01-05 02:47:53,  -1216
2014-01-05 02:47:55,  -1162
2014-01-05 02:47:57,  -1102
2014-01-05 02:47:59,  -1042
2014-01-05 02:48:01,   -983
2014-01-05 02:48:03,   -925
2014-01-05 02:48:05,   -872
2014-01-05 02:48:07,   -823
2014-01-05 02:48:09,   -777
2014-01-05 02:48:11,   -736
2014-01-05 02:48:13,   -696
2014-01-05 02:48:15,   -655
2014-01-05 02:48:17,   -613
2014-01-05 02:48:19,   -568
2014-01-05 02:48:21,   -517
2014-01-05 02:48:23,   -463
2014-01-05 02:48:25,   -404
2014-01-05 02:48:27,   -338
2014-01-05 02:48:29,   -269
2014-01-05 02:48:31,   -194
2014-01-05 02:48:33,   -116
2014-01-05 02:48:35,    -37
2014-01-05 02:48:37,     44
2014-01-05 02:48:39,    124
2014-01-05 02:48:41,    203
2014-01-05 02:48:43,    279
2014-01-05 02:48:45,    350
2014-01-05 02:48:47,    418
2014-01-05 02:48:49,    481
2014-01-05 02:48:51,    541
2014-01-05 02:48:53,    598
2014-01-05 02:48:55,    652
2014-01-05 02:48:57,    705
2014-01-05 02:48:59,    754
2014-01-05 02:49:01,    801
2014-01-05 02:49:03,    846
2014-01-05 02:49:05,    886
2014-01-05 02:49:07,    926
2014-01-05 02:49:09,    962
2014-01-05 02:49:11,    991
2014-01-05 02:49:13,   1015
2014-01-05 02:49:15,   1047
2014-01-05 02:49:17,   1089
2014-01-05 02:49:19,   1132
2014-01-05 02:49:21,   1174
2014-01-05 02:49:23,   1213
2014-01-05 02:49:25,   1248
2014-01-05 02:49:27,   1279
2014-01-05 02:49:29,   1305
2014-01-05 02:49:31,   1326
2014-01-05 02:49:33,   1345
2014-01-05 02:49:35,   1358
2014-01-05 02:49:37,   1368
2014-01-05 02:49:39,   1372
2014-01-05 02:49:41,   1370
2014-01-05 02:49:43,   1362
2014-01-05 02:49:45,   1348
2014-01-05 02:49:47,   1331
2014-01-05 02:49:49,   1308
2014-01-05 02:49:51,   1283
2014-01-05 02:49:53,   1254
2014-01-05 02:49:55,   1225
2014-01-05 02:49:57,   1192
2014-01-05 02:49:59,   1161
2014-01-05 02:50:01,   1126
2014-01-05 02:50:03,   1091
2014-01-05 02:50:05,   1055
2014-01-05 02:50:07,   1015
2014-01-05 02:50:09,    975
2014-01-05 02:50:11,    932
2014-01-05 02:50:13,    888
2014-01-05 02:50:15,    841
2014-01-05 02:50:17,    793
2014-01-05 02:50:19,    743
2014-01-05 02:50:21,    688
2014-01-05 02:50:23,    626
2014-01-05 02:50:25,    541
2014-01-05 02:50:27,    425
2014-01-05 02:50:29,    282
2014-01-05 02:50:31,    126
2014-01-05 02:50:33,    -27
2014-01-05 02:50:35,   -160
2014-01-05 02:50:37,   -266
2014-01-05 02:50:39,   -337
2014-01-05 02:50:41,   -375
2014-01-05 02:50:43,   -376
2014-01-05 02:50:45,   -343
2014-01-05 02:50:47,   -280
2014-01-05 02:50:49,   -202
2014-01-05 02:50:51,   -124
2014-01-05 02:50:53,    -60
2014-01-05 02:50:55,    -20
2014-01-05 02:50:57,    -13
2014-01-05 02:50:59,    -41
2014-01-05 02:51:01,   -103
2014-01-05 02:51:03,   -194
2014-01-05 02:51:05,   -305
2014-01-05 02:51:07,   -427
2014-01-05 02:51:09,   -561
2014-01-05 02:51:11,   -696
2014-01-05 02:51:13,   -827
2014-01-05 02:51:15,   -938
2014-01-05 02:51:17,  -1037
2014-01-05 02:51:19,  -1126
2014-01-05 02:51:21,  -1203
2014-01-05 02:51:23,  -1260
2014-01-05 02:51:25,  -1293
2014-01-05 02:51:27,  -1304
2014-01-05 02:51:29,  -1298
2014-01-05 02:51:31,  -1278
2014-01-05 02:51:33,  -1250
2014-01-05 02:51:35,  -1220
2014-01-05 02:51:37,  -1192
2014-01-05 02:51:39,  -1171
2014-01-05 02:51:41,  -1159
2014-01-05 02:51:43,  -1162
2014-01-05 02:51:45,  -1175
2014-01-05 02:51:47,  -1198
2014-01-05 02:51:49,  -1228
2014-01-05 02:51:51,  -1261
2014-01-05 02:51:53,  -1291
2014-01-05 02:51:55,  -1319
2014-01-05 02:51:57,  -1338
2014-01-05 02:51:59,  -1345
2014-01-05 02:52:01,  -1343
2014-01-05 02:52:03,  -1326
2014-01-05 02:52:05,  -1299
2014-01-05 02:52:07,  -1261
2014-01-05 02:52:09,  -1213
2014-01-05 02:52:11,  -1158
2014-01-05 02:52:13,  -1099
2014-01-05 02:52:15,  -1039
2014-01-05 02:52:17,   -979
2014-01-05 02:52:19,   -922
2014-01-05 02:52:21,   -869
2014-01-05 02:52:23,   -820
2014-01-05 02:52:25,   -776
2014-01-05 02:52:27,   -734
2014-01-05 02:52:29,   -693
2014-01-05 02:52:31,   -653
2014-01-05 02:52:33,   -611
2014-01-05 02:52:35,   -565
2014-01-05 02:52:37,   -515
2014-01-05 02:52:39,   -460
2014-01-05 02:52:41,   -400
2014-01-05 02:52:43,   -335
2014-01-05 02:52:45,   -263
2014-01-05 02:52:47,   -188
2014-01-05 02:52:49,   -111
2014-01-05 02:52:51,    -31
2014-01-05 02:52:53,     49
2014-01-05 02:52:55,    129
2014-01-05 02:52:57,    208
2014-01-05 02:52:59,    284
2014-01-05 02:53:01,    355
2014-01-05 02:53:03,    422
2014-01-05 02:53:05,    485
2014-01-05 02:53:07,    545
2014-01-05 02:53:09,    602
2014-01-05 02:53:11,    657
2014-01-05 02:53:13,    710
2014-01-05 02:53:15,    758
2014-01-05 02:53:17,    805
2014-01-05 02:53:19,    849
2014-01-05 02:53:21,    891
2014-01-05 02:53:23,    930
2014-01-05 02:53:25,    965
2014-01-05 02:53:27,    996
2014-01-05 02:53:29,   1020
2014-01-05 02:53:31,   1051
2014-01-05 02:53:33,   1091
2014-01-05 02:53:35,   1134
2014-01-05 02:53:37,   1176
2014-01-05 02:53:39,   1215
2014-01-05 02:53:41,   1250
2014-01-05 02:53:43,   1281
2014-01-05 02:53:45,   1307
2014-01-05 02:53:47,   1326
2014-01-05 02:53:49,   1345
2014-01-05 02:53:51,   1359
2014-01-05 02:53:53,   1368
2014-01-05 02:53:55,   1372
2014-01-05 02:53:57,   1370
2014-01-05 02:53:59,   1362
2014-01-05 02:54:01,   1349
2014-01-05 02:54:03,   1330
2014-01-05 02:54:05,   1307
2014-01-05 02:54:07,   1282
2014-01-05 02:54:09,   1253
2014-01-05 02:54:11,   1223
2014-01-05 02:54:13,   1190
2014-01-05 02:54:15,   1158
2014-01-05 02:54:17,   1126
2014-01-05 02:54:19,   1091
2014-01-05 02:54:21,   1055
2014-01-05 02:54:23,   1017
2014-01-05 02:54:25,    977
2014-01-05 02:54:27,    933
2014-01-05 02:54:29,    889
2014-01-05 02:54:31,    844
2014-01-05 02:54:33,    795
2014-01-05 02:54:35,    745
2014-01-05 02:54:37,    690
2014-01-05 02:54:39,    626
2014-01-05 02:54:41,    542
2014-01-05 02:54:43,    427
2014-01-05 02:54:45,    284
2014-01-05 02:54:47,    115
2014-01-05 02:54:49,    -23
2014-01-05 02:54:51,   -158
2014-01-05 02:54:53,   -262
2014-01-05 02:54:55,   -335
2014-01-05 02:54:57,   -372
2014-01-05 02:54:59,   -376
2014-01-05 02:55:01,   -343
2014-01-05 02:55:03,   -282
2014-01-05 02:55:05,   -204
2014-01-05 02:55:07,   -128
2014-01-05 02:55:09,    -63
2014-01-05 02:55:11,    -25
2014-01-05 02:55:13,    -17
2014-01-05 02:55:15,    -44
2014-01-05 02:55:17,   -106
2014-01-05 02:55:19,   -195
2014-01-05 02:55:21,   -305
2014-01-05 02:55:23,   -430
2014-01-05 02:55:25,   -565
2014-01-05 02:55:27,   -695