2014-01-05 02:00:01,0
2014-01-05 02:00:03,0
2014-01-05 02:00:05,0
2014-01-05 02:00:07,-1
2014-01-05 02:00:09,1
2014-01-05 02:00:11,-1
2014-01-05 02:00:13,0
2014-01-05 02:00:15,1
2014-01-05 02:00:17,0
2014-01-05 02:00:19,-1
2014-01-05 02:00:21,1
2014-01-05 02:00:23,-1
2014-01-05 02:00:25,1
2014-01-05 02:00:27,-1
2014-01-05 02:00:29,1
2014-01-05 02:00:31,-1
2014-01-05 02:00:33,0
2014-01-05 02:00:35,1
2014-01-05 02:00:37,0
2014-01-05 02:00:39,0
2014-01-05 02:00:41,0
2014-01-05 02:00:43,-1
2014-01-05 02:00:45,1
2014-01-05 02:00:47,0
2014-01-05 02:00:49,-1
2014-01-05 02:00:51,0
2014-01-05 02:00:53,1
2014-01-05 02:00:55,0
2014-01-05 02:00:57,0
2014-01-05 02:00:59,0
2014-01-05 02:01:01,0
2014-01-05 02:01:03,0
2014-01-05 02:01:05,-1
2014-01-05 02:01:07,0
2014-01-05 02:01:09,2
2014-01-05 02:01:11,-2
2014-01-05 02:01:13,0
2014-01-05 02:01:15,1
2014-01-05 02:01:17,-1
2014-01-05 02:01:19,1
2014-01-05 02:01:21,-1
2014-01-05 02:01:23,1
2014-01-05 02:01:25,-1
2014-01-05 02:01:27,1
2014-01-05 02:01:29,0
2014-01-05 02:01:31,0
2014-01-05 02:01:33,0
2014-01-05 02:01:35,0
2014-01-05 02:01:37,0
2014-01-05 02:01:39,-1
2014-01-05 02:01:41,1
2014-01-05 02:01:43,0
2014-01-05 02:01:45,-1
2014-01-05 02:01:47,1
2014-01-05 02:01:49,0
2014-01-05 02:01:51,-1
2014-01-05 02:01:53,2
2014-01-05 02:01:55,-2
2014-01-05 02:01:57,1
2014-01-05 02:01:59,0
2014-01-05 02:02:01,0
2014-01-05 02:02:03,0
2014-01-05 02:02:05,0
2014-01-05 02:02:07,0
2014-01-05 02:02:09,0
2014-01-05 02:02:11,0
2014-01-05 02:02:13,0
2014-01-05 02:02:15,0
2014-01-05 02:02:17,-1
2014-01-05 02:02:19,1
2014-01-05 02:02:21,-1
2014-01-05 02:02:23,1
2014-01-05 02:02:25,0
2014-01-05 02:02:27,0
2014-01-05 02:02:29,0
2014-01-05 02:02:31,0
2014-01-05 02:02:33,-1
2014-01-05 02:02:35,0
2014-01-05 02:02:37,1
2014-01-05 02:02:39,0
2014-01-05 02:02:41,-1
2014-01-05 02:02:43,0
2014-01-05 02:02:45,0
2014-01-05 02:02:47,1
2014-01-05 02:02:49,0
2014-01-05 02:02:51,-1
2014-01-05 02:02:53,0
2014-01-05 02:02:55,1
2014-01-05 02:02:57,-1
2014-01-05 02:02:59,0
2014-01-05 02:03:01,1
2014-01-05 02:03:03,0
2014-01-05 02:03:05,0
2014-01-05 02:03:07,0
2014-01-05 02:03:09,0
2014-01-05 02:03:11,0
2014-01-05 02:03:13,0
2014-01-05 02:03:15,0
2014-01-05 02:03:17,0
2014-01-05 02:03:19,0
2014-01-05 02:03:21,0
2014-01-05 02:03:23,0
2014-01-05 02:03:25,-1
2014-01-05 02:03:27,1
2014-01-05 02:03:29,0
2014-01-05 02:03:31,0
2014-01-05 02:03:33,0
2014-01-05 02:03:35,0
2014-01-05 02:03:37,0
2014-01-05 02:03:39,0
2014-01-05 02:03:41,0
2014-01-05 02:03:43,0
2014-01-05 02:03:45,0
2014-01-05 02:03:47,-1
2014-01-05 02:03:49,1
2014-01-05 02:03:51,0
2014-01-05 02:03:53,0
2014-01-05 02:03:55,-1
2014-01-05 02:03:57,1
2014-01-05 02:03:59,-1
2014-01-05 02:04:01,0
2014-01-05 02:04:03,1
2014-01-05 02:04:05,0
2014-01-05 02:04:07,0
2014-01-05 02:04:09,-1
2014-01-05 02:04:11,1
2014-01-05 02:04:13,-1
2014-01-05 02:04:15,0
2014-01-05 02:04:17,0
2014-01-05 02:04:19,1
2014-01-05 02:04:21,0
2014-01-05 02:04:23,0
2014-01-05 02:04:25,0
2014-01-05 02:04:27,0
2014-01-05 02:04:29,0
2014-01-05 02:04:31,0
2014-01-05 02:04:33,-1
2014-01-05 02:04:35,0
2014-01-05 02:04:37,1
2014-01-05 02:04:39,0
2014-01-05 02:04:41,0
2014-01-05 02:04:43,-1
2014-01-05 02:04:45,1
2014-01-05 02:04:47,-1
2014-01-05 02:04:49,1
2014-01-05 02:04:51,0
2014-01-05 02:04:53,1
2014-01-05 02:04:55,-1
2014-01-05 02:04:57,0
2014-01-05 02:04:59,0
2014-01-05 02:05:01,0
2014-01-05 02:05:03,0
2014-01-05 02:05:05,0
2014-01-05 02:05:07,0
2014-01-05 02:05:09,0
2014-01-05 02:05:11,0
2014-01-05 02:05:13,-1
2014-01-05 02:05:15,1
2014-01-05 02:05:17,0
2014-01-05 02:05:19,-1
2014-01-05 02:05:21,0
2014-01-05 02:05:23,1
2014-01-05 02:05:25,-1
2014-01-05 02:05:27,0
2014-01-05 02:05:29,1
2014-01-05 02:05:31,0
2014-01-05 02:05:33,0
2014-01-05 02:05:35,0
2014-01-05 02:05:37,-1
2014-01-05 02:05:39,1
2014-01-05 02:05:41,0
2014-01-05 02:05:43,0
2014-01-05 02:05:45,0
2014-01-05 02:05:47,0
2014-01-05 02:05:49,0
2014-01-05 02:05:51,0
2014-01-05 02:05:53,0
2014-01-05 02:05:55,-1
2014-01-05 02:05:57,1
2014-01-05 02:05:59,0
2014-01-05 02:06:01,0
2014-01-05 02:06:03,1
2014-01-05 02:06:05,-1
2014-01-05 02:06:07,0
2014-01-05 02:06:09,-1
2014-01-05 02:06:11,1
2014-01-05 02:06:13,0
2014-01-05 02:06:15,0
2014-01-05 02:06:17,0
2014-01-05 02:06:19,0
2014-01-05 02:06:21,0
2014-01-05 02:06:23,0
2014-01-05 02:06:25,0
2014-01-05 02:06:27,-1
2014-01-05 02:06:29,1
2014-01-05 02:06:31,-1
2014-01-05 02:06:33,0
2014-01-05 02:06:35,0
2014-01-05 02:06:37,0
2014-01-05 02:06:39,1
2014-01-05 02:06:41,-1
2014-01-05 02:06:43,1
2014-01-05 02:06:45,-1
2014-01-05 02:06:47,1
2014-01-05 02:06:49,0
2014-01-05 02:06:51,-1
2014-01-05 02:06:53,1
2014-01-05 02:06:55,-1
2014-01-05 02:06:57,1
2014-01-05 02:06:59,0
2014-01-05 02:07:01,0
2014-01-05 02:07:03,0
2014-01-05 02:07:05,0
2014-01-05 02:07:07,0
2014-01-05 02:07:09,0
2014-01-05 02:07:11,0
2014-01-05 02:07:13,-1
2014-01-05 02:07:15,1
2014-01-05 02:07:17,0
2014-01-05 02:07:19,0
2014-01-05 02:07:21,0
2014-01-05 02:07:23,0
2014-01-05 02:07:25,-1
2014-01-05 02:07:27,1
2014-01-05 02:07:29,0
2014-01-05 02:07:31,-1
2014-01-05 02:07:33,1
2014-01-05 02:07:35,0
2014-01-05 02:07:37,0
2014-01-05 02:07:39,-1
2014-01-05 02:07:41,1
2014-01-05 02:07:43,-1
2014-01-05 02:07:45,1
2014-01-05 02:07:47,0
2014-01-05 02:07:49,-1
2014-01-05 02:07:51,1
2014-01-05 02:07:53,0
2014-01-05 02:07:55,0
2014-01-05 02:07:57,0
2014-01-05 02:07:59,0
2014-01-05 02:08:01,0
2014-01-05 02:08:03,-1
2014-01-05 02:08:05,1
2014-01-05 02:08:07,-1
2014-01-05 02:08:09,1
2014-01-05 02:08:11,0
2014-01-05 02:08:13,0
2014-01-05 02:08:15,0
2014-01-05 02:08:17,1
2014-01-05 02:08:19,-1
2014-01-05 02:08:21,0
2014-01-05 02:08:23,0
2014-01-05 02:08:25,-1
2014-01-05 02:08:27,1
2014-01-05 02:08:29,1
2014-01-05 02:08:31,-2
2014-01-05 02:08:33,1
2014-01-05 02:08:35,-1
2014-01-05 02:08:37,1
2014-01-05 02:08:39,0
2014-01-05 02:08:41,-1
2014-01-05 02:08:43,1
2014-01-05 02:08:45,0
2014-01-05 02:08:47,0
2014-01-05 02:08:49,0
2014-01-05 02:08:51,-1
2014-01-05 02:08:53,1
2014-01-05 02:08:55,0
2014-01-05 02:08:57,0
2014-01-05 02:08:59,0
2014-01-05 02:09:01,0
2014-01-05 02:09:03,0
2014-01-05 02:09:05,0
2014-01-05 02:09:07,1
2014-01-05 02:09:09,-1
2014-01-05 02:09:11,0
2014-01-05 02:09:13,-1
2014-01-05 02:09:15,1
2014-01-05 02:09:17,0
2014-01-05 02:09:19,-1
2014-01-05 02:09:21,1
2014-01-05 02:09:23,-1
2014-01-05 02:09:25,1
2014-01-05 02:09:27,0
2014-01-05 02:09:29,0
2014-01-05 02:09:31,0
2014-01-05 02:09:33,-1
2014-01-05 02:09:35,1
2014-01-05 02:09:37,0
2014-01-05 02:09:39,0
2014-01-05 02:09:41,-1
2014-01-05 02:09:43,0
2014-01-05 02:09:45,1
2014-01-05 02:09:47,-1
2014-01-05 02:09:49,1
2014-01-05 02:09:51,0
2014-01-05 02:09:53,-1
2014-01-05 02:09:55,0
2014-01-05 02:09:57,1
2014-01-05 02:09:59,0
2014-01-05 02:10:01,0
2014-01-05 02:10:03,-1
2014-01-05 02:10:05,1
2014-01-05 02:10:07,-1
2014-01-05 02:10:09,1
2014-01-05 02:10:11,0
2014-01-05 02:10:13,0
2014-01-05 02:10:15,-1
2014-01-05 02:10:17,0
2014-01-05 02:10:19,1
2014-01-05 02:10:21,0
2014-01-05 02:10:23,0
2014-01-05 02:10:25,0
2014-01-05 02:10:27,1
2014-01-05 02:10:29,-1
2014-01-05 02:10:31,0
2014-01-05 02:10:33,0
2014-01-05 02:10:35,-1
2014-01-05 02:10:37,0
2014-01-05 02:10:39,1
2014-01-05 02:10:41,0
2014-01-05 02:10:43,0
2014-01-05 02:10:45,0
2014-01-05 02:10:47,0
2014-01-05 02:10:49,0
2014-01-05 02:10:51,0
2014-01-05 02:10:53,0
2014-01-05 02:10:55,-1
2014-01-05 02:10:57,1
2014-01-05 02:10:59,0
2014-01-05 02:11:01,-1
2014-01-05 02:11:03,0
2014-01-05 02:11:05,1
2014-01-05 02:11:07,0
2014-01-05 02:11:09,0
2014-01-05 02:11:11,-1
2014-01-05 02:11:13,1
2014-01-05 02:11:15,-1
2014-01-05 02:11:17,1
2014-01-05 02:11:19,0
2014-01-05 02:11:21,0
2014-01-05 02:11:23,0
2014-01-05 02:11:25,0
2014-01-05 02:11:27,0
2014-01-05 02:11:29,0
2014-01-05 02:11:31,0
2014-01-05 02:11:33,0
2014-01-05 02:11:35,0
2014-01-05 02:11:37,0
2014-01-05 02:11:39,0
2014-01-05 02:11:41,0
2014-01-05 02:11:43,0
2014-01-05 02:11:45,-1
2014-01-05 02:11:47,0
2014-01-05 02:11:49,1
2014-01-05 02:11:51,-1
2014-01-05 02:11:53,1
2014-01-05 02:11:55,0
2014-01-05 02:11:57,0
2014-01-05 02:11:59,0
2014-01-05 02:12:01,0
2014-01-05 02:12:03,0
2014-01-05 02:12:05,0
2014-01-05 02:12:07,0
2014-01-05 02:12:09,0
2014-01-05 02:12:11,0
2014-01-05 02:12:13,0
2014-01-05 02:12:15,1
2014-01-05 02:12:17,-2
2014-01-05 02:12:19,1
2014-01-05 02:12:21,0
2014-01-05 02:12:23,-1
2014-01-05 02:12:25,1
2014-01-05 02:12:27,-1
2014-01-05 02:12:29,1
2014-01-05 02:12:31,-1
2014-01-05 02:12:33,1
2014-01-05 02:12:35,0
2014-01-05 02:12:37,0
2014-01-05 02:12:39,0
2014-01-05 02:12:41,0
2014-01-05 02:12:43,0
2014-01-05 02:12:45,-1
2014-01-05 02:12:47,1
2014-01-05 02:12:49,0
2014-01-05 02:12:51,0
2014-01-05 02:12:53,-1
2014-01-05 02:12:55,0
2014-01-05 02:12:57,1
2014-01-05 02:12:59,0
2014-01-05 02:13:01,0
2014-01-05 02:13:03,0
2014-01-05 02:13:05,-1
2014-01-05 02:13:07,1
2014-01-05 02:13:09,0
2014-01-05 02:13:11,0
2014-01-05 02:13:13,0
2014-01-05 02:13:15,0
2014-01-05 02:13:17,1
2014-01-05 02:13:19,-2
2014-01-05 02:13:21,1
2014-01-05 02:13:23,-1
2014-01-05 02:13:25,1
2014-01-05 02:13:27,0
2014-01-05 02:13:29,0
2014-01-05 02:13:31,0
2014-01-05 02:13:33,-1
2014-01-05 02:13:35,1
2014-01-05 02:13:37,0
2014-01-05 02:13:39,0
2014-01-05 02:13:41,0
2014-01-05 02:13:43,0
2014-01-05 02:13:45,0
2014-01-05 02:13:47,0
2014-01-05 02:13:49,-1
2014-01-05 02:13:51,1
2014-01-05 02:13:53,0
2014-01-05 02:13:55,0
2014-01-05 02:13:57,0
2014-01-05 02:13:59,0
2014-01-05 02:14:01,0
2014-01-05 02:14:03,-1
2014-01-05 02:14:05,1
2014-01-05 02:14:07,-1
2014-01-05 02:14:09,1
2014-01-05 02:14:11,-1
2014-01-05 02:14:13,0
2014-01-05 02:14:15,1
2014-01-05 02:14:17,0
2014-01-05 02:14:19,0
2014-01-05 02:14:21,-1
2014-01-05 02:14:23,1
2014-01-05 02:14:25,-1
2014-01-05 02:14:27,0
2014-01-05 02:14:29,1
2014-01-05 02:14:31,-1
2014-01-05 02:14:33,0
2014-01-05 02:14:35,0
2014-01-05 02:14:37,1
2014-01-05 02:14:39,-1
2014-01-05 02:14:41,0
2014-01-05 02:14:43,1
2014-01-05 02:14:45,0
2014-01-05 02:14:47,0
2014-01-05 02:14:49,0
2014-01-05 02:14:51,0
2014-01-05 02:14:53,0
2014-01-05 02:14:55,0
2014-01-05 02:14:57,0
2014-01-05 02:14:59,1
2014-01-05 02:15:01,-1
2014-01-05 02:15:03,0
2014-01-05 02:15:05,-1
2014-01-05 02:15:07,1
2014-01-05 02:15:09,-1
2014-01-05 02:15:11,1
2014-01-05 02:15:13,0
2014-01-05 02:15:15,0
2014-01-05 02:15:17,0
2014-01-05 02:15:19,0
2014-01-05 02:15:21,0
2014-01-05 02:15:23,0
2014-01-05 02:15:25,0
2014-01-05 02:15:27,0
2014-01-05 02:15:29,-1
2014-01-05 02:15:31,1
2014-01-05 02:15:33,-1
2014-01-05 02:15:35,0
2014-01-05 02:15:37,0
2014-01-05 02:15:39,1
2014-01-05 02:15:41,-1
2014-01-05 02:15:43,0
2014-01-05 02:15:45,1
2014-01-05 02:15:47,0
2014-01-05 02:15:49,0
2014-01-05 02:15:51,0
2014-01-05 02:15:53,-1
2014-01-05 02:15:55,1
2014-01-05 02:15:57,0
2014-01-05 02:15:59,0
2014-01-05 02:16:01,0
2014-01-05 02:16:03,-1
2014-01-05 02:16:05,0
2014-01-05 02:16:07,0
2014-01-05 02:16:09,1
2014-01-05 02:16:11,-1
2014-01-05 02:16:13,1
2014-01-05 02:16:15,-1
2014-01-05 02:16:17,0
2014-01-05 02:16:19,1
2014-01-05 02:16:21,0
2014-01-05 02:16:23,0
2014-01-05 02:16:25,0
2014-01-05 02:16:27,3
2014-01-05 02:16:29,40
2014-01-05 02:16:31,25
2014-01-05 02:16:33,31
2014-01-05 02:16:35,28
2014-01-05 02:16:37,30
2014-01-05 02:16:39,26
2014-01-05 02:16:41,18
2014-01-05 02:16:43,21
2014-01-05 02:16:45,20
2014-01-05 02:16:47,17
2014-01-05 02:16:49,12
2014-01-05 02:16:51,8
2014-01-05 02:16:53,10
2014-01-05 02:16:55,8
2014-01-05 02:16:57,3
2014-01-05 02:16:59,-1
2014-01-05 02:17:01,-2
2014-01-05 02:17:03,-2
2014-01-05 02:17:05,-5
2014-01-05 02:17:07,-10
2014-01-05 02:17:09,-12
2014-01-05 02:17:11,-14
2014-01-05 02:17:13,-14
2014-01-05 02:17:15,-17
2014-01-05 02:17:17,-21
2014-01-05 02:17:19,-23
2014-01-05 02:17:21,-22
2014-01-05 02:17:23,-26
2014-01-05 02:17:25,-27
2014-01-05 02:17:27,-29
2014-01-05 02:17:29,-31
2014-01-05 02:17:31,-30
2014-01-05 02:17:33,-32
2014-01-05 02:17:35,-35
2014-01-05 02:17:37,-34
2014-01-05 02:17:39,-34
2014-01-05 02:17:41,-36
2014-01-05 02:17:43,-36
2014-01-05 02:17:45,-37
2014-01-05 02:17:47,-36
2014-01-05 02:17:49,-35
2014-01-05 02:17:51,-36
2014-01-05 02:17:53,-36
2014-01-05 02:17:55,-36
2014-01-05 02:17:57,-33
2014-01-05 02:17:59,-34
2014-01-05 02:18:01,-33
2014-01-05 02:18:03,-32
2014-01-05 02:18:05,-30
2014-01-05 02:18:07,-28
2014-01-05 02:18:09,-28
2014-01-05 02:18:11,-27
2014-01-05 02:18:13,-24
2014-01-05 02:18:15,-22
2014-01-05 02:18:17,-20
2014-01-05 02:18:19,-20
2014-01-05 02:18:21,-16
2014-01-05 02:18:23,-14
2014-01-05 02:18:25,-11
2014-01-05 02:18:27,-11
2014-01-05 02:18:29,-6
2014-01-05 02:18:31,-6
2014-01-05 02:18:33,-2
2014-01-05 02:18:35,0
2014-01-05 02:18:37,2
2014-01-05 02:18:39,4
2014-01-05 02:18:41,7
2014-01-05 02:18:43,9
2014-01-05 02:18:45,12
2014-01-05 02:18:47,15
2014-01-05 02:18:49,16
2014-01-05 02:18:51,19
2014-01-05 02:18:53,21
2014-01-05 02:18:55,22
2014-01-05 02:18:57,26
2014-01-05 02:18:59,27
2014-01-05 02:19:01,28
2014-01-05 02:19:03,31
2014-01-05 02:19:05,32
2014-01-05 02:19:07,33
2014-01-05 02:19:09,34
2014-01-05 02:19:11,38
2014-01-05 02:19:13,37
2014-01-05 02:19:15,37
2014-01-05 02:19:17,38
2014-01-05 02:19:19,41
2014-01-05 02:19:21,40
2014-01-05 02:19:23,41
2014-01-05 02:19:25,40
2014-01-05 02:19:27,40
2014-01-05 02:19:29,42
2014-01-05 02:19:31,40
2014-01-05 02:19:33,40
2014-01-05 02:19:35,39
2014-01-05 02:19:37,39
2014-01-05 02:19:39,38
2014-01-05 02:19:41,37
2014-01-05 02:19:43,35
2014-01-05 02:19:45,34
2014-01-05 02:19:47,33
2014-01-05 02:19:49,31
2014-01-05 02:19:51,31
2014-01-05 02:19:53,27
2014-01-05 02:19:55,27
2014-01-05 02:19:57,24
2014-01-05 02:19:59,22
2014-01-05 02:20:01,20
2014-01-05 02:20:03,17
2014-01-05 02:20:05,16
2014-01-05 02:20:07,13
2014-01-05 02:20:09,11
2014-01-05 02:20:11,8
2014-01-05 02:20:13,6
2014-01-05 02:20:15,4
2014-01-05 02:20:17,1
2014-01-05 02:20:19,-1
2014-01-05 02:20:21,-4
2014-01-05 02:20:23,-6
2014-01-05 02:20:25,-10
2014-01-05 02:20:27,-11
2014-01-05 02:20:29,-12
2014-01-05 02:20:31,-16
2014-01-05 02:20:33,-18
2014-01-05 02:20:35,-21
2014-01-05 02:20:37,-21
2014-01-05 02:20:39,-24
2014-01-05 02:20:41,-25
2014-01-05 02:20:43,-29
2014-01-05 02:20:45,-28
2014-01-05 02:20:47,-31
2014-01-05 02:20:49,-33
2014-01-05 02:20:51,-33
2014-01-05 02:20:53,-33
2014-01-05 02:20:55,-36
2014-01-05 02:20:57,-36
2014-01-05 02:20:59,-37
2014-01-05 02:21:01,-38
2014-01-05 02:21:03,-37
2014-01-05 02:21:05,-38
2014-01-05 02:21:07,-39
2014-01-05 02:21:09,-37
2014-01-05 02:21:11,-38
2014-01-05 02:21:13,-38
2014-01-05 02:21:15,-36
2014-01-05 02:21:17,-36
2014-01-05 02:21:19,-36
2014-01-05 02:21:21,-34
2014-01-05 02:21:23,-33
2014-01-05 02:21:25,-32
2014-01-05 02:21:27,-30
2014-01-05 02:21:29,-29
2014-01-05 02:21:31,-27
2014-01-05 02:21:33,-27
2014-01-05 02:21:35,-24
2014-01-05 02:21:37,-20
2014-01-05 02:21:39,-21
2014-01-05 02:21:41,-17
2014-01-05 02:21:43,-16
2014-01-05 02:21:45,-13
2014-01-05 02:21:47,-11
2014-01-05 02:21:49,-10
2014-01-05 02:21:51,-6
2014-01-05 02:21:53,-3
2014-01-05 02:21:55,-2
2014-01-05 02:21:57,1
2014-01-05 02:21:59,3
2014-01-05 02:22:01,6
2014-01-05 02:22:03,9
2014-01-05 02:22:05,13
2014-01-05 02:22:07,13
2014-01-05 02:22:09,16
2014-01-05 02:22:11,20
2014-01-05 02:22:13,22
2014-01-05 02:22:15,24
2014-01-05 02:22:17,26
2014-01-05 02:22:19,28
2014-01-05 02:22:21,29
2014-01-05 02:22:23,34
2014-01-05 02:22:25,33
2014-01-05 02:22:27,36
2014-01-05 02:22:29,36
2014-01-05 02:22:31,38
2014-01-05 02:22:33,40
2014-01-05 02:22:35,39
2014-01-05 02:22:37,41
2014-01-05 02:22:39,42
2014-01-05 02:22:41,42
2014-01-05 02:22:43,41
2014-01-05 02:22:45,42
2014-01-05 02:22:47,42
2014-01-05 02:22:49,40
2014-01-05 02:22:51,43
2014-01-05 02:22:53,40
2014-01-05 02:22:55,40
2014-01-05 02:22:57,37
2014-01-05 02:22:59,37
2014-01-05 02:23:01,35
2014-01-05 02:23:03,34
2014-01-05 02:23:05,33
2014-01-05 02:23:07,30
2014-01-05 02:23:09,29
2014-01-05 02:23:11,26
2014-01-05 02:23:13,25
2014-01-05 02:23:15,22
2014-01-05 02:23:17,20
2014-01-05 02:23:19,17
2014-01-05 02:23:21,15
2014-01-05 02:23:23,11
2014-01-05 02:23:25,10
2014-01-05 02:23:27,6
2014-01-05 02:23:29,4
2014-01-05 02:23:31,1
2014-01-05 02:23:33,-2
2014-01-05 02:23:35,-3
2014-01-05 02:23:37,-8
2014-01-05 02:23:39,-9
2014-01-05 02:23:41,-12
2014-01-05 02:23:43,-15
2014-01-05 02:23:45,-18
2014-01-05 02:23:47,-20
2014-01-05 02:23:49,-22
2014-01-05 02:23:51,-24
2014-01-05 02:23:53,-27
2014-01-05 02:23:55,-28
2014-01-05 02:23:57,-30
2014-01-05 02:23:59,-33
2014-01-05 02:24:01,-35
2014-01-05 02:24:03,-35
2014-01-05 02:24:05,-36
2014-01-05 02:24:07,-38
2014-01-05 02:24:09,-39
2014-01-05 02:24:11,-39
2014-01-05 02:24:13,-40
2014-01-05 02:24:15,-41
2014-01-05 02:24:17,-41
2014-01-05 02:24:19,-42
2014-01-05 02:24:21,-39
2014-01-05 02:24:23,-41
2014-01-05 02:24:25,-40
2014-01-05 02:24:27,-40
2014-01-05 02:24:29,-38
2014-01-05 02:24:31,-38
2014-01-05 02:24:33,-37
2014-01-05 02:24:35,-34
2014-01-05 02:24:37,-34
2014-01-05 02:24:39,-31
2014-01-05 02:24:41,-31
2014-01-05 02:24:43,-28
2014-01-05 02:24:45,-26
2014-01-05 02:24:47,-24
2014-01-05 02:24:49,-23
2014-01-05 02:24:51,-19
2014-01-05 02:24:53,-17
2014-01-05 02:24:55,-14
2014-01-05 02:24:57,-12
2014-01-05 02:24:59,-9
2014-01-05 02:25:01,-7
2014-01-05 02:25:03,-4
2014-01-05 02:25:05,-1
2014-01-05 02:25:07,2
2014-01-05 02:25:09,5
2014-01-05 02:25:11,6
2014-01-05 02:25:13,10
2014-01-05 02:25:15,11
2014-01-05 02:25:17,16
2014-01-05 02:25:19,18
2014-01-05 02:25:21,19
2014-01-05 02:25:23,22
2014-01-05 02:25:25,25
2014-01-05 02:25:27,26
2014-01-05 02:25:29,28
2014-01-05 02:25:31,30
2014-01-05 02:25:33,32
2014-01-05 02:25:35,34
2014-01-05 02:25:37,34
2014-01-05 02:25:39,37
2014-01-05 02:25:41,37
2014-01-05 02:25:43,38
2014-01-05 02:25:45,39
2014-01-05 02:25:47,40
2014-01-05 02:25:49,40
2014-01-05 02:25:51,42
2014-01-05 02:25:53,40
2014-01-05 02:25:55,41
2014-01-05 02:25:57,40
2014-01-05 02:25:59,40
2014-01-05 02:26:01,40
2014-01-05 02:26:03,39
2014-01-05 02:26:05,38
2014-01-05 02:26:07,37
2014-01-05 02:26:09,35
2014-01-05 02:26:11,35
2014-01-05 02:26:13,33
2014-01-05 02:26:15,32
2014-01-05 02:26:17,29
2014-01-05 02:26:19,27
2014-01-05 02:26:21,26
2014-01-05 02:26:23,24
2014-01-05 02:26:25,22
2014-01-05 02:26:27,18
2014-01-05 02:26:29,18
2014-01-05 02:26:31,15
2014-01-05 02:26:33,11
2014-01-05 02:26:35,10
2014-01-05 02:26:37,7
2014-01-05 02:26:39,3
2014-01-05 02:26:41,2
2014-01-05 02:26:43,-2
2014-01-05 02:26:45,-4
2014-01-05 02:26:47,-5
2014-01-05 02:26:49,-10
2014-01-05 02:26:51,-11
2014-01-05 02:26:53,-15
2014-01-05 02:26:55,-16
2014-01-05 02:26:57,-19
2014-01-05 02:26:59,-22
2014-01-05 02:27:01,-23
2014-01-05 02:27:03,-26
2014-01-05 02:27:05,-27
2014-01-05 02:27:07,-30
2014-01-05 02:27:09,-31
2014-01-05 02:27:11,-32
2014-01-05 02:27:13,-34
2014-01-05 02:27:15,-37
2014-01-05 02:27:17,-37
2014-01-05 02:27:19,-37
2014-01-05 02:27:21,-39
2014-01-05 02:27:23,-39
2014-01-05 02:27:25,-40
2014-01-05 02:27:27,-42
2014-01-05 02:27:29,-38
2014-01-05 02:27:31,-42
2014-01-05 02:27:33,-40
2014-01-05 02:27:35,-39
2014-01-05 02:27:37,-39
2014-01-05 02:27:39,-40
2014-01-05 02:27:41,-38
2014-01-05 02:27:43,-36
2014-01-05 02:27:45,-36
2014-01-05 02:27:47,-34
2014-01-05 02:27:49,-34
2014-01-05 02:27:51,-29
2014-01-05 02:27:53,-31
2014-01-05 02:27:55,-27
2014-01-05 02:27:57,-27
2014-01-05 02:27:59,-24
2014-01-05 02:28:01,-22
2014-01-05 02:28:03,-18
2014-01-05 02:28:05,-17
2014-01-05 02:28:07,-13
2014-01-05 02:28:09,-13
2014-01-05 02:28:11,-10
2014-01-05 02:28:13,-7
2014-01-05 02:28:15,-3
2014-01-05 02:28:17,-2
2014-01-05 02:28:37,1
2014-01-05 02:28:39,4
2014-01-05 02:28:41,7
2014-01-05 02:28:43,8
2014-01-05 02:28:45,13
2014-01-05 02:28:47,12
2014-01-05 02:28:49,17
2014-01-05 02:28:51,19
2014-01-05 02:28:53,20
2014-01-05 02:28:55,23
2014-01-05 02:28:57,25
2014-01-05 02:28:59,26
2014-01-05 02:29:01,29
2014-01-05 02:29:03,31
2014-01-05 02:29:05,32
2014-01-05 02:29:11,32
2014-01-05 02:29:13,34
2014-01-05 02:29:15,36
2014-01-05 02:29:17,37
2014-01-05 02:29:19,39
2014-01-05 02:29:21,37
2014-01-05 02:29:23,39
2014-01-05 02:29:25,40
2014-01-05 02:29:27,40
2014-01-05 02:29:29,39
2014-01-05 02:29:33,39
2014-01-05 02:29:35,39
2014-01-05 02:29:37,39
2014-01-05 02:29:39,39
2014-01-05 02:29:41,36
2014-01-05 02:29:43,38
2014-01-05 02:29:45,36
2014-01-05 02:29:47,35
2014-01-05 02:29:49,33
2014-01-05 02:29:51,32
2014-01-05 02:29:53,31
2014-01-05 02:29:55,28
2014-01-05 02:29:59,27
2014-01-05 02:30:01,24
2014-01-05 02:30:03,24
2014-01-05 02:30:04,21
2014-01-05 02:30:05,19
2014-01-05 02:30:06,16
2014-01-05 02:30:07,14
2014-01-05 02:30:08,12
2014-01-05 02:30:09,11
2014-01-05 02:30:10,6
2014-01-05 02:30:11,4
2014-01-05 02:30:12,3
2014-01-05 02:30:13,-1
2014-01-05 02:30:14,-3
2014-01-05 02:30:15,-6
2014-01-05 02:30:16,-7
2014-01-05 02:30:17,-11
2014-01-05 02:30:18,-13
2014-01-05 02:30:19,-15
2014-01-05 02:30:20,-17
2014-01-05 02:30:21,-20
2014-01-05 02:30:22,-22
2014-01-05 02:30:24,-24
2014-01-05 02:30:25,-25
2014-01-05 02:30:26,-28
2014-01-05 02:30:27,-29
2014-01-05 02:30:28,-31
2014-01-05 02:30:29,-33
2014-01-05 02:30:30,-34
2014-01-05 02:30:32,-35
2014-01-05 02:30:34,-37
2014-01-05 02:30:36,-37
2014-01-05 02:30:38,-37
2014-01-05 02:30:40,-40
2014-01-05 02:30:42,-38
2014-01-05 02:30:44,-39
2014-01-05 02:30:46,-40
2014-01-05 02:30:48,-40
2014-01-05 02:30:50,-39
2014-01-05 02:30:52,-39
2014-01-05 02:30:54,-39
2014-01-05 02:30:56,-38
2014-01-05 02:30:58,-37
2014-01-05 02:31:00,-36
2014-01-05 02:31:02,-34
2014-01-05 02:31:04,-35
2014-01-05 02:31:06,-32
2014-01-05 02:31:08,-31
2014-01-05 02:31:10,-29
2014-01-05 02:31:12,-28
2014-01-05 02:31:14,-26
2014-01-05 02:31:16,-23
2014-01-05 02:31:18,-22
2014-01-05 02:31:20,-19
2014-01-05 02:31:22,-17
2014-01-05 02:31:24,-15
2014-01-05 02:31:26,-13
2014-01-05 02:31:28,-10
2014-01-05 02:31:30,-8
2014-01-05 02:31:32,-6
2014-01-05 02:31:34,-2
2014-01-05 02:31:36,-1
2014-01-05 02:31:38,2
2014-01-05 02:31:40,5
2014-01-05 02:31:42,7
2014-01-05 02:31:44,10
2014-01-05 02:31:46,12
2014-01-05 02:31:48,14
2014-01-05 02:31:50,17
2014-01-05 02:31:52,19
2014-01-05 02:31:54,21
2014-01-05 02:31:56,23
2014-01-05 02:31:58,25
2014-01-05 02:32:00,27
2014-01-05 02:32:02,29
2014-01-05 02:32:04,30
2014-01-05 02:32:06,32
2014-01-05 02:32:08,32
2014-01-05 02:32:10,35
2014-01-05 02:32:12,36
2014-01-05 02:32:14,37
2014-01-05 02:32:16,37
2014-01-05 02:32:18,38
2014-01-05 02:32:20,38
2014-01-05 02:32:22,39
2014-01-05 02:32:24,40
2014-01-05 02:32:26,39
2014-01-05 02:32:28,38
2014-01-05 02:32:30,40
2014-01-05 02:32:32,38
2014-01-05 02:32:34,38
2014-01-05 02:32:36,37
2014-01-05 02:32:38,36
2014-01-05 02:32:40,36
2014-01-05 02:32:42,34
2014-01-05 02:32:44,33
2014-01-05 02:32:46,32
2014-01-05 02:32:48,30
2014-01-05 02:32:50,27
2014-01-05 02:32:52,28
2014-01-05 02:32:54,24
2014-01-05 02:32:56,24
2014-01-05 02:32:58,19
2014-01-05 02:33:00,19
2014-01-05 02:33:02,16
2014-01-05 02:33:04,15
2014-01-05 02:33:06,12
2014-01-05 02:33:08,9
2014-01-05 02:33:10,7
2014-01-05 02:33:12,5
2014-01-05 02:33:14,2
2014-01-05 02:33:16,-1
2014-01-05 02:33:18,-2
2014-01-05 02:33:20,-6
2014-01-05 02:33:22,-7
2014-01-05 02:33:24,-10
2014-01-05 02:33:26,-12
2014-01-05 02:33:28,-16
2014-01-05 02:33:30,-16
2014-01-05 02:33:32,-20
2014-01-05 02:33:34,-21
2014-01-05 02:33:36,-24
2014-01-05 02:33:38,-25
2014-01-05 02:33:40,-27
2014-01-05 02:33:42,-29
2014-01-05 02:33:44,-30
2014-01-05 02:33:46,-32
2014-01-05 02:33:48,-35
2014-01-05 02:33:50,-33
2014-01-05 02:33:52,-37
2014-01-05 02:33:54,-36
2014-01-05 02:33:56,-37
2014-01-05 02:33:58,-38
2014-01-05 02:34:00,-39
2014-01-05 02:34:02,-39
2014-01-05 02:34:04,-40
2014-01-05 02:34:06,-38
2014-01-05 02:34:08,-39
2014-01-05 02:34:10,-39
2014-01-05 02:34:12,-39
2014-01-05 02:34:14,-38
2014-01-05 02:34:16,-37
2014-01-05 02:34:18,-36
2014-01-05 02:34:20,-34
2014-01-05 02:34:22,-35
2014-01-05 02:34:24,-32
2014-01-05 02:34:26,-32
2014-01-05 02:34:28,-30
2014-01-05 02:34:30,-28
2014-01-05 02:34:32,-26
2014-01-05 02:34:34,-24
2014-01-05 02:34:36,-22
2014-01-05 02:34:38,-21
2014-01-05 02:34:40,-18
2014-01-05 02:34:42,-16
2014-01-05 02:34:44,-14
2014-01-05 02:34:46,-11
2014-01-05 02:34:48,-8
2014-01-05 02:34:50,-8
2014-01-05 02:34:52,-3
2014-01-05 02:34:54,-2
2014-01-05 02:34:56,1
2014-01-05 02:34:58,4
2014-01-05 02:35:00,5
2014-01-05 02:35:02,8
2014-01-05 02:35:04,10
2014-01-05 02:35:06,13
2014-01-05 02:35:08,15
2014-01-05 02:35:10,18
2014-01-05 02:35:12,20
2014-01-05 02:35:14,21
2014-01-05 02:35:16,24
2014-01-05 02:35:18,26
2014-01-05 02:35:20,28
2014-01-05 02:35:22,29
2014-01-05 02:35:24,31
2014-01-05 02:35:26,32
2014-01-05 02:35:28,34
2014-01-05 02:35:30,34
2014-01-05 02:35:32,35
2014-01-05 02:35:34,38
2014-01-05 02:35:36,38
2014-01-05 02:35:38,37
2014-01-05 02:35:40,40
2014-01-05 02:35:42,39
2014-01-05 02:35:44,38
2014-01-05 02:35:46,39
2014-01-05 02:35:48,39
2014-01-05 02:35:50,39
2014-01-05 02:35:52,38
2014-01-05 02:35:54,37
2014-01-05 02:35:56,37
2014-01-05 02:35:58,36
2014-01-05 02:36:00,35
2014-01-05 02:36:02,34
2014-01-05 02:36:04,32
2014-01-05 02:36:06,31
2014-01-05 02:36:08,29
2014-01-05 02:36:10,28
2014-01-05 02:36:12,25
2014-01-05 02:36:14,25
2014-01-05 02:36:16,22
2014-01-05 02:36:18,20
2014-01-05 02:36:20,17
2014-01-05 02:36:22,16
2014-01-05 02:36:24,14
2014-01-05 02:36:26,10
2014-01-05 02:36:28,9
2014-01-05 02:36:30,7
2014-01-05 02:36:32,3
2014-01-05 02:36:34,2
2014-01-05 02:36:36,-1
2014-01-05 02:36:38,-3
2014-01-05 02:36:40,-6
2014-01-05 02:36:42,-9
2014-01-05 02:36:44,-11
2014-01-05 02:36:46,-14
2014-01-05 02:36:48,-14
2014-01-05 02:36:50,-17
2014-01-05 02:36:52,-21
2014-01-05 02:36:54,-21
2014-01-05 02:36:56,-24
2014-01-05 02:36:58,-26
2014-01-05 02:37:00,-27
2014-01-05 02:37:02,-29
2014-01-05 02:37:04,-32
2014-01-05 02:37:06,-32
2014-01-05 02:37:08,-33
2014-01-05 02:37:10,-35
2014-01-05 02:37:12,-36
2014-01-05 02:37:14,-37
2014-01-05 02:37:16,-38
2014-01-05 02:37:18,-37
2014-01-05 02:37:20,-39
2014-01-05 02:37:22,-39
2014-01-05 02:37:24,-39
2014-01-05 02:37:26,-39
2014-01-05 02:37:28,-39
2014-01-05 02:37:30,-38
2014-01-05 02:37:32,-39
2014-01-05 02:37:34,-38
2014-01-05 02:37:36,-37
2014-01-05 02:37:38,-36
2014-01-05 02:37:40,-34
2014-01-05 02:37:42,-34
2014-01-05 02:37:44,-31
2014-01-05 02:37:46,-32
2014-01-05 02:37:48,-29
2014-01-05 02:37:50,-28
2014-01-05 02:37:52,-26
2014-01-05 02:37:54,-24
2014-01-05 02:37:56,-21
2014-01-05 02:37:58,-21
2014-01-05 02:38:00,-18
2014-01-05 02:38:02,-15
2014-01-05 02:38:04,-14
2014-01-05 02:38:06,-10
2014-01-05 02:38:08,-8
2014-01-05 02:38:10,-6
2014-01-05 02:38:12,-4
2014-01-05 02:38:14,-2
2014-01-05 02:38:16,1
2014-01-05 02:38:18,4
2014-01-05 02:38:20,6
2014-01-05 02:38:22,9
2014-01-05 02:38:24,11
2014-01-05 02:38:26,12
2014-01-05 02:38:28,16
2014-01-05 02:38:30,18
2014-01-05 02:38:32,19
2014-01-05 02:38:34,23
2014-01-05 02:38:36,24
2014-01-05 02:38:38,25
2014-01-05 02:38:40,29
2014-01-05 02:38:42,29
2014-01-05 02:38:44,30
2014-01-05 02:38:46,33
2014-01-05 02:38:48,34
2014-01-05 02:38:50,35
2014-01-05 02:38:52,35
2014-01-05 02:38:54,37
2014-01-05 02:38:56,38
2014-01-05 02:38:58,38
2014-01-05 02:39:00,39
2014-01-05 02:39:02,38
2014-01-05 02:39:04,39
2014-01-05 02:39:06,40
2014-01-05 02:39:08,38
2014-01-05 02:39:10,38
2014-01-05 02:39:12,38
2014-01-05 02:39:14,37
2014-01-05 02:39:16,37
2014-01-05 02:39:18,36
2014-01-05 02:39:20,35
2014-01-05 02:39:22,33
2014-01-05 02:39:24,34
2014-01-05 02:39:26,30
2014-01-05 02:39:28,29
2014-01-05 02:39:30,28
2014-01-05 02:39:32,25
2014-01-05 02:39:34,23
2014-01-05 02:39:36,23
2014-01-05 02:39:38,20
2014-01-05 02:39:40,17
2014-01-05 02:39:42,16
2014-01-05 02:39:44,13
2014-01-05 02:39:46,11
2014-01-05 02:39:48,8
2014-01-05 02:39:50,7
2014-01-05 02:39:52,3
2014-01-05 02:39:54,1
2014-01-05 02:39:56,-1
2014-01-05 02:39:58,-4
2014-01-05 02:40:00,-6
2014-01-05 02:40:02,-8
2014-01-05 02:40:04,-11
2014-01-05 02:40:06,-13
2014-01-05 02:40:08,-16
2014-01-05 02:40:10,-18
2014-01-05 02:40:12,-20
2014-01-05 02:40:14,-22
2014-01-05 02:40:16,-24
2014-01-05 02:40:18,-25
2014-01-05 02:40:20,-28
2014-01-05 02:40:22,-29
2014-01-05 02:40:24,-31
2014-01-05 02:40:26,-33
2014-01-05 02:40:28,-34
2014-01-05 02:40:30,-34
2014-01-05 02:40:32,-36
2014-01-05 02:40:34,-36
2014-01-05 02:40:36,-38
2014-01-05 02:40:38,-38
2014-01-05 02:40:40,-39
2014-01-05 02:40:42,-39
2014-01-05 02:40:44,-39
2014-01-05 02:40:46,-39
2014-01-05 02:40:48,-38
2014-01-05 02:40:50,-40
2014-01-05 02:40:52,-37
2014-01-05 02:40:54,-38
2014-01-05 02:40:56,-36
2014-01-05 02:40:58,-36
2014-01-05 02:41:00,-35
2014-01-05 02:41:02,-34
2014-01-05 02:41:04,-31
2014-01-05 02:41:06,-32
2014-01-05 02:41:08,-28
2014-01-05 02:41:10,-29
2014-01-05 02:41:12,-26
2014-01-05 02:41:14,-23
2014-01-05 02:41:16,-22
2014-01-05 02:41:18,-20
2014-01-05 02:41:20,-18
2014-01-05 02:41:22,-15
2014-01-05 02:41:24,-13
2014-01-05 02:41:26,-11
2014-01-05 02:41:28,-9
2014-01-05 02:41:30,-6
2014-01-05 02:41:32,-3
2014-01-05 02:41:34,-1
2014-01-05 02:41:36,0
2014-01-05 02:41:38,4
2014-01-05 02:41:40,6
2014-01-05 02:41:42,9
2014-01-05 02:41:44,11
2014-01-05 02:41:46,14
2014-01-05 02:41:48,14
2014-01-05 02:41:50,18
2014-01-05 02:41:52,21
2014-01-05 02:41:54,21
2014-01-05 02:41:56,25
2014-01-05 02:41:58,26
2014-01-05 02:42:00,27
2014-01-05 02:42:02,29
2014-01-05 02:42:04,31
2014-01-05 02:42:06,32
2014-01-05 02:42:08,33
2014-01-05 02:42:10,36
2014-01-05 02:42:12,36
2014-01-05 02:42:14,36
2014-01-05 02:42:16,37
2014-01-05 02:42:18,39
2014-01-05 02:42:20,38
2014-01-05 02:42:22,40
2014-01-05 02:42:24,38
2014-01-05 02:42:26,39
2014-01-05 02:42:28,39
2014-01-05 02:42:30,39
2014-01-05 02:42:32,38
2014-01-05 02:42:34,37
2014-01-05 02:42:36,36
2014-01-05 02:42:38,36
2014-01-05 02:42:40,34
2014-01-05 02:42:42,34
2014-01-05 02:42:44,32
2014-01-05 02:42:46,31
2014-01-05 02:42:48,29
2014-01-05 02:42:50,29
2014-01-05 02:42:52,25
2014-01-05 02:42:54,23
2014-01-05 02:42:56,22
2014-01-05 02:42:58,21
2014-01-05 02:43:00,17
2014-01-05 02:43:02,15
2014-01-05 02:43:04,14
2014-01-05 02:43:06,11
2014-01-05 02:43:08,8
2014-01-05 02:43:10,6
2014-01-05 02:43:12,3
2014-01-05 02:43:14,2
2014-01-05 02:43:16,-1
2014-01-05 02:43:18,-4
2014-01-05 02:43:20,-6
2014-01-05 02:43:22,-8
2014-01-05 02:43:24,-11
2014-01-05 02:43:26,-13
2014-01-05 02:43:28,-16
2014-01-05 02:43:30,-18
2014-01-05 02:43:32,-19
2014-01-05 02:43:34,-21
2014-01-05 02:43:36,-25
2014-01-05 02:43:38,-26
2014-01-05 02:43:40,-27
2014-01-05 02:43:42,-29
2014-01-05 02:43:44,-31
2014-01-05 02:43:46,-32
2014-01-05 02:43:48,-34
2014-01-05 02:43:50,-34
2014-01-05 02:43:52,-36
2014-01-05 02:43:54,-37
2014-01-05 02:43:56,-37
2014-01-05 02:43:58,-39
2014-01-05 02:44:00,-39
2014-01-05 02:44:02,-38
2014-01-05 02:44:04,-39
2014-01-05 02:44:06,-39
2014-01-05 02:44:08,-39
2014-01-05 02:44:10,-38
2014-01-05 02:44:12,-38
2014-01-05 02:44:14,-38
2014-01-05 02:44:16,-37
2014-01-05 02:44:18,-35
2014-01-05 02:44:20,-35
2014-01-05 02:44:22,-34
2014-01-05 02:44:24,-32
2014-01-05 02:44:26,-31
2014-01-05 02:44:28,-29
2014-01-05 02:44:30,-28
2014-01-05 02:44:32,-26
2014-01-05 02:44:34,-25
2014-01-05 02:44:36,-21
2014-01-05 02:44:38,-20
2014-01-05 02:44:40,-18
2014-01-05 02:44:42,-15
2014-01-05 02:44:44,-13
2014-01-05 02:44:46,-12
2014-01-05 02:44:48,-8
2014-01-05 02:44:50,-7
2014-01-05 02:44:52,-4
2014-01-05 02:44:54,-1
2014-01-05 02:44:56,1
2014-01-05 02:44:58,4
2014-01-05 02:45:00,7
2014-01-05 02:45:02,7
2014-01-05 02:45:03,11
2014-01-05 02:45:05,13
2014-01-05 02:45:07,15
2014-01-05 02:45:09,18
2014-01-05 02:45:11,19
2014-01-05 02:45:13,23
2014-01-05 02:45:15,22
2014-01-05 02:45:17,27
2014-01-05 02:45:19,27
2014-01-05 02:45:21,29
2014-01-05 02:45:23,32
2014-01-05 02:45:25,32
2014-01-05 02:45:27,34
2014-01-05 02:45:29,34
2014-01-05 02:45:31,35
2014-01-05 02:45:33,37
2014-01-05 02:45:35,38
2014-01-05 02:45:37,38
2014-01-05 02:45:39,39
2014-01-05 02:45:41,38
2014-01-05 02:45:43,39
2014-01-05 02:45:45,39
2014-01-05 02:45:47,39
2014-01-05 02:45:49,38
2014-01-05 02:45:51,39
2014-01-05 02:45:53,37
2014-01-05 02:45:55,37
2014-01-05 02:45:57,36
2014-01-05 02:45:59,34
2014-01-05 02:46:01,34
2014-01-05 02:46:03,32
2014-01-05 02:46:05,31
2014-01-05 02:46:07,29
2014-01-05 02:46:09,28
2014-01-05 02:46:11,25
2014-01-05 02:46:13,25
2014-01-05 02:46:15,21
2014-01-05 02:46:17,21
2014-01-05 02:46:19,17
2014-01-05 02:46:21,15
2014-01-05 02:46:23,15
2014-01-05 02:46:25,10
2014-01-05 02:46:27,9
2014-01-05 02:46:29,7
2014-01-05 02:46:31,3
2014-01-05 02:46:33,2
2014-01-05 02:46:35,-1
2014-01-05 02:46:37,-3
2014-01-05 02:46:39,-6
2014-01-05 02:46:41,-8
2014-01-05 02:46:43,-11
2014-01-05 02:46:45,-14
2014-01-05 02:46:47,-14
2014-01-05 02:46:49,-18
2014-01-05 02:46:51,-20
2014-01-05 02:46:53,-22
2014-01-05 02:46:55,-23
2014-01-05 02:46:57,-26
2014-01-05 02:46:59,-27
2014-01-05 02:47:01,-29
2014-01-05 02:47:03,-31
2014-01-05 02:47:05,-33
2014-01-05 02:47:07,-32
2014-01-05 02:47:09,-35
2014-01-05 02:47:11,-36
2014-01-05 02:47:13,-36
2014-01-05 02:47:15,-37
2014-01-05 02:47:17,-39
2014-01-05 02:47:19,-38
2014-01-05 02:47:21,-39
2014-01-05 02:47:23,-39
2014-01-05 02:47:25,-39
2014-01-05 02:47:27,-39
2014-01-05 02:47:29,-38
2014-01-05 02:47:31,-38
2014-01-05 02:47:33,-39
2014-01-05 02:47:35,-36
2014-01-05 02:47:37,-36
2014-01-05 02:47:39,-34
2014-01-05 02:47:41,-34
2014-01-05 02:47:43,-33
2014-01-05 02:47:45,-31
2014-01-05 02:47:47,-28
2014-01-05 02:47:49,-29
2014-01-05 02:47:51,-26
2014-01-05 02:47:53,-24
2014-01-05 02:47:55,-22
2014-01-05 02:47:57,-21
2014-01-05 02:47:59,-17
2014-01-05 02:48:01,-16
2014-01-05 02:48:03,-14
2014-01-05 02:48:05,-11
2014-01-05 02:48:07,-9
2014-01-05 02:48:09,-6
2014-01-05 02:48:11,-5
2014-01-05 02:48:13,-1
2014-01-05 02:48:15,2
2014-01-05 02:48:17,3
2014-01-05 02:48:19,6
2014-01-05 02:48:21,8
2014-01-05 02:48:23,10
2014-01-05 02:48:25,12
2014-01-05 02:48:27,16
2014-01-05 02:48:29,17
2014-01-05 02:48:31,20
2014-01-05 02:48:33,22
2014-01-05 02:48:35,23
2014-01-05 02:48:37,25
2014-01-05 02:48:39,28
2014-01-05 02:48:41,29
2014-01-05 02:48:43,31
2014-01-05 02:48:45,31
2014-01-05 02:48:47,34
2014-01-05 02:48:49,35
2014-01-05 02:48:51,35
2014-01-05 02:48:53,38
2014-01-05 02:48:55,36
2014-01-05 02:48:57,38
2014-01-05 02:48:59,39
2014-01-05 02:49:01,39
2014-01-05 02:49:03,38
2014-01-05 02:49:05,40
2014-01-05 02:49:07,39
2014-01-05 02:49:09,38
2014-01-05 02:49:11,38
2014-01-05 02:49:13,37
2014-01-05 02:49:15,38
2014-01-05 02:49:17,36
2014-01-05 02:49:19,35
2014-01-05 02:49:21,32
2014-01-05 02:49:23,33
2014-01-05 02:49:25,30
2014-01-05 02:49:27,31
2014-01-05 02:49:29,27
2014-01-05 02:49:31,26
2014-01-05 02:49:33,25
2014-01-05 02:49:35,22
2014-01-05 02:49:37,20
2014-01-05 02:49:39,18
2014-01-05 02:49:41,16
2014-01-05 02:49:43,14
2014-01-05 02:49:45,11
2014-01-05 02:49:47,8
2014-01-05 02:49:49,8
2014-01-05 02:49:51,3
2014-01-05 02:49:53,2
2014-01-05 02:49:55,-1
2014-01-05 02:49:57,-4
2014-01-05 02:49:59,-4
2014-01-05 02:50:01,-9
2014-01-05 02:50:03,-10
2014-01-05 02:50:05,-13
2014-01-05 02:50:07,-15
2014-01-05 02:50:09,-18
2014-01-05 02:50:11,-18
2014-01-05 02:50:13,-22
2014-01-05 02:50:15,-25
2014-01-05 02:50:17,-24
2014-01-05 02:50:19,-27
2014-01-05 02:50:21,-29
2014-01-05 02:50:23,-31
2014-01-05 02:50:25,-32
2014-01-05 02:50:27,-34
2014-01-05 02:50:29,-33
2014-01-05 02:50:31,-36
2014-01-05 02:50:33,-37
2014-01-05 02:50:35,-38
2014-01-05 02:50:37,-37
2014-01-05 02:50:39,-39
2014-01-05 02:50:41,-38
2014-01-05 02:50:43,-39
2014-01-05 02:50:45,-40
2014-01-05 02:50:47,-39
2014-01-05 02:50:49,-39
2014-01-05 02:50:51,-38
2014-01-05 02:50:53,-38
2014-01-05 02:50:55,-36
2014-01-05 02:50:57,-37
2014-01-05 02:50:59,-34
2014-01-05 02:51:01,-34
2014-01-05 02:51:03,-33
2014-01-05 02:51:05,-29
2014-01-05 02:51:07,-30
2014-01-05 02:51:09,-29
2014-01-05 02:51:11,-27
2014-01-05 02:51:13,-23
2014-01-05 02:51:15,-22
2014-01-05 02:51:17,-21
2014-01-05 02:51:19,-18
2014-01-05 02:51:21,-17
2014-01-05 02:51:23,-13
2014-01-05 02:51:25,-11
2014-01-05 02:51:27,-9
2014-01-05 02:51:29,-7
2014-01-05 02:51:31,-4
2014-01-05 02:51:33,-2
2014-01-05 02:51:35,1
2014-01-05 02:51:37,3
2014-01-05 02:51:39,6
2014-01-05 02:51:41,9
2014-01-05 02:51:43,8
2014-01-05 02:51:45,14
2014-01-05 02:51:47,15
2014-01-05 02:51:49,17
2014-01-05 02:51:51,19
2014-01-05 02:51:53,21
2014-01-05 02:51:55,25
2014-01-05 02:51:57,25
2014-01-05 02:51:59,26
2014-01-05 02:52:01,30
2014-01-05 02:52:03,30
2014-01-05 02:52:05,32
2014-01-05 02:52:07,34
2014-01-05 02:52:09,34
2014-01-05 02:52:11,36
2014-01-05 02:52:13,37
2014-01-05 02:52:15,36
2014-01-05 02:52:17,39
2014-01-05 02:52:19,38
2014-01-05 02:52:21,39
2014-01-05 02:52:23,39
2014-01-05 02:52:25,38
2014-01-05 02:52:27,40
2014-01-05 02:52:29,38
2014-01-05 02:52:31,38
2014-01-05 02:52:33,38
2014-01-05 02:52:35,37
2014-01-05 02:52:37,35
2014-01-05 02:52:39,36
2014-01-05 02:52:41,33
2014-01-05 02:52:43,33
2014-01-05 02:52:45,31
2014-01-05 02:52:47,29
2014-01-05 02:52:49,28
2014-01-05 02:52:51,27
2014-01-05 02:52:53,24
2014-01-05 02:52:55,22
2014-01-05 02:52:57,21
2014-01-05 02:52:59,17
2014-01-05 02:53:01,17
2014-01-05 02:53:03,14
2014-01-05 02:53:05,11
2014-01-05 02:53:07,9
2014-01-05 02:53:09,7
2014-01-05 02:53:11,5
2014-01-05 02:53:13,1
2014-01-05 02:53:15,0
2014-01-05 02:53:17,-3
2014-01-05 02:53:19,-6
2014-01-05 02:53:21,-7
2014-01-05 02:53:23,-11
2014-01-05 02:53:25,-13
2014-01-05 02:53:27,-15
2014-01-05 02:53:29,-16
2014-01-05 02:53:31,-20
2014-01-05 02:53:33,-22
2014-01-05 02:53:35,-23
2014-01-05 02:53:37,-25
2014-01-05 02:53:39,-27
2014-01-05 02:53:41,-28
2014-01-05 02:53:43,-31
2014-01-05 02:53:45,-32
2014-01-05 02:53:47,-34
2014-01-05 02:53:49,-34
2014-01-05 02:53:51,-36
2014-01-05 02:53:53,-37
2014-01-05 02:53:55,-36
2014-01-05 02:53:57,-38
2014-01-05 02:53:59,-38
2014-01-05 02:54:01,-40
2014-01-05 02:54:03,-40
2014-01-05 02:54:05,-38
2014-01-05 02:54:07,-39
2014-01-05 02:54:09,-38
2014-01-05 02:54:11,-39
2014-01-05 02:54:13,-37
2014-01-05 02:54:15,-37
2014-01-05 02:54:17,-35
2014-01-05 02:54:19,-36
2014-01-05 02:54:21,-34
2014-01-05 02:54:23,-32
2014-01-05 02:54:25,-32
2014-01-05 02:54:27,-30
2014-01-05 02:54:29,-27
2014-01-05 02:54:31,-27
2014-01-05 02:54:33,-24
2014-01-05 02:54:35,-23
2014-01-05 02:54:37,-20
2014-01-05 02:54:39,-18
2014-01-05 02:54:41,-16
2014-01-05 02:54:43,-14
2014-01-05 02:54:45,-12
2014-01-05 02:54:47,-9
2014-01-05 02:54:49,-7
2014-01-05 02:54:51,-5
2014-01-05 02:54:53,-1
2014-01-05 02:54:55,0
2014-01-05 02:54:57,4
2014-01-05 02:54:59,4
2014-01-05 02:55:01,8
2014-01-05 02:55:03,10
2014-01-05 02:55:05,13
2014-01-05 02:55:07,14
2014-01-05 02:55:09,17
2014-01-05 02:55:11,20
2014-01-05 02:55:13,20
2014-01-05 02:55:15,24
2014-01-05 02:55:17,26
2014-01-05 02:55:19,26
2014-01-05 02:55:21,29
2014-01-05 02:55:23,31
2014-01-05 02:55:25,32
2014-01-05 02:55:27,295