2014-01-05 02:00:01,       3
2014-01-05 02:00:03,       3
2014-01-05 02:00:05,       2
2014-01-05 02:00:07,       2
2014-01-05 02:00:09,       3
2014-01-05 02:00:11,       2
2014-01-05 02:00:13,       2
2014-01-05 02:00:15,       2
2014-01-05 02:00:17,       2
2014-01-05 02:00:19,       2
2014-01-05 02:00:21,       2
2014-01-05 02:00:23,       1
2014-01-05 02:00:25,       3
2014-01-05 02:00:27,       2
2014-01-05 02:00:29,       2
2014-01-05 02:00:31,       2
2014-01-05 02:00:33,       2
2014-01-05 02:00:35,       2
2014-01-05 02:00:37,       2
2014-01-05 02:00:39,       2
2014-01-05 02:00:41,       2
2014-01-05 02:00:43,       2
2014-01-05 02:00:45,       2
2014-01-05 02:00:47,       2
2014-01-05 02:00:49,       2
2014-01-05 02:00:51,       2
2014-01-05 02:00:53,       2
2014-01-05 02:00:55,       3
2014-01-05 02:00:57,       2
2014-01-05 02:00:59,       2
2014-01-05 02:01:01,       3
2014-01-05 02:01:03,       3
2014-01-05 02:01:05,       2
2014-01-05 02:01:07,       2
2014-01-05 02:01:09,       1
2014-01-05 02:01:11,       2
2014-01-05 02:01:13,       2
2014-01-05 02:01:15,       2
2014-01-05 02:01:17,       2
2014-01-05 02:01:19,       2
2014-01-05 02:01:21,       2
2014-01-05 02:01:23,       2
2014-01-05 02:01:25,       2
2014-01-05 02:01:27,       2
2014-01-05 02:01:29,       2
2014-01-05 02:01:31,       2
2014-01-05 02:01:33,       2
2014-01-05 02:01:35,       1
2014-01-05 02:01:37,       3
2014-01-05 02:01:39,       2
2014-01-05 02:01:41,       2
2014-01-05 02:01:43,       2
2014-01-05 02:01:45,       2
2014-01-05 02:01:47,       2
2014-01-05 02:01:49,       2
2014-01-05 02:01:51,       2
2014-01-05 02:01:53,       2
2014-01-05 02:01:55,       2
2014-01-05 02:01:57,       1
2014-01-05 02:01:59,       2
2014-01-05 02:02:01,       2
2014-01-05 02:02:03,       2
2014-01-05 02:02:05,       2
2014-01-05 02:02:07,       2
2014-01-05 02:02:09,       2
2014-01-05 02:02:11,       2
2014-01-05 02:02:13,       2
2014-01-05 02:02:15,       2
2014-01-05 02:02:17,       2
2014-01-05 02:02:19,       3
2014-01-05 02:02:21,       2
2014-01-05 02:02:23,       2
2014-01-05 02:02:25,       2
2014-01-05 02:02:27,       2
2014-01-05 02:02:29,       1
2014-01-05 02:02:31,       2
2014-01-05 02:02:33,       1
2014-01-05 02:02:35,       3
2014-01-05 02:02:37,       2
2014-01-05 02:02:39,       2
2014-01-05 02:02:41,       2
2014-01-05 02:02:43,       2
2014-01-05 02:02:45,       2
2014-01-05 02:02:47,       2
2014-01-05 02:02:49,       2
2014-01-05 02:02:51,       2
2014-01-05 02:02:53,       2
2014-01-05 02:02:55,       2
2014-01-05 02:02:57,       1
2014-01-05 02:02:59,       2
2014-01-05 02:03:01,       2
2014-01-05 02:03:03,       2
2014-01-05 02:03:05,       2
2014-01-05 02:03:07,       2
2014-01-05 02:03:09,       2
2014-01-05 02:03:11,       2
2014-01-05 02:03:13,       2
2014-01-05 02:03:15,       2
2014-01-05 02:03:17,       2
2014-01-05 02:03:19,       1
2014-01-05 02:03:21,       2
2014-01-05 02:03:23,       2
2014-01-05 02:03:25,       2
2014-01-05 02:03:27,       2
2014-01-05 02:03:29,       1
2014-01-05 02:03:31,       2
2014-01-05 02:03:33,       1
2014-01-05 02:03:35,       2
2014-01-05 02:03:37,       2
2014-01-05 02:03:39,       2
2014-01-05 02:03:41,       2
2014-01-05 02:03:43,       2
2014-01-05 02:03:45,       2
2014-01-05 02:03:47,       2
2014-01-05 02:03:49,       2
2014-01-05 02:03:51,       2
2014-01-05 02:03:53,       2
2014-01-05 02:03:55,       2
2014-01-05 02:03:57,       2
2014-01-05 02:03:59,       2
2014-01-05 02:04:01,       1
2014-01-05 02:04:03,       1
2014-01-05 02:04:05,       2
2014-01-05 02:04:07,       2
2014-01-05 02:04:09,       2
2014-01-05 02:04:11,       2
2014-01-05 02:04:13,       1
2014-01-05 02:04:15,       2
2014-01-05 02:04:17,       2
2014-01-05 02:04:19,       2
2014-01-05 02:04:21,       1
2014-01-05 02:04:23,       2
2014-01-05 02:04:25,       2
2014-01-05 02:04:27,       2
2014-01-05 02:04:29,       2
2014-01-05 02:04:31,       2
2014-01-05 02:04:33,       2
2014-01-05 02:04:35,       2
2014-01-05 02:04:37,       2
2014-01-05 02:04:39,       2
2014-01-05 02:04:41,       2
2014-01-05 02:04:43,       2
2014-01-05 02:04:45,       2
2014-01-05 02:04:47,       2
2014-01-05 02:04:49,       2
2014-01-05 02:04:51,       2
2014-01-05 02:04:53,       2
2014-01-05 02:04:55,       2
2014-01-05 02:04:57,       2
2014-01-05 02:04:59,       1
2014-01-05 02:05:01,       2
2014-01-05 02:05:03,       1
2014-01-05 02:05:05,       1
2014-01-05 02:05:07,       2
2014-01-05 02:05:09,       2
2014-01-05 02:05:11,       2
2014-01-05 02:05:13,       2
2014-01-05 02:05:15,       1
2014-01-05 02:05:17,       2
2014-01-05 02:05:19,       2
2014-01-05 02:05:21,       2
2014-01-05 02:05:23,       1
2014-01-05 02:05:25,       2
2014-01-05 02:05:27,       2
2014-01-05 02:05:29,       1
2014-01-05 02:05:31,       1
2014-01-05 02:05:33,       1
2014-01-05 02:05:35,       2
2014-01-05 02:05:37,       2
2014-01-05 02:05:39,       2
2014-01-05 02:05:41,       0
2014-01-05 02:05:43,       1
2014-01-05 02:05:45,       2
2014-01-05 02:05:47,       1
2014-01-05 02:05:49,       2
2014-01-05 02:05:51,       2
2014-01-05 02:05:53,       1
2014-01-05 02:05:55,       2
2014-01-05 02:05:57,       2
2014-01-05 02:05:59,       1
2014-01-05 02:06:01,       1
2014-01-05 02:06:03,       1
2014-01-05 02:06:05,       1
2014-01-05 02:06:07,       1
2014-01-05 02:06:09,       2
2014-01-05 02:06:11,       2
2014-01-05 02:06:13,       2
2014-01-05 02:06:15,       1
2014-01-05 02:06:17,       2
2014-01-05 02:06:19,       2
2014-01-05 02:06:21,       2
2014-01-05 02:06:23,       2
2014-01-05 02:06:25,       1
2014-01-05 02:06:27,       2
2014-01-05 02:06:29,       1
2014-01-05 02:06:31,       2
2014-01-05 02:06:33,       2
2014-01-05 02:06:35,       1
2014-01-05 02:06:37,       1
2014-01-05 02:06:39,       1
2014-01-05 02:06:41,       2
2014-01-05 02:06:43,       2
2014-01-05 02:06:45,       2
2014-01-05 02:06:47,       1
2014-01-05 02:06:49,       2
2014-01-05 02:06:51,       2
2014-01-05 02:06:53,       1
2014-01-05 02:06:55,       1
2014-01-05 02:06:57,       2
2014-01-05 02:06:59,       1
2014-01-05 02:07:01,       2
2014-01-05 02:07:03,       2
2014-01-05 02:07:05,       2
2014-01-05 02:07:07,       2
2014-01-05 02:07:09,       2
2014-01-05 02:07:11,       1
2014-01-05 02:07:13,       2
2014-01-05 02:07:15,       2
2014-01-05 02:07:17,       2
2014-01-05 02:07:19,       1
2014-01-05 02:07:21,       1
2014-01-05 02:07:23,       1
2014-01-05 02:07:25,       1
2014-01-05 02:07:27,       1
2014-01-05 02:07:29,       1
2014-01-05 02:07:31,       1
2014-01-05 02:07:33,       2
2014-01-05 02:07:35,       1
2014-01-05 02:07:37,       1
2014-01-05 02:07:39,       1
2014-01-05 02:07:41,       1
2014-01-05 02:07:43,       0
2014-01-05 02:07:45,       2
2014-01-05 02:07:47,       1
2014-01-05 02:07:49,       1
2014-01-05 02:07:51,       2
2014-01-05 02:07:53,       2
2014-01-05 02:07:55,       1
2014-01-05 02:07:57,       2
2014-01-05 02:07:59,       1
2014-01-05 02:08:01,       1
2014-01-05 02:08:03,       1
2014-01-05 02:08:05,       1
2014-01-05 02:08:07,       2
2014-01-05 02:08:09,       2
2014-01-05 02:08:11,       1
2014-01-05 02:08:13,       2
2014-01-05 02:08:15,       2
2014-01-05 02:08:17,       1
2014-01-05 02:08:19,       1
2014-01-05 02:08:21,       1
2014-01-05 02:08:23,       2
2014-01-05 02:08:25,       1
2014-01-05 02:08:27,       1
2014-01-05 02:08:29,       1
2014-01-05 02:08:31,       2
2014-01-05 02:08:33,       2
2014-01-05 02:08:35,       1
2014-01-05 02:08:37,       2
2014-01-05 02:08:39,       2
2014-01-05 02:08:41,       1
2014-01-05 02:08:43,       1
2014-01-05 02:08:45,       1
2014-01-05 02:08:47,       2
2014-01-05 02:08:49,       2
2014-01-05 02:08:51,       2
2014-01-05 02:08:53,       2
2014-01-05 02:08:55,       1
2014-01-05 02:08:57,       1
2014-01-05 02:08:59,       2
2014-01-05 02:09:01,       2
2014-01-05 02:09:03,       1
2014-01-05 02:09:05,       1
2014-01-05 02:09:07,       2
2014-01-05 02:09:09,       2
2014-01-05 02:09:11,       1
2014-01-05 02:09:13,       1
2014-01-05 02:09:15,       1
2014-01-05 02:09:17,       0
2014-01-05 02:09:19,       1
2014-01-05 02:09:21,       1
2014-01-05 02:09:23,       1
2014-01-05 02:09:25,       1
2014-01-05 02:09:27,       2
2014-01-05 02:09:29,       1
2014-01-05 02:09:31,       1
2014-01-05 02:09:33,       1
2014-01-05 02:09:35,       1
2014-01-05 02:09:37,       1
2014-01-05 02:09:39,       1
2014-01-05 02:09:41,       1
2014-01-05 02:09:43,       1
2014-01-05 02:09:45,       1
2014-01-05 02:09:47,       1
2014-01-05 02:09:49,       1
2014-01-05 02:09:51,       1
2014-01-05 02:09:53,       1
2014-01-05 02:09:55,       1
2014-01-05 02:09:57,       1
2014-01-05 02:09:59,       1
2014-01-05 02:10:01,       1
2014-01-05 02:10:03,       1
2014-01-05 02:10:05,       1
2014-01-05 02:10:07,       1
2014-01-05 02:10:09,       1
2014-01-05 02:10:11,       0
2014-01-05 02:10:13,       1
2014-01-05 02:10:15,       1
2014-01-05 02:10:17,       1
2014-01-05 02:10:19,       1
2014-01-05 02:10:21,       1
2014-01-05 02:10:23,       1
2014-01-05 02:10:25,       2
2014-01-05 02:10:27,       1
2014-01-05 02:10:29,       1
2014-01-05 02:10:31,       1
2014-01-05 02:10:33,       1
2014-01-05 02:10:35,       1
2014-01-05 02:10:37,       1
2014-01-05 02:10:39,       1
2014-01-05 02:10:41,       1
2014-01-05 02:10:43,       1
2014-01-05 02:10:45,       1
2014-01-05 02:10:47,       1
2014-01-05 02:10:49,       1
2014-01-05 02:10:51,       1
2014-01-05 02:10:53,       1
2014-01-05 02:10:55,       1
2014-01-05 02:10:57,       1
2014-01-05 02:10:59,       1
2014-01-05 02:11:01,       1
2014-01-05 02:11:03,       2
2014-01-05 02:11:05,       2
2014-01-05 02:11:07,       1
2014-01-05 02:11:09,       1
2014-01-05 02:11:11,       1
2014-01-05 02:11:13,       1
2014-01-05 02:11:15,       1
2014-01-05 02:11:17,       1
2014-01-05 02:11:19,       1
2014-01-05 02:11:21,       1
2014-01-05 02:11:23,       1
2014-01-05 02:11:25,       1
2014-01-05 02:11:27,       2
2014-01-05 02:11:29,       1
2014-01-05 02:11:31,       1
2014-01-05 02:11:33,       1
2014-01-05 02:11:35,       1
2014-01-05 02:11:37,       1
2014-01-05 02:11:39,       2
2014-01-05 02:11:41,       1
2014-01-05 02:11:43,       0
2014-01-05 02:11:45,       1
2014-01-05 02:11:47,       1
2014-01-05 02:11:49,       1
2014-01-05 02:11:51,       1
2014-01-05 02:11:53,       1
2014-01-05 02:11:55,       1
2014-01-05 02:11:57,       1
2014-01-05 02:11:59,       1
2014-01-05 02:12:01,       1
2014-01-05 02:12:03,       1
2014-01-05 02:12:05,       1
2014-01-05 02:12:07,       1
2014-01-05 02:12:09,       1
2014-01-05 02:12:11,       1
2014-01-05 02:12:13,       1
2014-01-05 02:12:15,       1
2014-01-05 02:12:17,       1
2014-01-05 02:12:19,       1
2014-01-05 02:12:21,       1
2014-01-05 02:12:23,       1
2014-01-05 02:12:25,       1
2014-01-05 02:12:27,       2
2014-01-05 02:12:29,       2
2014-01-05 02:12:31,       1
2014-01-05 02:12:33,       1
2014-01-05 02:12:35,       1
2014-01-05 02:12:37,       1
2014-01-05 02:12:39,       1
2014-01-05 02:12:41,       1
2014-01-05 02:12:43,       1
2014-01-05 02:12:45,       1
2014-01-05 02:12:47,       1
2014-01-05 02:12:49,       1
2014-01-05 02:12:51,       1
2014-01-05 02:12:53,       1
2014-01-05 02:12:55,       1
2014-01-05 02:12:57,       1
2014-01-05 02:12:59,       1
2014-01-05 02:13:01,       1
2014-01-05 02:13:03,       1
2014-01-05 02:13:05,       1
2014-01-05 02:13:07,       1
2014-01-05 02:13:09,       1
2014-01-05 02:13:11,       1
2014-01-05 02:13:13,       1
2014-01-05 02:13:15,       0
2014-01-05 02:13:17,       1
2014-01-05 02:13:19,       1
2014-01-05 02:13:21,       1
2014-01-05 02:13:23,       0
2014-01-05 02:13:25,       1
2014-01-05 02:13:27,       1
2014-01-05 02:13:29,       1
2014-01-05 02:13:31,       2
2014-01-05 02:13:33,       0
2014-01-05 02:13:35,       1
2014-01-05 02:13:37,       1
2014-01-05 02:13:39,       1
2014-01-05 02:13:41,       1
2014-01-05 02:13:43,       1
2014-01-05 02:13:45,       0
2014-01-05 02:13:47,       1
2014-01-05 02:13:49,       1
2014-01-05 02:13:51,       1
2014-01-05 02:13:53,       1
2014-01-05 02:13:55,       0
2014-01-05 02:13:57,       1
2014-01-05 02:13:59,       1
2014-01-05 02:14:01,       0
2014-01-05 02:14:03,       1
2014-01-05 02:14:05,       1
2014-01-05 02:14:07,       1
2014-01-05 02:14:09,       1
2014-01-05 02:14:11,       1
2014-01-05 02:14:13,       1
2014-01-05 02:14:15,       1
2014-01-05 02:14:17,       1
2014-01-05 02:14:19,       1
2014-01-05 02:14:21,       1
2014-01-05 02:14:23,       1
2014-01-05 02:14:25,       1
2014-01-05 02:14:27,       1
2014-01-05 02:14:29,       1
2014-01-05 02:14:31,       1
2014-01-05 02:14:33,       1
2014-01-05 02:14:35,       1
2014-01-05 02:14:37,       1
2014-01-05 02:14:39,       1
2014-01-05 02:14:41,       1
2014-01-05 02:14:43,       1
2014-01-05 02:14:45,       1
2014-01-05 02:14:47,       1
2014-01-05 02:14:49,       1
2014-01-05 02:14:51,       1
2014-01-05 02:14:53,       1
2014-01-05 02:14:55,       1
2014-01-05 02:14:57,       1
2014-01-05 02:14:59,       1
2014-01-05 02:15:01,       1
2014-01-05 02:15:03,       1
2014-01-05 02:15:05,       1
2014-01-05 02:15:07,       1
2014-01-05 02:15:09,       0
2014-01-05 02:15:11,       1
2014-01-05 02:15:13,       1
2014-01-05 02:15:15,       1
2014-01-05 02:15:17,       1
2014-01-05 02:15:19,       1
2014-01-05 02:15:21,       1
2014-01-05 02:15:23,       1
2014-01-05 02:15:25,       1
2014-01-05 02:15:27,       1
2014-01-05 02:15:29,       1
2014-01-05 02:15:31,       1
2014-01-05 02:15:33,       1
2014-01-05 02:15:35,       0
2014-01-05 02:15:37,       1
2014-01-05 02:15:39,       1
2014-01-05 02:15:41,       0
2014-01-05 02:15:43,       1
2014-01-05 02:15:45,       1
2014-01-05 02:15:47,       1
2014-01-05 02:15:49,       1
2014-01-05 02:15:51,       1
2014-01-05 02:15:53,       1
2014-01-05 02:15:55,       1
2014-01-05 02:15:57,       1
2014-01-05 02:15:59,       1
2014-01-05 02:16:01,       1
2014-01-05 02:16:03,       1
2014-01-05 02:16:05,       1
2014-01-05 02:16:07,       1
2014-01-05 02:16:09,       1
2014-01-05 02:16:11,       1
2014-01-05 02:16:13,       1
2014-01-05 02:16:15,       1
2014-01-05 02:16:17,       1
2014-01-05 02:16:19,       1
2014-01-05 02:16:21,       1
2014-01-05 02:16:23,       1
2014-01-05 02:16:25,       1
2014-01-05 02:16:27,       1
2014-01-05 02:16:29,       1
2014-01-05 02:16:31,       1
2014-01-05 02:16:33,       1
2014-01-05 02:16:35,       1
2014-01-05 02:16:37,       1
2014-01-05 02:16:39,       1
2014-01-05 02:16:41,       1
2014-01-05 02:16:43,       1
2014-01-05 02:16:45,       1
2014-01-05 02:16:47,       1
2014-01-05 02:16:49,       1
2014-01-05 02:16:51,       1
2014-01-05 02:16:53,       1
2014-01-05 02:16:55,       1
2014-01-05 02:16:57,       0
2014-01-05 02:16:59,       1
2014-01-05 02:17:01,       1
2014-01-05 02:17:03,       1
2014-01-05 02:17:05,       1
2014-01-05 02:17:07,       1
2014-01-05 02:17:09,       0
2014-01-05 02:17:11,       0
2014-01-05 02:17:13,       1
2014-01-05 02:17:15,       1
2014-01-05 02:17:17,       0
2014-01-05 02:17:19,       1
2014-01-05 02:17:21,       0
2014-01-05 02:17:23,       1
2014-01-05 02:17:25,       1
2014-01-05 02:17:27,       1
2014-01-05 02:17:29,       1
2014-01-05 02:17:31,       0
2014-01-05 02:17:33,       1
2014-01-05 02:17:35,       1
2014-01-05 02:17:37,       1
2014-01-05 02:17:39,       1
2014-01-05 02:17:41,       1
2014-01-05 02:17:43,       0
2014-01-05 02:17:45,       1
2014-01-05 02:17:47,       1
2014-01-05 02:17:49,       1
2014-01-05 02:17:51,       1
2014-01-05 02:17:53,       1
2014-01-05 02:17:55,       0
2014-01-05 02:17:57,       1
2014-01-05 02:17:59,       1
2014-01-05 02:18:01,       0
2014-01-05 02:18:03,       1
2014-01-05 02:18:05,       1
2014-01-05 02:18:07,       1
2014-01-05 02:18:09,       1
2014-01-05 02:18:11,       1
2014-01-05 02:18:13,       1
2014-01-05 02:18:15,       1
2014-01-05 02:18:17,       2
2014-01-05 02:18:19,       1
2014-01-05 02:18:21,       1
2014-01-05 02:18:23,       1
2014-01-05 02:18:25,       1
2014-01-05 02:18:27,       1
2014-01-05 02:18:29,       0
2014-01-05 02:18:31,       1
2014-01-05 02:18:33,       1
2014-01-05 02:18:35,       1
2014-01-05 02:18:37,       1
2014-01-05 02:18:39,       1
2014-01-05 02:18:41,       0
2014-01-05 02:18:43,       1
2014-01-05 02:18:45,       1
2014-01-05 02:18:47,       1
2014-01-05 02:18:49,       1
2014-01-05 02:18:51,       1
2014-01-05 02:18:53,       0
2014-01-05 02:18:55,       0
2014-01-05 02:18:57,       0
2014-01-05 02:18:59,       0
2014-01-05 02:19:01,       1
2014-01-05 02:19:03,      12
2014-01-05 02:19:05,      25
2014-01-05 02:19:07,      36
2014-01-05 02:19:09,      52
2014-01-05 02:19:11,      64
2014-01-05 02:19:13,      75
2014-01-05 02:19:15,      87
2014-01-05 02:19:17,      96
2014-01-05 02:19:19,     105
2014-01-05 02:19:21,     112
2014-01-05 02:19:23,     117
2014-01-05 02:19:25,     123
2014-01-05 02:19:27,     128
2014-01-05 02:19:29,     131
2014-01-05 02:19:31,     133
2014-01-05 02:19:33,     133
2014-01-05 02:19:35,     132
2014-01-05 02:19:37,     132
2014-01-05 02:19:39,     128
2014-01-05 02:19:41,     125
2014-01-05 02:19:43,     120
2014-01-05 02:19:45,     113
2014-01-05 02:19:47,     106
2014-01-05 02:19:49,      99
2014-01-05 02:19:51,      90
2014-01-05 02:19:53,      81
2014-01-05 02:19:55,      68
2014-01-05 02:19:57,      57
2014-01-05 02:19:59,      45
2014-01-05 02:20:01,      33
2014-01-05 02:20:03,      19
2014-01-05 02:20:05,       2
2014-01-05 02:20:07,     -11
2014-01-05 02:20:09,     -26
2014-01-05 02:20:11,     -41
2014-01-05 02:20:13,     -58
2014-01-05 02:20:15,     -75
2014-01-05 02:20:17,     -91
2014-01-05 02:20:19,    -107
2014-01-05 02:20:21,    -124
2014-01-05 02:20:23,    -142
2014-01-05 02:20:25,    -159
2014-01-05 02:20:27,    -174
2014-01-05 02:20:29,    -190
2014-01-05 02:20:31,    -207
2014-01-05 02:20:33,    -223
2014-01-05 02:20:35,    -238
2014-01-05 02:20:37,    -252
2014-01-05 02:20:39,    -266
2014-01-05 02:20:41,    -281
2014-01-05 02:20:43,    -293
2014-01-05 02:20:45,    -304
2014-01-05 02:20:47,    -315
2014-01-05 02:20:49,    -326
2014-01-05 02:20:51,    -336
2014-01-05 02:20:53,    -344
2014-01-05 02:20:55,    -351
2014-01-05 02:20:57,    -358
2014-01-05 02:20:59,    -362
2014-01-05 02:21:01,    -367
2014-01-05 02:21:03,    -370
2014-01-05 02:21:05,    -372
2014-01-05 02:21:07,    -373
2014-01-05 02:21:09,    -372
2014-01-05 02:21:11,    -369
2014-01-05 02:21:13,    -366
2014-01-05 02:21:15,    -362
2014-01-05 02:21:17,    -355
2014-01-05 02:21:19,    -348
2014-01-05 02:21:21,    -339
2014-01-05 02:21:23,    -330
2014-01-05 02:21:25,    -318
2014-01-05 02:21:27,    -305
2014-01-05 02:21:29,    -291
2014-01-05 02:21:31,    -277
2014-01-05 02:21:33,    -262
2014-01-05 02:21:35,    -244
2014-01-05 02:21:37,    -224
2014-01-05 02:21:39,    -206
2014-01-05 02:21:41,    -188
2014-01-05 02:21:43,    -166
2014-01-05 02:21:45,    -142
2014-01-05 02:21:47,    -119
2014-01-05 02:21:49,     -96
2014-01-05 02:21:51,     -72
2014-01-05 02:21:53,     -46
2014-01-05 02:21:55,     -18
2014-01-05 02:21:57,       7
2014-01-05 02:21:59,      31
2014-01-05 02:22:01,      57
2014-01-05 02:22:03,      85
2014-01-05 02:22:05,     114
2014-01-05 02:22:07,     140
2014-01-05 02:22:09,     167
2014-01-05 02:22:11,     194
2014-01-05 02:22:13,     223
2014-01-05 02:22:15,     251
2014-01-05 02:22:17,     275
2014-01-05 02:22:19,     302
2014-01-05 02:22:21,     328
2014-01-05 02:22:23,     355
2014-01-05 02:22:25,     379
2014-01-05 02:22:27,     402
2014-01-05 02:22:29,     426
2014-01-05 02:22:31,     450
2014-01-05 02:22:33,     472
2014-01-05 02:22:35,     493
2014-01-05 02:22:37,     512
2014-01-05 02:22:39,     531
2014-01-05 02:22:41,     550
2014-01-05 02:22:43,     567
2014-01-05 02:22:45,     581
2014-01-05 02:22:47,     595
2014-01-05 02:22:49,     609
2014-01-05 02:22:51,     620
2014-01-05 02:22:53,     631
2014-01-05 02:22:55,     638
2014-01-05 02:22:57,     645
2014-01-05 02:22:59,     651
2014-01-05 02:23:01,     654
2014-01-05 02:23:03,     656
2014-01-05 02:23:05,     657
2014-01-05 02:23:07,     656
2014-01-05 02:23:09,     653
2014-01-05 02:23:11,     649
2014-01-05 02:23:13,     643
2014-01-05 02:23:15,     636
2014-01-05 02:23:17,     626
2014-01-05 02:23:19,     614
2014-01-05 02:23:21,     604
2014-01-05 02:23:23,     593
2014-01-05 02:23:25,     578
2014-01-05 02:23:27,     558
2014-01-05 02:23:29,     540
2014-01-05 02:23:31,     521
2014-01-05 02:23:33,     499
2014-01-05 02:23:35,     474
2014-01-05 02:23:37,     449
2014-01-05 02:23:39,     424
2014-01-05 02:23:41,     397
2014-01-05 02:23:43,     368
2014-01-05 02:23:45,     336
2014-01-05 02:23:47,     307
2014-01-05 02:23:49,     277
2014-01-05 02:23:51,     244
2014-01-05 02:23:53,     207
2014-01-05 02:23:55,     172
2014-01-05 02:23:57,     139
2014-01-05 02:23:59,     104
2014-01-05 02:24:01,      65
2014-01-05 02:24:03,      26
2014-01-05 02:24:05,      -9
2014-01-05 02:24:07,     -44
2014-01-05 02:24:09,     -82
2014-01-05 02:24:11,    -122
2014-01-05 02:24:13,    -161
2014-01-05 02:24:15,    -196
2014-01-05 02:24:17,    -231
2014-01-05 02:24:19,    -269
2014-01-05 02:24:21,    -307
2014-01-05 02:24:23,    -342
2014-01-05 02:24:25,    -375
2014-01-05 02:24:27,    -410
2014-01-05 02:24:29,    -445
2014-01-05 02:24:31,    -479
2014-01-05 02:24:33,    -509
2014-01-05 02:24:35,    -538
2014-01-05 02:24:37,    -569
2014-01-05 02:24:39,    -599
2014-01-05 02:24:41,    -626
2014-01-05 02:24:43,    -650
2014-01-05 02:24:45,    -673
2014-01-05 02:24:47,    -698
2014-01-05 02:24:49,    -720
2014-01-05 02:24:51,    -739
2014-01-05 02:24:53,    -756
2014-01-05 02:24:55,    -771
2014-01-05 02:24:57,    -786
2014-01-05 02:24:59,    -798
2014-01-05 02:25:01,    -808
2014-01-05 02:25:03,    -816
2014-01-05 02:25:05,    -824
2014-01-05 02:25:07,    -830
2014-01-05 02:25:09,    -833
2014-01-05 02:25:11,    -835
2014-01-05 02:25:13,    -836
2014-01-05 02:25:15,    -835
2014-01-05 02:25:17,    -832
2014-01-05 02:25:19,    -827
2014-01-05 02:25:21,    -820
2014-01-05 02:25:23,    -812
2014-01-05 02:25:25,    -801
2014-01-05 02:25:27,    -789
2014-01-05 02:25:29,    -777
2014-01-05 02:25:31,    -762
2014-01-05 02:25:33,    -744
2014-01-05 02:25:35,    -727
2014-01-05 02:25:37,    -708
2014-01-05 02:25:39,    -687
2014-01-05 02:25:41,    -662
2014-01-05 02:25:43,    -634
2014-01-05 02:25:45,    -609
2014-01-05 02:25:47,    -583
2014-01-05 02:25:49,    -554
2014-01-05 02:25:51,    -522
2014-01-05 02:25:53,    -489
2014-01-05 02:25:55,    -458
2014-01-05 02:25:57,    -427
2014-01-05 02:25:59,    -391
2014-01-05 02:26:01,    -352
2014-01-05 02:26:03,    -316
2014-01-05 02:26:05,    -280
2014-01-05 02:26:07,    -244
2014-01-05 02:26:09,    -203
2014-01-05 02:26:11,    -161
2014-01-05 02:26:13,    -122
2014-01-05 02:26:15,     -83
2014-01-05 02:26:17,     -43
2014-01-05 02:26:19,       0
2014-01-05 02:26:21,      43
2014-01-05 02:26:23,      82
2014-01-05 02:26:25,     121
2014-01-05 02:26:27,     160
2014-01-05 02:26:29,     204
2014-01-05 02:26:31,     245
2014-01-05 02:26:33,     283
2014-01-05 02:26:35,     320
2014-01-05 02:26:37,     359
2014-01-05 02:26:39,     399
2014-01-05 02:26:41,     436
2014-01-05 02:26:43,     470
2014-01-05 02:26:45,     506
2014-01-05 02:26:47,     542
2014-01-05 02:26:49,     578
2014-01-05 02:26:51,     610
2014-01-05 02:26:53,     641
2014-01-05 02:26:55,     672
2014-01-05 02:26:57,     702
2014-01-05 02:26:59,     730
2014-01-05 02:27:01,     755
2014-01-05 02:27:03,     780
2014-01-05 02:27:05,     805
2014-01-05 02:27:07,     828
2014-01-05 02:27:09,     848
2014-01-05 02:27:11,     866
2014-01-05 02:27:13,     884
2014-01-05 02:27:15,     901
2014-01-05 02:27:17,     915
2014-01-05 02:27:19,     926
2014-01-05 02:27:21,     937
2014-01-05 02:27:23,     946
2014-01-05 02:27:25,     952
2014-01-05 02:27:27,     958
2014-01-05 02:27:29,     961
2014-01-05 02:27:31,     962
2014-01-05 02:27:33,     961
2014-01-05 02:27:35,     958
2014-01-05 02:27:37,     953
2014-01-05 02:27:39,     947
2014-01-05 02:27:41,     938
2014-01-05 02:27:43,     928
2014-01-05 02:27:45,     916
2014-01-05 02:27:47,     901
2014-01-05 02:27:49,     886
2014-01-05 02:27:51,     867
2014-01-05 02:27:53,     847
2014-01-05 02:27:55,     828
2014-01-05 02:27:57,     810
2014-01-05 02:27:59,     787
2014-01-05 02:28:01,     756
2014-01-05 02:28:03,     727
2014-01-05 02:28:05,     701
2014-01-05 02:28:07,     669
2014-01-05 02:28:09,     636
2014-01-05 02:28:11,     600
2014-01-05 02:28:13,     567
2014-01-05 02:28:15,     533
2014-01-05 02:28:17,     494
2014-01-05 02:28:37,     453
2014-01-05 02:28:39,     415
2014-01-05 02:28:41,     376
2014-01-05 02:28:43,     336
2014-01-05 02:28:45,     290
2014-01-05 02:28:47,     246
2014-01-05 02:28:49,     206
2014-01-05 02:28:51,     164
2014-01-05 02:28:53,     117
2014-01-05 02:28:55,      70
2014-01-05 02:28:57,      25
2014-01-05 02:28:59,     -15
2014-01-05 02:29:01,     -60
2014-01-05 02:29:03,    -108
2014-01-05 02:29:05,    -153
2014-01-05 02:29:11,    -194
2014-01-05 02:29:13,    -237
2014-01-05 02:29:15,    -282
2014-01-05 02:29:17,    -328
2014-01-05 02:29:19,    -369
2014-01-05 02:29:21,    -406
2014-01-05 02:29:23,    -448
2014-01-05 02:29:25,    -490
2014-01-05 02:29:27,    -530
2014-01-05 02:29:29,    -566
2014-01-05 02:29:33,    -602
2014-01-05 02:29:35,    -638
2014-01-05 02:29:37,    -675
2014-01-05 02:29:39,    -708
2014-01-05 02:29:41,    -739
2014-01-05 02:29:43,    -768
2014-01-05 02:29:45,    -799
2014-01-05 02:29:47,    -827
2014-01-05 02:29:49,    -852
2014-01-05 02:29:51,    -875
2014-01-05 02:29:53,    -897
2014-01-05 02:29:55,    -920
2014-01-05 02:29:59,    -940
2014-01-05 02:30:01,    -956
2014-01-05 02:30:03,    -971
2014-01-05 02:30:04,    -986
2014-01-05 02:30:05,    -999
2014-01-05 02:30:06,   -1008
2014-01-05 02:30:07,   -1015
2014-01-05 02:30:08,   -1020
2014-01-05 02:30:09,   -1023
2014-01-05 02:30:10,   -1022
2014-01-05 02:30:11,   -1020
2014-01-05 02:30:12,   -1016
2014-01-05 02:30:13,   -1008
2014-01-05 02:30:14,    -998
2014-01-05 02:30:15,    -986
2014-01-05 02:30:16,    -972
2014-01-05 02:30:17,    -956
2014-01-05 02:30:18,    -936
2014-01-05 02:30:19,    -913
2014-01-05 02:30:20,    -891
2014-01-05 02:30:21,    -867
2014-01-05 02:30:22,    -839
2014-01-05 02:30:24,    -807
2014-01-05 02:30:25,    -773
2014-01-05 02:30:26,    -742
2014-01-05 02:30:27,    -707
2014-01-05 02:30:28,    -667
2014-01-05 02:30:29,    -625
2014-01-05 02:30:30,    -586
2014-01-05 02:30:32,    -547
2014-01-05 02:30:34,    -503
2014-01-05 02:30:36,    -455
2014-01-05 02:30:38,    -407
2014-01-05 02:30:40,    -362
2014-01-05 02:30:42,    -317
2014-01-05 02:30:44,    -266
2014-01-05 02:30:46,    -213
2014-01-05 02:30:48,    -162
2014-01-05 02:30:50,    -114
2014-01-05 02:30:52,     -64
2014-01-05 02:30:54,     -10
2014-01-05 02:30:56,      43
2014-01-05 02:30:58,      93
2014-01-05 02:31:00,     141
2014-01-05 02:31:02,     191
2014-01-05 02:31:04,     244
2014-01-05 02:31:06,     294
2014-01-05 02:31:08,     341
2014-01-05 02:31:10,     387
2014-01-05 02:31:12,     435
2014-01-05 02:31:14,     483
2014-01-05 02:31:16,     528
2014-01-05 02:31:18,     570
2014-01-05 02:31:20,     611
2014-01-05 02:31:22,     654
2014-01-05 02:31:24,     695
2014-01-05 02:31:26,     733
2014-01-05 02:31:28,     767
2014-01-05 02:31:30,     802
2014-01-05 02:31:32,     837
2014-01-05 02:31:34,     869
2014-01-05 02:31:36,     897
2014-01-05 02:31:38,     923
2014-01-05 02:31:40,     949
2014-01-05 02:31:42,     973
2014-01-05 02:31:44,     993
2014-01-05 02:31:46,    1011
2014-01-05 02:31:48,    1028
2014-01-05 02:31:50,    1042
2014-01-05 02:31:52,    1053
2014-01-05 02:31:54,    1062
2014-01-05 02:31:56,    1069
2014-01-05 02:31:58,    1073
2014-01-05 02:32:00,    1074
2014-01-05 02:32:02,    1074
2014-01-05 02:32:04,    1071
2014-01-05 02:32:06,    1065
2014-01-05 02:32:08,    1056
2014-01-05 02:32:10,    1046
2014-01-05 02:32:12,    1033
2014-01-05 02:32:14,    1018
2014-01-05 02:32:16,    1000
2014-01-05 02:32:18,     978
2014-01-05 02:32:20,     955
2014-01-05 02:32:22,     932
2014-01-05 02:32:24,     907
2014-01-05 02:32:26,     882
2014-01-05 02:32:28,     848
2014-01-05 02:32:30,     815
2014-01-05 02:32:32,     783
2014-01-05 02:32:34,     743
2014-01-05 02:32:36,     703
2014-01-05 02:32:38,     661
2014-01-05 02:32:40,     623
2014-01-05 02:32:42,     580
2014-01-05 02:32:44,     531
2014-01-05 02:32:46,     483
2014-01-05 02:32:48,     439
2014-01-05 02:32:50,     393
2014-01-05 02:32:52,     341
2014-01-05 02:32:54,     287
2014-01-05 02:32:56,     236
2014-01-05 02:32:58,     190
2014-01-05 02:33:00,     137
2014-01-05 02:33:02,      81
2014-01-05 02:33:04,      25
2014-01-05 02:33:06,     -23
2014-01-05 02:33:08,     -73
2014-01-05 02:33:10,    -128
2014-01-05 02:33:12,    -183
2014-01-05 02:33:14,    -234
2014-01-05 02:33:16,    -282
2014-01-05 02:33:18,    -331
2014-01-05 02:33:20,    -383
2014-01-05 02:33:22,    -434
2014-01-05 02:33:24,    -479
2014-01-05 02:33:26,    -522
2014-01-05 02:33:28,    -569
2014-01-05 02:33:30,    -617
2014-01-05 02:33:32,    -658
2014-01-05 02:33:34,    -696
2014-01-05 02:33:36,    -735
2014-01-05 02:33:38,    -775
2014-01-05 02:33:40,    -813
2014-01-05 02:33:42,    -847
2014-01-05 02:33:44,    -876
2014-01-05 02:33:46,    -907
2014-01-05 02:33:48,    -937
2014-01-05 02:33:50,    -963
2014-01-05 02:33:52,    -985
2014-01-05 02:33:54,   -1006
2014-01-05 02:33:56,   -1027
2014-01-05 02:33:58,   -1044
2014-01-05 02:34:00,   -1058
2014-01-05 02:34:02,   -1070
2014-01-05 02:34:04,   -1079
2014-01-05 02:34:06,   -1086
2014-01-05 02:34:08,   -1091
2014-01-05 02:34:10,   -1092
2014-01-05 02:34:12,   -1092
2014-01-05 02:34:14,   -1088
2014-01-05 02:34:16,   -1081
2014-01-05 02:34:18,   -1073
2014-01-05 02:34:20,   -1062
2014-01-05 02:34:22,   -1048
2014-01-05 02:34:24,   -1030
2014-01-05 02:34:26,   -1010
2014-01-05 02:34:28,    -990
2014-01-05 02:34:30,    -967
2014-01-05 02:34:32,    -941
2014-01-05 02:34:34,    -914
2014-01-05 02:34:36,    -881
2014-01-05 02:34:38,    -848
2014-01-05 02:34:40,    -814
2014-01-05 02:34:42,    -774
2014-01-05 02:34:44,    -732
2014-01-05 02:34:46,    -692
2014-01-05 02:34:48,    -651
2014-01-05 02:34:50,    -606
2014-01-05 02:34:52,    -558
2014-01-05 02:34:54,    -510
2014-01-05 02:34:56,    -463
2014-01-05 02:34:58,    -415
2014-01-05 02:35:00,    -363
2014-01-05 02:35:02,    -307
2014-01-05 02:35:04,    -255
2014-01-05 02:35:06,    -204
2014-01-05 02:35:08,    -151
2014-01-05 02:35:10,     -94
2014-01-05 02:35:12,     -37
2014-01-05 02:35:14,      16
2014-01-05 02:35:16,      68
2014-01-05 02:35:18,     121
2014-01-05 02:35:20,     178
2014-01-05 02:35:22,     231
2014-01-05 02:35:24,     283
2014-01-05 02:35:26,     331
2014-01-05 02:35:28,     384
2014-01-05 02:35:30,     437
2014-01-05 02:35:32,     484
2014-01-05 02:35:34,     531
2014-01-05 02:35:36,     576
2014-01-05 02:35:38,     624
2014-01-05 02:35:40,     669
2014-01-05 02:35:42,     710
2014-01-05 02:35:44,     749
2014-01-05 02:35:46,     789
2014-01-05 02:35:48,     827
2014-01-05 02:35:50,     863
2014-01-05 02:35:52,     894
2014-01-05 02:35:54,     924
2014-01-05 02:35:56,     955
2014-01-05 02:35:58,     983
2014-01-05 02:36:00,    1007
2014-01-05 02:36:02,    1027
2014-01-05 02:36:04,    1047
2014-01-05 02:36:06,    1066
2014-01-05 02:36:08,    1081
2014-01-05 02:36:10,    1092
2014-01-05 02:36:12,    1102
2014-01-05 02:36:14,    1110
2014-01-05 02:36:16,    1115
2014-01-05 02:36:18,    1115
2014-01-05 02:36:20,    1115
2014-01-05 02:36:22,    1113
2014-01-05 02:36:24,    1106
2014-01-05 02:36:26,    1097
2014-01-05 02:36:28,    1085
2014-01-05 02:36:30,    1072
2014-01-05 02:36:32,    1056
2014-01-05 02:36:34,    1036
2014-01-05 02:36:36,    1014
2014-01-05 02:36:38,     993
2014-01-05 02:36:40,     966
2014-01-05 02:36:42,     936
2014-01-05 02:36:44,     904
2014-01-05 02:36:46,     872
2014-01-05 02:36:48,     840
2014-01-05 02:36:50,     802
2014-01-05 02:36:52,     760
2014-01-05 02:36:54,     719
2014-01-05 02:36:56,     679
2014-01-05 02:36:58,     636
2014-01-05 02:37:00,     587
2014-01-05 02:37:02,     537
2014-01-05 02:37:04,     491
2014-01-05 02:37:06,     444
2014-01-05 02:37:08,     390
2014-01-05 02:37:10,     335
2014-01-05 02:37:12,     283
2014-01-05 02:37:14,     234
2014-01-05 02:37:16,     180
2014-01-05 02:37:18,     121
2014-01-05 02:37:20,      65
2014-01-05 02:37:22,      13
2014-01-05 02:37:24,     -39
2014-01-05 02:37:26,     -95
2014-01-05 02:37:28,    -153
2014-01-05 02:37:30,    -206
2014-01-05 02:37:32,    -255
2014-01-05 02:37:34,    -306
2014-01-05 02:37:36,    -362
2014-01-05 02:37:38,    -414
2014-01-05 02:37:40,    -461
2014-01-05 02:37:42,    -507
2014-01-05 02:37:44,    -556
2014-01-05 02:37:46,    -605
2014-01-05 02:37:48,    -649
2014-01-05 02:37:50,    -689
2014-01-05 02:37:52,    -730
2014-01-05 02:37:54,    -772
2014-01-05 02:37:56,    -812
2014-01-05 02:37:58,    -846
2014-01-05 02:38:00,    -878
2014-01-05 02:38:02,    -910
2014-01-05 02:38:04,    -942
2014-01-05 02:38:06,    -969
2014-01-05 02:38:08,    -993
2014-01-05 02:38:10,   -1016
2014-01-05 02:38:12,   -1037
2014-01-05 02:38:14,   -1056
2014-01-05 02:38:16,   -1071
2014-01-05 02:38:18,   -1083
2014-01-05 02:38:20,   -1094
2014-01-05 02:38:22,   -1102
2014-01-05 02:38:24,   -1107
2014-01-05 02:38:26,   -1110
2014-01-05 02:38:28,   -1110
2014-01-05 02:38:30,   -1107
2014-01-05 02:38:32,   -1101
2014-01-05 02:38:34,   -1092
2014-01-05 02:38:36,   -1083
2014-01-05 02:38:38,   -1070
2014-01-05 02:38:40,   -1052
2014-01-05 02:38:42,   -1033
2014-01-05 02:38:44,   -1013
2014-01-05 02:38:46,    -991
2014-01-05 02:38:48,    -964
2014-01-05 02:38:50,    -932
2014-01-05 02:38:52,    -902
2014-01-05 02:38:54,    -871
2014-01-05 02:38:56,    -838
2014-01-05 02:38:58,    -799
2014-01-05 02:39:00,    -757
2014-01-05 02:39:02,    -718
2014-01-05 02:39:04,    -678
2014-01-05 02:39:06,    -633
2014-01-05 02:39:08,    -584
2014-01-05 02:39:10,    -535
2014-01-05 02:39:12,    -489
2014-01-05 02:39:14,    -441
2014-01-05 02:39:16,    -388
2014-01-05 02:39:18,    -332
2014-01-05 02:39:20,    -280
2014-01-05 02:39:22,    -229
2014-01-05 02:39:24,    -176
2014-01-05 02:39:26,    -117
2014-01-05 02:39:28,     -60
2014-01-05 02:39:30,      -5
2014-01-05 02:39:32,      45
2014-01-05 02:39:34,     100
2014-01-05 02:39:36,     158
2014-01-05 02:39:38,     213
2014-01-05 02:39:40,     264
2014-01-05 02:39:42,     314
2014-01-05 02:39:44,     367
2014-01-05 02:39:46,     421
2014-01-05 02:39:48,     471
2014-01-05 02:39:50,     516
2014-01-05 02:39:52,     563
2014-01-05 02:39:54,     613
2014-01-05 02:39:56,     658
2014-01-05 02:39:58,     700
2014-01-05 02:40:00,     740
2014-01-05 02:40:02,     781
2014-01-05 02:40:04,     821
2014-01-05 02:40:06,     857
2014-01-05 02:40:08,     889
2014-01-05 02:40:10,     921
2014-01-05 02:40:12,     953
2014-01-05 02:40:14,     981
2014-01-05 02:40:16,    1005
2014-01-05 02:40:18,    1028
2014-01-05 02:40:20,    1049
2014-01-05 02:40:22,    1068
2014-01-05 02:40:24,    1084
2014-01-05 02:40:26,    1097
2014-01-05 02:40:28,    1107
2014-01-05 02:40:30,    1115
2014-01-05 02:40:32,    1120
2014-01-05 02:40:34,    1123
2014-01-05 02:40:36,    1124
2014-01-05 02:40:38,    1122
2014-01-05 02:40:40,    1116
2014-01-05 02:40:42,    1108
2014-01-05 02:40:44,    1097
2014-01-05 02:40:46,    1085
2014-01-05 02:40:48,    1068
2014-01-05 02:40:50,    1048
2014-01-05 02:40:52,    1028
2014-01-05 02:40:54,    1006
2014-01-05 02:40:56,     980
2014-01-05 02:40:58,     950
2014-01-05 02:41:00,     919
2014-01-05 02:41:02,     887
2014-01-05 02:41:04,     854
2014-01-05 02:41:06,     817
2014-01-05 02:41:08,     775
2014-01-05 02:41:10,     734
2014-01-05 02:41:12,     695
2014-01-05 02:41:14,     651
2014-01-05 02:41:16,     603
2014-01-05 02:41:18,     553
2014-01-05 02:41:20,     508
2014-01-05 02:41:22,     459
2014-01-05 02:41:24,     406
2014-01-05 02:41:26,     351
2014-01-05 02:41:28,     299
2014-01-05 02:41:30,     249
2014-01-05 02:41:32,     195
2014-01-05 02:41:34,     135
2014-01-05 02:41:36,      78
2014-01-05 02:41:38,      26
2014-01-05 02:41:40,     -26
2014-01-05 02:41:42,     -84
2014-01-05 02:41:44,    -142
2014-01-05 02:41:46,    -194
2014-01-05 02:41:48,    -244
2014-01-05 02:41:50,    -297
2014-01-05 02:41:52,    -352
2014-01-05 02:41:54,    -405
2014-01-05 02:41:56,    -452
2014-01-05 02:41:58,    -499
2014-01-05 02:42:00,    -550
2014-01-05 02:42:02,    -599
2014-01-05 02:42:04,    -644
2014-01-05 02:42:06,    -684
2014-01-05 02:42:08,    -726
2014-01-05 02:42:10,    -768
2014-01-05 02:42:12,    -809
2014-01-05 02:42:14,    -843
2014-01-05 02:42:16,    -876
2014-01-05 02:42:18,    -909
2014-01-05 02:42:20,    -941
2014-01-05 02:42:22,    -970
2014-01-05 02:42:24,    -993
2014-01-05 02:42:26,   -1017
2014-01-05 02:42:28,   -1039
2014-01-05 02:42:30,   -1059
2014-01-05 02:42:32,   -1073
2014-01-05 02:42:34,   -1086
2014-01-05 02:42:36,   -1098
2014-01-05 02:42:38,   -1107
2014-01-05 02:42:40,   -1111
2014-01-05 02:42:42,   -1114
2014-01-05 02:42:44,   -1115
2014-01-05 02:42:46,   -1113
2014-01-05 02:42:48,   -1107
2014-01-05 02:42:50,   -1100
2014-01-05 02:42:52,   -1090
2014-01-05 02:42:54,   -1077
2014-01-05 02:42:56,   -1061
2014-01-05 02:42:58,   -1041
2014-01-05 02:43:00,   -1021
2014-01-05 02:43:02,    -999
2014-01-05 02:43:04,    -973
2014-01-05 02:43:06,    -942
2014-01-05 02:43:08,    -912
2014-01-05 02:43:10,    -881
2014-01-05 02:43:12,    -848
2014-01-05 02:43:14,    -809
2014-01-05 02:43:16,    -767
2014-01-05 02:43:18,    -728
2014-01-05 02:43:20,    -688
2014-01-05 02:43:22,    -643
2014-01-05 02:43:24,    -593
2014-01-05 02:43:26,    -546
2014-01-05 02:43:28,    -500
2014-01-05 02:43:30,    -451
2014-01-05 02:43:32,    -398
2014-01-05 02:43:34,    -343
2014-01-05 02:43:36,    -290
2014-01-05 02:43:38,    -239
2014-01-05 02:43:40,    -185
2014-01-05 02:43:42,    -127
2014-01-05 02:43:44,     -69
2014-01-05 02:43:46,     -15
2014-01-05 02:43:48,      37
2014-01-05 02:43:50,      92
2014-01-05 02:43:52,     150
2014-01-05 02:43:54,     206
2014-01-05 02:43:56,     256
2014-01-05 02:43:58,     307
2014-01-05 02:44:00,     361
2014-01-05 02:44:02,     415
2014-01-05 02:44:04,     464
2014-01-05 02:44:06,     511
2014-01-05 02:44:08,     557
2014-01-05 02:44:10,     606
2014-01-05 02:44:12,     654
2014-01-05 02:44:14,     696
2014-01-05 02:44:16,     735
2014-01-05 02:44:18,     777
2014-01-05 02:44:20,     817
2014-01-05 02:44:22,     854
2014-01-05 02:44:24,     887
2014-01-05 02:44:26,     919
2014-01-05 02:44:28,     951
2014-01-05 02:44:30,     980
2014-01-05 02:44:32,    1005
2014-01-05 02:44:34,    1026
2014-01-05 02:44:36,    1049
2014-01-05 02:44:38,    1068
2014-01-05 02:44:40,    1085
2014-01-05 02:44:42,    1098
2014-01-05 02:44:44,    1108
2014-01-05 02:44:46,    1117
2014-01-05 02:44:48,    1122
2014-01-05 02:44:50,    1125
2014-01-05 02:44:52,    1127
2014-01-05 02:44:54,    1125
2014-01-05 02:44:56,    1118
2014-01-05 02:44:58,    1111
2014-01-05 02:45:00,    1101
2014-01-05 02:45:02,    1089
2014-01-05 02:45:03,    1073
2014-01-05 02:45:05,    1054
2014-01-05 02:45:07,    1033
2014-01-05 02:45:09,    1011
2014-01-05 02:45:11,     985
2014-01-05 02:45:13,     957
2014-01-05 02:45:15,     925
2014-01-05 02:45:17,     894
2014-01-05 02:45:19,     860
2014-01-05 02:45:21,     823
2014-01-05 02:45:23,     782
2014-01-05 02:45:25,     741
2014-01-05 02:45:27,     702
2014-01-05 02:45:29,     658
2014-01-05 02:45:31,     610
2014-01-05 02:45:33,     559
2014-01-05 02:45:35,     514
2014-01-05 02:45:37,     466
2014-01-05 02:45:39,     412
2014-01-05 02:45:41,     356
2014-01-05 02:45:43,     305
2014-01-05 02:45:45,     256
2014-01-05 02:45:47,     201
2014-01-05 02:45:49,     141
2014-01-05 02:45:51,      85
2014-01-05 02:45:53,      32
2014-01-05 02:45:55,     -19
2014-01-05 02:45:57,     -77
2014-01-05 02:45:59,    -137
2014-01-05 02:46:01,    -189
2014-01-05 02:46:03,    -239
2014-01-05 02:46:05,    -292
2014-01-05 02:46:07,    -348
2014-01-05 02:46:09,    -401
2014-01-05 02:46:11,    -449
2014-01-05 02:46:13,    -496
2014-01-05 02:46:15,    -546
2014-01-05 02:46:17,    -596
2014-01-05 02:46:19,    -640
2014-01-05 02:46:21,    -681
2014-01-05 02:46:23,    -723
2014-01-05 02:46:25,    -766
2014-01-05 02:46:27,    -806
2014-01-05 02:46:29,    -842
2014-01-05 02:46:31,    -875
2014-01-05 02:46:33,    -908
2014-01-05 02:46:35,    -940
2014-01-05 02:46:37,    -969
2014-01-05 02:46:39,    -993
2014-01-05 02:46:41,   -1016
2014-01-05 02:46:43,   -1039
2014-01-05 02:46:45,   -1058
2014-01-05 02:46:47,   -1074
2014-01-05 02:46:49,   -1087
2014-01-05 02:46:51,   -1099
2014-01-05 02:46:53,   -1108
2014-01-05 02:46:55,   -1114
2014-01-05 02:46:57,   -1117
2014-01-05 02:46:59,   -1117
2014-01-05 02:47:01,   -1115
2014-01-05 02:47:03,   -1110
2014-01-05 02:47:05,   -1102
2014-01-05 02:47:07,   -1092
2014-01-05 02:47:09,   -1080
2014-01-05 02:47:11,   -1064
2014-01-05 02:47:13,   -1044
2014-01-05 02:47:15,   -1024
2014-01-05 02:47:17,   -1002
2014-01-05 02:47:19,    -977
2014-01-05 02:47:21,    -947
2014-01-05 02:47:23,    -916
2014-01-05 02:47:25,    -886
2014-01-05 02:47:27,    -852
2014-01-05 02:47:29,    -812
2014-01-05 02:47:31,    -771
2014-01-05 02:47:33,    -732
2014-01-05 02:47:35,    -693
2014-01-05 02:47:37,    -647
2014-01-05 02:47:39,    -597
2014-01-05 02:47:41,    -549
2014-01-05 02:47:43,    -503
2014-01-05 02:47:45,    -456
2014-01-05 02:47:47,    -402
2014-01-05 02:47:49,    -347
2014-01-05 02:47:51,    -294
2014-01-05 02:47:53,    -243
2014-01-05 02:47:55,    -190
2014-01-05 02:47:57,    -130
2014-01-05 02:47:59,     -73
2014-01-05 02:48:01,     -18
2014-01-05 02:48:03,      33
2014-01-05 02:48:05,      89
2014-01-05 02:48:07,     147
2014-01-05 02:48:09,     202
2014-01-05 02:48:11,     253
2014-01-05 02:48:13,     304
2014-01-05 02:48:15,     359
2014-01-05 02:48:17,     412
2014-01-05 02:48:19,     461
2014-01-05 02:48:21,     508
2014-01-05 02:48:23,     556
2014-01-05 02:48:25,     605
2014-01-05 02:48:27,     652
2014-01-05 02:48:29,     694
2014-01-05 02:48:31,     735
2014-01-05 02:48:33,     776
2014-01-05 02:48:35,     816
2014-01-05 02:48:37,     853
2014-01-05 02:48:39,     886
2014-01-05 02:48:41,     919
2014-01-05 02:48:43,     950
2014-01-05 02:48:45,     980
2014-01-05 02:48:47,    1005
2014-01-05 02:48:49,    1027
2014-01-05 02:48:51,    1048
2014-01-05 02:48:53,    1069
2014-01-05 02:48:55,    1085
2014-01-05 02:48:57,    1098
2014-01-05 02:48:59,    1109
2014-01-05 02:49:01,    1117
2014-01-05 02:49:03,    1122
2014-01-05 02:49:05,    1127
2014-01-05 02:49:07,    1128
2014-01-05 02:49:09,    1126
2014-01-05 02:49:11,    1119
2014-01-05 02:49:13,    1112
2014-01-05 02:49:15,    1102
2014-01-05 02:49:17,    1090
2014-01-05 02:49:19,    1074
2014-01-05 02:49:21,    1054
2014-01-05 02:49:23,    1034
2014-01-05 02:49:25,    1012
2014-01-05 02:49:27,     987
2014-01-05 02:49:29,     958
2014-01-05 02:49:31,     926
2014-01-05 02:49:33,     894
2014-01-05 02:49:35,     862
2014-01-05 02:49:37,     825
2014-01-05 02:49:39,     782
2014-01-05 02:49:41,     742
2014-01-05 02:49:43,     702
2014-01-05 02:49:45,     659
2014-01-05 02:49:47,     610
2014-01-05 02:49:49,     560
2014-01-05 02:49:51,     515
2014-01-05 02:49:53,     466
2014-01-05 02:49:55,     413
2014-01-05 02:49:57,     357
2014-01-05 02:49:59,     306
2014-01-05 02:50:01,     256
2014-01-05 02:50:03,     201
2014-01-05 02:50:05,     141
2014-01-05 02:50:07,      85
2014-01-05 02:50:09,      32
2014-01-05 02:50:11,     -20
2014-01-05 02:50:13,     -79
2014-01-05 02:50:15,    -136
2014-01-05 02:50:17,    -190
2014-01-05 02:50:19,    -240
2014-01-05 02:50:21,    -293
2014-01-05 02:50:23,    -349
2014-01-05 02:50:25,    -402
2014-01-05 02:50:27,    -449
2014-01-05 02:50:29,    -496
2014-01-05 02:50:31,    -547
2014-01-05 02:50:33,    -596
2014-01-05 02:50:35,    -641
2014-01-05 02:50:37,    -682
2014-01-05 02:50:39,    -724
2014-01-05 02:50:41,    -768
2014-01-05 02:50:43,    -808
2014-01-05 02:50:45,    -842
2014-01-05 02:50:47,    -876
2014-01-05 02:50:49,    -909
2014-01-05 02:50:51,    -942
2014-01-05 02:50:53,    -971
2014-01-05 02:50:55,    -995
2014-01-05 02:50:57,   -1018
2014-01-05 02:50:59,   -1041
2014-01-05 02:51:01,   -1060
2014-01-05 02:51:03,   -1076
2014-01-05 02:51:05,   -1089
2014-01-05 02:51:07,   -1100
2014-01-05 02:51:09,   -1109
2014-01-05 02:51:11,   -1115
2014-01-05 02:51:13,   -1117
2014-01-05 02:51:15,   -1118
2014-01-05 02:51:17,   -1116
2014-01-05 02:51:19,   -1110
2014-01-05 02:51:21,   -1103
2014-01-05 02:51:23,   -1093
2014-01-05 02:51:25,   -1081
2014-01-05 02:51:27,   -1063
2014-01-05 02:51:29,   -1044
2014-01-05 02:51:31,   -1025
2014-01-05 02:51:33,   -1003
2014-01-05 02:51:35,    -976
2014-01-05 02:51:37,    -946
2014-01-05 02:51:39,    -916
2014-01-05 02:51:41,    -886
2014-01-05 02:51:43,    -851
2014-01-05 02:51:45,    -812
2014-01-05 02:51:47,    -771
2014-01-05 02:51:49,    -732
2014-01-05 02:51:51,    -692
2014-01-05 02:51:53,    -647
2014-01-05 02:51:55,    -596
2014-01-05 02:51:57,    -549
2014-01-05 02:51:59,    -503
2014-01-05 02:52:01,    -455
2014-01-05 02:52:03,    -401
2014-01-05 02:52:05,    -346
2014-01-05 02:52:07,    -293
2014-01-05 02:52:09,    -242
2014-01-05 02:52:11,    -189
2014-01-05 02:52:13,    -129
2014-01-05 02:52:15,     -72
2014-01-05 02:52:17,     -18
2014-01-05 02:52:19,      34
2014-01-05 02:52:21,      90
2014-01-05 02:52:23,     148
2014-01-05 02:52:25,     203
2014-01-05 02:52:27,     254
2014-01-05 02:52:29,     305
2014-01-05 02:52:31,     359
2014-01-05 02:52:33,     413
2014-01-05 02:52:35,     463
2014-01-05 02:52:37,     509
2014-01-05 02:52:39,     557
2014-01-05 02:52:41,     606
2014-01-05 02:52:43,     653
2014-01-05 02:52:45,     695
2014-01-05 02:52:47,     735
2014-01-05 02:52:49,     777
2014-01-05 02:52:51,     817
2014-01-05 02:52:53,     854
2014-01-05 02:52:55,     887
2014-01-05 02:52:57,     919
2014-01-05 02:52:59,     951
2014-01-05 02:53:01,     980
2014-01-05 02:53:03,    1005
2014-01-05 02:53:05,    1028
2014-01-05 02:53:07,    1050
2014-01-05 02:53:09,    1069
2014-01-05 02:53:11,    1085
2014-01-05 02:53:13,    1099
2014-01-05 02:53:15,    1109
2014-01-05 02:53:17,    1118
2014-01-05 02:53:19,    1124
2014-01-05 02:53:21,    1127
2014-01-05 02:53:23,    1128
2014-01-05 02:53:25,    1126
2014-01-05 02:53:27,    1119
2014-01-05 02:53:29,    1112
2014-01-05 02:53:31,    1102
2014-01-05 02:53:33,    1090
2014-01-05 02:53:35,    1074
2014-01-05 02:53:37,    1054
2014-01-05 02:53:39,    1033
2014-01-05 02:53:41,    1011
2014-01-05 02:53:43,     986
2014-01-05 02:53:45,     957
2014-01-05 02:53:47,     925
2014-01-05 02:53:49,     894
2014-01-05 02:53:51,     861
2014-01-05 02:53:53,     823
2014-01-05 02:53:55,     781
2014-01-05 02:53:57,     741
2014-01-05 02:53:59,     702
2014-01-05 02:54:01,     657
2014-01-05 02:54:03,     608
2014-01-05 02:54:05,     559
2014-01-05 02:54:07,     514
2014-01-05 02:54:09,     465
2014-01-05 02:54:11,     411
2014-01-05 02:54:13,     356
2014-01-05 02:54:15,     305
2014-01-05 02:54:17,     254
2014-01-05 02:54:19,     198
2014-01-05 02:54:21,     140
2014-01-05 02:54:23,      83
2014-01-05 02:54:25,      31
2014-01-05 02:54:27,     -22
2014-01-05 02:54:29,     -80
2014-01-05 02:54:31,    -138
2014-01-05 02:54:33,    -191
2014-01-05 02:54:35,    -241
2014-01-05 02:54:37,    -295
2014-01-05 02:54:39,    -351
2014-01-05 02:54:41,    -404
2014-01-05 02:54:43,    -450
2014-01-05 02:54:45,    -498
2014-01-05 02:54:47,    -548
2014-01-05 02:54:49,    -598
2014-01-05 02:54:51,    -643
2014-01-05 02:54:53,    -684
2014-01-05 02:54:55,    -726
2014-01-05 02:54:57,    -769
2014-01-05 02:54:59,    -810
2014-01-05 02:55:01,    -844
2014-01-05 02:55:03,    -877
2014-01-05 02:55:05,    -911
2014-01-05 02:55:07,    -943
2014-01-05 02:55:09,    -971
2014-01-05 02:55:11,    -995
2014-01-05 02:55:13,   -1019
2014-01-05 02:55:15,   -1041
2014-01-05 02:55:17,   -1061
2014-01-05 02:55:19,   -1077
2014-01-05 02:55:21,   -1090
2014-01-05 02:55:23,   -1101
2014-01-05 02:55:25,   -1109
2014-01-05 02:55:27,   -1115