2014-01-05 02:00:01,-3.960396039603875
2014-01-05 02:00:03,-2.2536967239634764
2014-01-05 02:00:05,3.8661928139549504
2014-01-05 02:00:07,-3.038447051006198
2014-01-05 02:00:09,0.9252651759209525
2014-01-05 02:00:11,4.0371371001282546
2014-01-05 02:00:13,5.782742820749407
2014-01-05 02:00:15,0.7765521618743296
2014-01-05 02:00:17,2.5447980850803322
2014-01-05 02:00:19,1.1322275096619236
2014-01-05 02:00:21,0.7888103279647606
2014-01-05 02:00:23,2.6161500691676656
2014-01-05 02:00:25,4.354341976939989
2014-01-05 02:00:27,1.9571683110356557
2014-01-05 02:00:29,1.999542439502618
2014-01-05 02:00:31,3.360089063891703
2014-01-05 02:00:33,5.1032867959594
2014-01-05 02:00:35,1.8055994177094554
2014-01-05 02:00:37,2.4139683409852135
2014-01-05 02:00:39,1.9278980841391955
2014-01-05 02:00:41,-2.110291976080595
2014-01-05 02:00:43,-7.648398041318945
2014-01-05 02:00:45,-12.291519544250232
2014-01-05 02:00:47,-16.098432626371675
2014-01-05 02:00:49,-15.17950789565894
2014-01-05 02:00:51,-10.112866897569198
2014-01-05 02:00:53,-4.809599031214419
2014-01-05 02:00:55,-3.8136049047483027
2014-01-05 02:00:57,-6.413991327703439
2014-01-05 02:00:59,-9.90950781424142
2014-01-05 02:01:01,-12.708513810000946
2014-01-05 02:01:03,-8.885204481326536
2014-01-05 02:01:05,-4.3568683071574315
2014-01-05 02:01:07,0.27608107172722374
2014-01-05 02:01:09,3.8764913181230707
2014-01-05 02:01:11,1.573327710364615
2014-01-05 02:01:13,3.12467956410205
2014-01-05 02:01:15,2.558968398960248
2014-01-05 02:01:17,0.9526280472297581
2014-01-05 02:01:19,2.5425253557543925
2014-01-05 02:01:21,4.429225618078603
2014-01-05 02:01:23,6.189747240787746
2014-01-05 02:01:25,7.484350562732915
2014-01-05 02:01:27,8.383012327681488
2014-01-05 02:01:29,3.9800923467719613
2014-01-05 02:01:31,3.971184155855109
2014-01-05 02:01:33,2.639574557468483
2014-01-05 02:01:35,-2.4053229967369125
2014-01-05 02:01:37,-7.398950424151948
2014-01-05 02:01:39,-5.59024816624723
2014-01-05 02:01:41,-5.876810303729146
2014-01-05 02:01:43,-4.617998657404247
2014-01-05 02:01:45,-1.4836813664945554
2014-01-05 02:01:47,1.4316493995568151
2014-01-05 02:01:49,0.09280092918332761
2014-01-05 02:01:51,0.9219793980118198
2014-01-05 02:01:53,1.8783434933571694
2014-01-05 02:01:55,-1.0600909893161945
2014-01-05 02:01:57,0.5055200451373965
2014-01-05 02:01:59,2.775690232893379
2014-01-05 02:02:01,6.891852767637777
2014-01-05 02:02:03,14.089353096173063
2014-01-05 02:02:05,11.0479275423466
2014-01-05 02:02:07,10.948560721330287
2014-01-05 02:02:09,10.689364113679048
2014-01-05 02:02:11,9.012789767975454
2014-01-05 02:02:13,2.9184592091414654
2014-01-05 02:02:15,-3.6574248516020433
2014-01-05 02:02:17,-3.4823973464055147
2014-01-05 02:02:19,-1.4129245076295254
2014-01-05 02:02:21,1.1182269928708393
2014-01-05 02:02:23,3.25932927311853
2014-01-05 02:02:25,4.9998260356576445
2014-01-05 02:02:27,6.35886030649372
2014-01-05 02:02:29,7.374165884985551
2014-01-05 02:02:31,8.093429898806061
2014-01-05 02:02:33,3.9214735506900302
2014-01-05 02:02:35,-2.1697263998045666
2014-01-05 02:02:37,-3.030307504971889
2014-01-05 02:02:39,-1.5465884858180532
2014-01-05 02:02:41,0.8030571010132905
2014-01-05 02:02:43,3.109996737277715
2014-01-05 02:02:45,4.971056780922909
2014-01-05 02:02:47,6.412522362305518
2014-01-05 02:02:49,7.479392495873387
2014-01-05 02:02:51,8.226226700955458
2014-01-05 02:02:53,4.72777781793495
2014-01-05 02:02:55,-1.1672711019933493
2014-01-05 02:02:57,-3.556389134318917
2014-01-05 02:02:59,-1.9935272231468288
2014-01-05 02:03:01,0.7701060151342105
2014-01-05 02:03:03,3.089296550778986
2014-01-05 02:03:05,4.959895196136396
2014-01-05 02:03:07,6.408463517850174
2014-01-05 02:03:09,7.812230047511845
2014-01-05 02:03:11,8.495890226601137
2014-01-05 02:03:13,8.920226909824258
2014-01-05 02:03:15,9.14355817881057
2014-01-05 02:03:17,9.549876597525213
2014-01-05 02:03:19,14.763670176260975
2014-01-05 02:03:21,13.872767195639359
2014-01-05 02:03:23,12.295137704680975
2014-01-05 02:03:25,10.894848322539014
2014-01-05 02:03:27,10.036493756404017
2014-01-05 02:03:29,9.32984708221625
2014-01-05 02:03:31,8.770766704232845
2014-01-05 02:03:33,7.0192939420672396
2014-01-05 02:03:35,2.3328207542322286
2014-01-05 02:03:37,2.3075729576196586
2014-01-05 02:03:39,7.11316159552835
2014-01-05 02:03:41,10.437361429665641
2014-01-05 02:03:43,8.441044772676687
2014-01-05 02:03:45,8.410911202970283
2014-01-05 02:03:47,3.717511196981974
2014-01-05 02:03:49,3.265204190825711
2014-01-05 02:03:51,4.006716718799219
2014-01-05 02:03:53,4.365979050781517
2014-01-05 02:03:55,0.06645944808403215
2014-01-05 02:03:57,0.6490440079285753
2014-01-05 02:03:59,-0.402029464786669
2014-01-05 02:04:01,-0.8114829660112356
2014-01-05 02:04:03,6.601386078986195
2014-01-05 02:04:05,10.635033253135695
2014-01-05 02:04:07,15.7374935914834
2014-01-05 02:04:09,20.94896304184761
2014-01-05 02:04:11,20.511990101530184
2014-01-05 02:04:13,13.82027935936588
2014-01-05 02:04:15,11.503027066012013
2014-01-05 02:04:17,10.258762068463705
2014-01-05 02:04:19,9.611634337611612
2014-01-05 02:04:21,8.807398257926529
2014-01-05 02:04:23,8.549165778597605
2014-01-05 02:04:25,4.423490741385765
2014-01-05 02:04:27,-2.1372144479780824
2014-01-05 02:04:29,-5.571412950460264
2014-01-05 02:04:31,1.9319088563408382
2014-01-05 02:04:33,7.261594827608381
2014-01-05 02:04:35,9.266817813595589
2014-01-05 02:04:37,10.121489659775206
2014-01-05 02:04:39,10.352678450864907
2014-01-05 02:04:41,10.41868654787552
2014-01-05 02:04:43,10.03813318528295
2014-01-05 02:04:45,6.9955208582955315
2014-01-05 02:04:47,4.505266163108084
2014-01-05 02:04:49,10.180256352552114
2014-01-05 02:04:51,12.818777009181973
2014-01-05 02:04:53,13.527481377610002
2014-01-05 02:04:55,10.979514798970218
2014-01-05 02:04:57,5.833816842687315
2014-01-05 02:04:59,5.338212665711719
2014-01-05 02:05:01,5.714138115969281
2014-01-05 02:05:03,3.1278033766618143
2014-01-05 02:05:05,0.7980306008871483
2014-01-05 02:05:07,1.7135951258789088
2014-01-05 02:05:09,3.269358757678983
2014-01-05 02:05:11,4.618126472759541
2014-01-05 02:05:13,5.74040047214938
2014-01-05 02:05:15,6.637964559640069
2014-01-05 02:05:17,7.326704437643512
2014-01-05 02:05:19,7.830888718354822
2014-01-05 02:05:21,5.523715476016749
2014-01-05 02:05:23,3.62106052492993
2014-01-05 02:05:25,3.7725135828769654
2014-01-05 02:05:27,-0.360544401132016
2014-01-05 02:05:29,-5.944647691480726
2014-01-05 02:05:31,-6.284976377211097
2014-01-05 02:05:33,-4.638120553507719
2014-01-05 02:05:35,-7.086388093419378
2014-01-05 02:05:37,-4.266236311281979
2014-01-05 02:05:39,-0.513975687659249
2014-01-05 02:05:41,0.558384733835952
2014-01-05 02:05:43,-2.9453997095569306
2014-01-05 02:05:45,-7.140566189075567
2014-01-05 02:05:47,-5.479067637144517
2014-01-05 02:05:49,-4.674487916190359
2014-01-05 02:05:51,-7.6127911312582
2014-01-05 02:05:53,-11.255729061263331
2014-01-05 02:05:55,-14.72902105287061
2014-01-05 02:05:57,-11.686805365492933
2014-01-05 02:05:59,-7.029517666409025
2014-01-05 02:06:01,-2.5329183930078107
2014-01-05 02:06:03,1.6930684571525119
2014-01-05 02:06:05,0.9462989902431533
2014-01-05 02:06:07,2.115243235452814
2014-01-05 02:06:09,2.888695958991442
2014-01-05 02:06:11,0.028483105192654623
2014-01-05 02:06:13,1.5751726096060503
2014-01-05 02:06:15,0.11201484226934033
2014-01-05 02:06:17,0.19311297540600503
2014-01-05 02:06:19,2.2259812897632427
2014-01-05 02:06:21,4.494726490444144
2014-01-05 02:06:23,6.23971994907125
2014-01-05 02:06:25,4.86559676277378
2014-01-05 02:06:27,3.6293608298558864
2014-01-05 02:06:29,4.557400849394077
2014-01-05 02:06:31,0.9572581962945996
2014-01-05 02:06:33,-4.955349049510599
2014-01-05 02:06:35,-9.959749492225292
2014-01-05 02:06:37,-11.772314834301284
2014-01-05 02:06:39,-8.618301748205475
2014-01-05 02:06:41,-4.489180556590496
2014-01-05 02:06:43,-3.6996453636460256
2014-01-05 02:06:45,-1.4015769189958531
2014-01-05 02:06:47,8.054985133950055
2014-01-05 02:06:49,12.227631090903447
2014-01-05 02:06:51,9.951945022990989
2014-01-05 02:06:53,3.798135942938581
2014-01-05 02:06:55,-3.0057904075664856
2014-01-05 02:06:57,-8.798567483977163
2014-01-05 02:06:59,-6.632782078126022
2014-01-05 02:07:01,-3.2937444369178515
2014-01-05 02:07:03,-1.7827036203707494
2014-01-05 02:07:05,-3.1808864297048864
2014-01-05 02:07:07,-0.3167496383093842
2014-01-05 02:07:09,-1.9727488069692218
2014-01-05 02:07:11,-0.6874058845791735
2014-01-05 02:07:13,1.6746235982394777
2014-01-05 02:07:15,3.8674542097812696
2014-01-05 02:07:17,5.869240682863242
2014-01-05 02:07:19,7.345994827437315
2014-01-05 02:07:21,8.375401423393589
2014-01-05 02:07:23,9.038615120938186
2014-01-05 02:07:25,9.413802099853923
2014-01-05 02:07:27,9.572020557307294
2014-01-05 02:07:29,6.5879633209507915
2014-01-05 02:07:31,4.098089952211959
2014-01-05 02:07:33,4.424401117509831
2014-01-05 02:07:35,5.0773292470496365
2014-01-05 02:07:37,9.621911103326049
2014-01-05 02:07:39,15.262764199848798
2014-01-05 02:07:41,15.685597031863997
2014-01-05 02:07:43,9.818545153558162
2014-01-05 02:07:45,8.580430158575624
2014-01-05 02:07:47,8.248262801058857
2014-01-05 02:07:49,7.6782173874650175
2014-01-05 02:07:51,7.25301275191404
2014-01-05 02:07:53,2.305985132572676
2014-01-05 02:07:55,1.7111357940584273
2014-01-05 02:07:57,2.7255301443292685
2014-01-05 02:07:59,4.014657430148534
2014-01-05 02:08:01,5.136546009051047
2014-01-05 02:08:03,11.051622144145387
2014-01-05 02:08:05,15.452996259771176
2014-01-05 02:08:07,14.17533294396441
2014-01-05 02:08:09,8.935272281340122
2014-01-05 02:08:11,7.9073220113565545
2014-01-05 02:08:13,7.4276981575801235
2014-01-05 02:08:15,4.756088283133295
2014-01-05 02:08:17,1.9963724788286423
2014-01-05 02:08:19,2.546325537954439
2014-01-05 02:08:21,-1.1749170285328792
2014-01-05 02:08:23,-0.7231833189513708
2014-01-05 02:08:25,-0.8416833348527004
2014-01-05 02:08:27,-3.123624900770451
2014-01-05 02:08:29,-1.5174555629009947
2014-01-05 02:08:31,-3.4024162201096644
2014-01-05 02:08:33,-2.176558948429957
2014-01-05 02:08:35,0.2431039465506215
2014-01-05 02:08:37,2.236162682238546
2014-01-05 02:08:39,-0.5006383782592643
2014-01-05 02:08:41,-5.409216327902092
2014-01-05 02:08:43,-9.979626549224633
2014-01-05 02:08:45,-13.492250230875275
2014-01-05 02:08:47,-16.732229896765844
2014-01-05 02:08:49,-19.045198036249097
2014-01-05 02:08:51,-20.587569960600554
2014-01-05 02:08:53,-17.86349780123969
2014-01-05 02:08:55,-11.747784651078204
2014-01-05 02:08:57,-5.701764941093337
2014-01-05 02:08:59,-0.23337507253808099
2014-01-05 02:09:01,1.3034363765588748
2014-01-05 02:09:03,-1.4057711500358145
2014-01-05 02:09:05,-5.502632104529961
2014-01-05 02:09:07,-9.590004566006304
2014-01-05 02:09:09,-7.228717750215537
2014-01-05 02:09:11,-3.5843804932787497
2014-01-05 02:09:13,0.010172305466324971
2014-01-05 02:09:15,-1.8429740808549593
2014-01-05 02:09:17,0.49892682619846895
2014-01-05 02:09:19,0.6330942951559004
2014-01-05 02:09:21,-0.04782660443810194
2014-01-05 02:09:23,1.6273946622417568
2014-01-05 02:09:25,-0.748960636270191
2014-01-05 02:09:27,-5.40048161580993
2014-01-05 02:09:29,-10.131605069783769
2014-01-05 02:09:31,-12.147628521075621
2014-01-05 02:09:33,-8.572016891592847
2014-01-05 02:09:35,-8.478758263856184
2014-01-05 02:09:37,-10.97483825535652
2014-01-05 02:09:39,-9.91874330099431
2014-01-05 02:09:41,-6.301817620601943
2014-01-05 02:09:43,-6.661291747569761
2014-01-05 02:09:45,-9.644084904973065
2014-01-05 02:09:47,-12.71632042037766
2014-01-05 02:09:49,-15.446313983802986
2014-01-05 02:09:51,-17.502639867722646
2014-01-05 02:09:53,-12.668588906865732
2014-01-05 02:09:55,-7.282940584700204
2014-01-05 02:09:57,-3.610683738971698
2014-01-05 02:09:59,-3.445394129818175
2014-01-05 02:10:01,0.14873196710034975
2014-01-05 02:10:03,-0.11972290871263724
2014-01-05 02:10:05,1.1066125153264041
2014-01-05 02:10:07,3.5784011969171283
2014-01-05 02:10:09,5.720074328432194
2014-01-05 02:10:11,3.2520257269405652
2014-01-05 02:10:13,-2.255373688653952
2014-01-05 02:10:15,-3.1175848453388055
2014-01-05 02:10:17,-1.7600289985355344
2014-01-05 02:10:19,-4.589782212510366
2014-01-05 02:10:21,-8.493586427148596
2014-01-05 02:10:23,-6.880835251213782
2014-01-05 02:10:25,-3.7593537272271322
2014-01-05 02:10:27,-0.502686795316837
2014-01-05 02:10:29,-1.8842723574073206
2014-01-05 02:10:31,-0.08948972427077817
2014-01-05 02:10:33,0.3159975063059824
2014-01-05 02:10:35,-1.0931815966890313
2014-01-05 02:10:37,1.3605971816729907
2014-01-05 02:10:39,3.635261204697798
2014-01-05 02:10:41,5.706905006153898
2014-01-05 02:10:43,5.913404901562068
2014-01-05 02:10:45,1.943625234142619
2014-01-05 02:10:47,2.9556503294320504
2014-01-05 02:10:49,4.429251294137886
2014-01-05 02:10:51,5.9137737841862865
2014-01-05 02:10:53,7.042024337519101
2014-01-05 02:10:55,8.19035300447778
2014-01-05 02:10:57,8.678625761239886
2014-01-05 02:10:59,6.305387752265902
2014-01-05 02:11:01,-0.007032107649397545
2014-01-05 02:11:03,-5.074069239011957
2014-01-05 02:11:05,-3.6675428090694475
2014-01-05 02:11:07,-5.278797324133674
2014-01-05 02:11:09,-3.747375306275916
2014-01-05 02:11:11,-2.0165001671792058
2014-01-05 02:11:13,-4.846557485754914
2014-01-05 02:11:15,-8.73377418373496
2014-01-05 02:11:17,-6.762349079262112
2014-01-05 02:11:19,-5.003017301502933
2014-01-05 02:11:21,-7.483058437855815
2014-01-05 02:11:23,-10.76291753233439
2014-01-05 02:11:25,-7.6546406309591015
2014-01-05 02:11:27,-3.3525959106123295
2014-01-05 02:11:29,-0.5305367228618976
2014-01-05 02:11:31,-2.3314501079792254
2014-01-05 02:11:33,5.387458851140548
2014-01-05 02:11:35,8.181241148896364
2014-01-05 02:11:37,8.839195081513415
2014-01-05 02:11:39,9.75689798954523
2014-01-05 02:11:41,10.255143929641758
2014-01-05 02:11:43,10.440563997466942
2014-01-05 02:11:45,10.736741387591717
2014-01-05 02:11:47,10.489169654948135
2014-01-05 02:11:49,10.492880608605939
2014-01-05 02:11:51,10.065854027584779
2014-01-05 02:11:53,9.977349471747667
2014-01-05 02:11:55,9.522423271879266
2014-01-05 02:11:57,9.450813848443099
2014-01-05 02:11:59,9.705377106607504
2014-01-05 02:12:01,9.562834528237708
2014-01-05 02:12:03,9.098910132099721
2014-01-05 02:12:05,10.376524840200199
2014-01-05 02:12:07,15.716180405768313
2014-01-05 02:12:09,11.990893750296554
2014-01-05 02:12:11,4.866038680471855
2014-01-05 02:12:13,-2.8575926638717752
2014-01-05 02:12:15,-6.885939271564281
2014-01-05 02:12:17,-5.4664541737684145
2014-01-05 02:12:19,-7.615189980434173
2014-01-05 02:12:21,-11.73103874154865
2014-01-05 02:12:23,-11.10930583880728
2014-01-05 02:12:25,-7.307455947036092
2014-01-05 02:12:27,-3.032326944689771
2014-01-05 02:12:29,0.8118541207383134
2014-01-05 02:12:31,1.1951600066340293
2014-01-05 02:12:33,-2.941412090461015
2014-01-05 02:12:35,-7.690395132655125
2014-01-05 02:12:37,-12.135791233648435
2014-01-05 02:12:39,-9.580739704208938
2014-01-05 02:12:41,-6.980687449669272
2014-01-05 02:12:43,-8.769710012723127
2014-01-05 02:12:45,-11.503754672264755
2014-01-05 02:12:47,-14.620078310621327
2014-01-05 02:12:49,-11.346490736570026
2014-01-05 02:12:51,-6.556873518208174
2014-01-05 02:12:53,-2.002769472344621
2014-01-05 02:12:55,-3.0831982972305747
2014-01-05 02:12:57,-0.14393459169230471
2014-01-05 02:12:59,3.0864610433354924
2014-01-05 02:13:01,5.832529332029853
2014-01-05 02:13:03,7.808949496775201
2014-01-05 02:13:05,9.141917292856524
2014-01-05 02:13:07,6.970851792088473
2014-01-05 02:13:09,5.330998184453474
2014-01-05 02:13:11,5.87810428621705
2014-01-05 02:13:13,1.6052070232337554
2014-01-05 02:13:15,-4.200866605805993
2014-01-05 02:13:17,-9.449921397347552
2014-01-05 02:13:19,-14.114366158782392
2014-01-05 02:13:21,-17.218338197464764
2014-01-05 02:13:23,-13.037434830802866
2014-01-05 02:13:25,-7.998654179322224
2014-01-05 02:13:27,-4.777838614982083
2014-01-05 02:13:29,-4.837842477631181
2014-01-05 02:13:31,-1.3031851523529858
2014-01-05 02:13:33,1.8024252045734532
2014-01-05 02:13:35,4.815581465803452
2014-01-05 02:13:37,6.041289184413851
2014-01-05 02:13:39,2.1457140966461017
2014-01-05 02:13:41,8.438879695242825
2014-01-05 02:13:43,10.08056795613386
2014-01-05 02:13:45,9.844593059248844
2014-01-05 02:13:47,9.435534514405266
2014-01-05 02:13:49,4.291187276034423
2014-01-05 02:13:51,-1.9408670388269726
2014-01-05 02:13:53,-2.2467491503131996
2014-01-05 02:13:55,-1.9723115600569558
2014-01-05 02:13:57,-4.58156444019261
2014-01-05 02:13:59,-2.5657511055800613
2014-01-05 02:14:01,0.20603805677198261
2014-01-05 02:14:03,2.8340573616201277
2014-01-05 02:14:05,4.2639081344003795
2014-01-05 02:14:07,0.6863386258397215
2014-01-05 02:14:09,1.7107342015156486
2014-01-05 02:14:11,3.2086152793729257
2014-01-05 02:14:13,3.7281305610963895
2014-01-05 02:14:15,0.7741485161082959
2014-01-05 02:14:17,2.3402111780918253
2014-01-05 02:14:19,3.9577216683232286
2014-01-05 02:14:21,5.569225805543835
2014-01-05 02:14:23,6.804844836225027
2014-01-05 02:14:25,7.708531706725322
2014-01-05 02:14:27,3.684959664839864
2014-01-05 02:14:29,3.682302970144527
2014-01-05 02:14:31,2.705645770698363
2014-01-05 02:14:33,-0.3816050482802904
2014-01-05 02:14:35,0.8391087127869639
2014-01-05 02:14:37,2.922425092906269
2014-01-05 02:14:39,4.646344632061516
2014-01-05 02:14:41,6.017417785901113
2014-01-05 02:14:43,7.063093852929831
2014-01-05 02:14:45,8.154875562643179
2014-01-05 02:14:47,5.28883294494721
2014-01-05 02:14:49,-0.42148825734906126
2014-01-05 02:14:51,-4.993762412416755
2014-01-05 02:14:53,-3.8603094679620105
2014-01-05 02:14:55,-1.3922817587757703
2014-01-05 02:14:57,1.403800171318386
2014-01-05 02:14:59,2.3756903258132223
2014-01-05 02:15:01,-1.5151587980100016
2014-01-05 02:15:03,-6.660833589190403
2014-01-05 02:15:05,-5.399258464474386
2014-01-05 02:15:07,-4.535206595125139
2014-01-05 02:15:09,-5.386179429323002
2014-01-05 02:15:11,-2.344123818767875
2014-01-05 02:15:13,0.5004398302722217
2014-01-05 02:15:15,3.424324636032292
2014-01-05 02:15:17,4.34947840167444
2014-01-05 02:15:19,1.6258789754722502
2014-01-05 02:15:21,2.958282874728268
2014-01-05 02:15:23,0.9950204378657337
2014-01-05 02:15:25,-3.962146463585335
2014-01-05 02:15:27,-5.939169498570167
2014-01-05 02:15:29,-3.744065176243284
2014-01-05 02:15:31,-5.487226642575612
2014-01-05 02:15:33,-3.497314389650572
2014-01-05 02:15:35,-0.14892476191768989
2014-01-05 02:15:37,2.887540886349001
2014-01-05 02:15:39,5.250554331004321
2014-01-05 02:15:41,7.0091057198534426
2014-01-05 02:15:43,5.593730171878092
2014-01-05 02:15:45,3.6185487650835224
2014-01-05 02:15:47,4.586585492511901
2014-01-05 02:15:49,5.657654412089267
2014-01-05 02:15:51,3.47405796232543
2014-01-05 02:15:53,2.3209846735887725
2014-01-05 02:15:55,3.3901423789057383
2014-01-05 02:15:57,4.275122294310309
2014-01-05 02:15:59,1.3284400156422063
2014-01-05 02:16:01,1.269097197525546
2014-01-05 02:16:03,2.9366712993158046
2014-01-05 02:16:05,4.648390770385839
2014-01-05 02:16:07,6.0111790857122065
2014-01-05 02:16:09,7.051727884356781
2014-01-05 02:16:11,5.8176284217560985
2014-01-05 02:16:13,0.7608451479578253
2014-01-05 02:16:15,-5.312636403300915
2014-01-05 02:16:17,-10.733041598190635
2014-01-05 02:16:19,-14.829683554096109
2014-01-05 02:16:21,-14.123277246044593
2014-01-05 02:16:23,-9.866666070833988
2014-01-05 02:16:25,-10.164029909142853
2014-01-05 02:16:27,-12.277899612953703
2014-01-05 02:16:29,-14.86386296914472
2014-01-05 02:16:31,-16.796656404037858
2014-01-05 02:16:33,-18.498556561337857
2014-01-05 02:16:35,-13.362585044173029
2014-01-05 02:16:37,-7.066067313885166
2014-01-05 02:16:39,-1.6729890673433943
2014-01-05 02:16:41,2.8292221111403837
2014-01-05 02:16:43,6.175334836162988
2014-01-05 02:16:45,4.547610589970545
2014-01-05 02:16:47,4.892484230817118
2014-01-05 02:16:49,6.261300143661202
2014-01-05 02:16:51,7.822510353063624
2014-01-05 02:16:53,8.877183622629438
2014-01-05 02:16:55,6.205611079943827
2014-01-05 02:16:57,4.547895969696519
2014-01-05 02:16:59,5.134276079222641
2014-01-05 02:17:01,5.91454087022699
2014-01-05 02:17:03,2.5241993868019703
2014-01-05 02:17:05,4.745334339740541
2014-01-05 02:17:07,11.219310128710283
2014-01-05 02:17:09,13.393434238678873
2014-01-05 02:17:11,8.977112545482855
2014-01-05 02:17:13,7.898397758064367
2014-01-05 02:17:15,7.6519358873662515
2014-01-05 02:17:17,7.112755116246666
2014-01-05 02:17:19,2.033359310765464
2014-01-05 02:17:21,1.966280513527726
2014-01-05 02:17:23,3.050106994655975
2014-01-05 02:17:25,3.036856441254587
2014-01-05 02:17:27,-0.5597568637194072
2014-01-05 02:17:29,0.5987888408355262
2014-01-05 02:17:31,1.992513422667457
2014-01-05 02:17:33,6.172702860573386
2014-01-05 02:17:35,13.52539675828398
2014-01-05 02:17:37,16.000095018838742
2014-01-05 02:17:39,20.705830989434872
2014-01-05 02:17:41,23.200333566166712
2014-01-05 02:17:43,21.86687698370684
2014-01-05 02:17:45,19.134013266818926
2014-01-05 02:17:47,11.068814538962386
2014-01-05 02:17:49,1.8437234313681667
2014-01-05 02:17:51,-6.416771370285094
2014-01-05 02:17:53,-9.706191934439909
2014-01-05 02:17:55,-7.87509653239209
2014-01-05 02:17:57,-4.944929343759859
2014-01-05 02:17:59,-4.926630962777526
2014-01-05 02:18:01,-8.373772319356908
2014-01-05 02:18:03,-10.31559808503393
2014-01-05 02:18:05,-7.011315820090055
2014-01-05 02:18:07,-3.1533743395529736
2014-01-05 02:18:09,3.3415723411029616
2014-01-05 02:18:11,10.831881286228441
2014-01-05 02:18:13,8.998578269711578
2014-01-05 02:18:15,9.840383793519905
2014-01-05 02:18:17,10.282462405775581
2014-01-05 02:18:19,10.428569898064147
2014-01-05 02:18:21,10.367380746739686
2014-01-05 02:18:23,10.17169490724582
2014-01-05 02:18:25,9.898945903101923
2014-01-05 02:18:27,9.592545110218293
2014-01-05 02:18:29,9.28369680462948
2014-01-05 02:18:31,9.325294607424201
2014-01-05 02:18:33,8.999929943214333
2014-01-05 02:18:35,4.734536561806266
2014-01-05 02:18:37,2.9730365730446744
2014-01-05 02:18:39,2.662791516501196
2014-01-05 02:18:41,-1.7715588592178206
2014-01-05 02:18:43,-7.198197921577092
2014-01-05 02:18:45,-6.35569543176125
2014-01-05 02:18:47,-3.7177767926456253
2014-01-05 02:18:49,-0.7215133417983193
2014-01-05 02:18:51,2.1171336372041214
2014-01-05 02:18:53,4.398358972821617
2014-01-05 02:18:55,6.489877665189813
2014-01-05 02:18:57,6.723847813917927
2014-01-05 02:18:59,2.4529311311889055
2014-01-05 02:19:01,2.898572864076658
2014-01-05 02:19:03,3.932106631867863
2014-01-05 02:19:05,7.081045101246152
2014-01-05 02:19:07,14.218338114491598
2014-01-05 02:19:09,16.503812069668342
2014-01-05 02:19:11,16.403788581743918
2014-01-05 02:19:13,15.385223916742953
2014-01-05 02:19:15,12.69313531905474
2014-01-05 02:19:17,6.408826647172172
2014-01-05 02:19:19,10.294287397080877
2014-01-05 02:19:21,17.17562338059394
2014-01-05 02:19:23,22.345242387507177
2014-01-05 02:19:25,21.985176839961685
2014-01-05 02:19:27,19.75920034844301
2014-01-05 02:19:29,16.76895776155878
2014-01-05 02:19:31,14.263116530508654
2014-01-05 02:19:33,13.240425979578934
2014-01-05 02:19:35,17.786208100695397
2014-01-05 02:19:37,18.504227105913007
2014-01-05 02:19:39,17.02505162441509
2014-01-05 02:19:41,14.777935870979453
2014-01-05 02:19:43,11.63663101085186
2014-01-05 02:19:45,4.522899455445694
2014-01-05 02:19:47,3.2657445137056875
2014-01-05 02:19:49,2.871110697024043
2014-01-05 02:19:51,3.4758212198145726
2014-01-05 02:19:53,4.1756758952281015
2014-01-05 02:19:55,4.893333827091232
2014-01-05 02:19:57,5.907843821460153
2014-01-05 02:19:59,6.4559650671314035
2014-01-05 02:20:01,6.923138189524354
2014-01-05 02:20:03,7.305679963485359
2014-01-05 02:20:05,2.9602660699312766
2014-01-05 02:20:07,-3.515854966577514
2014-01-05 02:20:09,-4.942859396919734
2014-01-05 02:20:11,-3.5114087337852093
2014-01-05 02:20:13,-6.11187733991433
2014-01-05 02:20:15,-10.029457384691142
2014-01-05 02:20:17,-14.299418258784023
2014-01-05 02:20:19,-17.459614782829874
2014-01-05 02:20:21,-19.007943421411362
2014-01-05 02:20:23,-13.605278206597529
2014-01-05 02:20:25,-11.29843952514393
2014-01-05 02:20:27,-12.332318299017677
2014-01-05 02:20:29,-14.127775015677846
2014-01-05 02:20:31,-16.17893324907467
2014-01-05 02:20:33,-17.733813009652046
2014-01-05 02:20:35,-18.855447403426968
2014-01-05 02:20:37,-19.946165482947507
2014-01-05 02:20:39,-20.678410274597134
2014-01-05 02:20:41,-20.79138639958431
2014-01-05 02:20:43,-20.74972752182003
2014-01-05 02:20:45,-20.9393644086126
2014-01-05 02:20:47,-21.00463793721212
2014-01-05 02:20:49,-20.982554234343322
2014-01-05 02:20:51,-25.549947561126483
2014-01-05 02:20:53,-23.511988977456575
2014-01-05 02:20:55,-18.073835453850275
2014-01-05 02:20:57,-16.637980818292604
2014-01-05 02:20:59,-16.23532808915797
2014-01-05 02:21:01,-10.374258122357658
2014-01-05 02:21:03,-6.443784508961293
2014-01-05 02:21:05,-7.177937429990902
2014-01-05 02:21:07,-9.04480049075412
2014-01-05 02:21:09,-11.742540091686383
2014-01-05 02:21:11,-14.019508688301919
2014-01-05 02:21:13,-11.883835205606928
2014-01-05 02:21:15,-6.81874846159623
2014-01-05 02:21:17,-1.4650946103342397
2014-01-05 02:21:19,2.9971822132459747
2014-01-05 02:21:21,6.305631204438566
2014-01-05 02:21:23,8.626849625061801
2014-01-05 02:21:25,10.136699127260968
2014-01-05 02:21:27,11.005731338471591
2014-01-05 02:21:29,11.721683245351333
2014-01-05 02:21:31,11.690162978929022
2014-01-05 02:21:33,12.09157289423752
2014-01-05 02:21:35,17.533160104579416
2014-01-05 02:21:37,19.731101803716275
2014-01-05 02:21:39,21.88093293366181
2014-01-05 02:21:41,25.31636531621618
2014-01-05 02:21:43,24.136370913179142
2014-01-05 02:21:45,26.53208887407962
2014-01-05 02:21:47,26.237377039411143
2014-01-05 02:21:49,25.43150556730593
2014-01-05 02:21:51,27.25839665354423
2014-01-05 02:21:53,24.942112543626084
2014-01-05 02:21:55,25.595704976166708
2014-01-05 02:21:57,25.395045544623578
2014-01-05 02:21:59,22.182789307549736
2014-01-05 02:22:01,18.239405296268668
2014-01-05 02:22:03,20.10966739931516
2014-01-05 02:22:05,24.399473360766414
2014-01-05 02:22:07,28.55711016894358
2014-01-05 02:22:09,32.485353659258756
2014-01-05 02:22:11,35.138590502748244
2014-01-05 02:22:13,32.386577507149035
2014-01-05 02:22:15,33.58486473135451
2014-01-05 02:22:17,40.05465792405177
2014-01-05 02:22:19,43.10162969097848
2014-01-05 02:22:21,49.90788877187957
2014-01-05 02:22:23,52.72658881544942
2014-01-05 02:22:25,51.575321095048594
2014-01-05 02:22:27,49.581625882650506
2014-01-05 02:22:29,47.024680410924525
2014-01-05 02:22:31,44.791609383175285
2014-01-05 02:22:33,46.23980087168519
2014-01-05 02:22:35,51.70236171346637
2014-01-05 02:22:37,57.35288866036494
2014-01-05 02:22:39,56.051473114903494
2014-01-05 02:22:41,52.729565144867195
2014-01-05 02:22:43,48.5463859845723
2014-01-05 02:22:45,46.45484162992451
2014-01-05 02:22:47,49.80981953252389
2014-01-05 02:22:49,49.5999198230259
2014-01-05 02:22:51,47.097254872878096
2014-01-05 02:22:53,42.10490572508985
2014-01-05 02:22:55,32.863901017234
2014-01-05 02:22:57,24.324959757193582
2014-01-05 02:22:59,26.508447669039338
2014-01-05 02:23:01,31.771067686491335
2014-01-05 02:23:03,34.6888923535786
2014-01-05 02:23:05,35.854259466866026
2014-01-05 02:23:07,31.52839131451822
2014-01-05 02:23:09,29.076196131657237
2014-01-05 02:23:11,27.568580263178657
2014-01-05 02:23:13,22.541513983856294
2014-01-05 02:23:15,17.030286370756293
2014-01-05 02:23:17,12.556555234974809
2014-01-05 02:23:19,12.653880873511413
2014-01-05 02:23:21,15.457080971815488
2014-01-05 02:23:23,14.368606476012236
2014-01-05 02:23:25,12.023240426379028
2014-01-05 02:23:27,9.660195439532252
2014-01-05 02:23:29,5.317765379554657
2014-01-05 02:23:31,1.4050220419828359
2014-01-05 02:23:33,0.8914039622674272
2014-01-05 02:23:35,-3.4976001337871
2014-01-05 02:23:37,-3.073630951762114
2014-01-05 02:23:39,-1.3975559217007194
2014-01-05 02:23:41,0.20598476913252073
2014-01-05 02:23:43,2.3199787920282375
2014-01-05 02:23:45,4.103788841622633
2014-01-05 02:23:47,2.5633838856754525
2014-01-05 02:23:49,-2.017650225217474
2014-01-05 02:23:51,-7.656979975853137
2014-01-05 02:23:53,-18.0095833027714
2014-01-05 02:23:55,-25.705435512604232
2014-01-05 02:23:57,-28.40256242571227
2014-01-05 02:23:59,-29.31828517813711
2014-01-05 02:24:01,-28.85316514989142
2014-01-05 02:24:03,-32.67528602807292
2014-01-05 02:24:05,-42.01862556909207
2014-01-05 02:24:07,-53.09253236362946
2014-01-05 02:24:09,-58.413617569855845
2014-01-05 02:24:11,-60.61412265605519
2014-01-05 02:24:13,-61.319924822716644
2014-01-05 02:24:15,-61.2474364615284
2014-01-05 02:24:17,-60.32781544728131
2014-01-05 02:24:19,-59.50072792308998
2014-01-05 02:24:21,-63.16944979548246
2014-01-05 02:24:23,-72.50876879211351
2014-01-05 02:24:25,-83.67871986928738
2014-01-05 02:24:27,-88.82453819107909
2014-01-05 02:24:29,-85.30441095012404
2014-01-05 02:24:31,-78.50216155778271
2014-01-05 02:24:33,-71.28928928005476
2014-01-05 02:24:35,-65.33970776474315
2014-01-05 02:24:37,-59.959424795319975
2014-01-05 02:24:39,-61.15447695370264
2014-01-05 02:24:41,-61.73677045610701
2014-01-05 02:24:43,-61.077042196105985
2014-01-05 02:24:45,-65.0111330311892
2014-01-05 02:24:47,-69.95216186543541
2014-01-05 02:24:49,-69.59585692753869
2014-01-05 02:24:51,-69.18805975522918
2014-01-05 02:24:53,-71.75949588188706
2014-01-05 02:24:55,-75.08234088777454
2014-01-05 02:24:57,-77.9558359703212
2014-01-05 02:24:59,-76.75586391009394
2014-01-05 02:25:01,-71.59513923804381
2014-01-05 02:25:03,-66.99169503168189
2014-01-05 02:25:05,-67.64260698529773
2014-01-05 02:25:07,-66.30571940814886
2014-01-05 02:25:09,-59.02131838463918
2014-01-05 02:25:11,-49.320406229929176
2014-01-05 02:25:13,-45.48801674311636
2014-01-05 02:25:15,-38.58111815704917
2014-01-05 02:25:17,-35.195603702356074
2014-01-05 02:25:19,-33.71545421982694
2014-01-05 02:25:21,-29.753249222771448
2014-01-05 02:25:23,-31.37129940743759
2014-01-05 02:25:25,-34.80678710666862
2014-01-05 02:25:27,-35.576209002546356
2014-01-05 02:25:29,-32.065033250598056
2014-01-05 02:25:31,-28.060418161962403
2014-01-05 02:25:33,-24.05831644010449
2014-01-05 02:25:35,-21.450964155021214
2014-01-05 02:25:37,-19.34758003182116
2014-01-05 02:25:39,-14.666085404436272
2014-01-05 02:25:41,-7.250566457762244
2014-01-05 02:25:43,-0.36370864040003514
2014-01-05 02:25:45,4.98551299793311
2014-01-05 02:25:47,9.023019398059288
2014-01-05 02:25:49,11.653639927500866
2014-01-05 02:25:51,13.172281772967672
2014-01-05 02:25:53,18.826972797466805
2014-01-05 02:25:55,25.864800321803926
2014-01-05 02:25:57,32.29560128986281
2014-01-05 02:25:59,37.1662308416362
2014-01-05 02:26:01,41.073270006726574
2014-01-05 02:26:03,43.54804695674403
2014-01-05 02:26:05,46.89539489063388
2014-01-05 02:26:07,53.98614854086114
2014-01-05 02:26:09,61.44003180791722
2014-01-05 02:26:11,62.469136666799066
2014-01-05 02:26:13,59.61592456429581
2014-01-05 02:26:15,57.085793558932025
2014-01-05 02:26:17,59.31686719268426
2014-01-05 02:26:19,63.175349018920706
2014-01-05 02:26:21,66.66712386527782
2014-01-05 02:26:23,69.48446287503457
2014-01-05 02:26:25,70.73670800985701
2014-01-05 02:26:27,65.75234184793136
2014-01-05 02:26:29,69.09091752168277
2014-01-05 02:26:31,73.63378936942853
2014-01-05 02:26:33,76.42146707470701
2014-01-05 02:26:35,82.70168814636031
2014-01-05 02:26:37,83.78948538090387
2014-01-05 02:26:39,82.60903395228398
2014-01-05 02:26:41,80.32714126271293
2014-01-05 02:26:43,77.92617332936231
2014-01-05 02:26:45,75.86914520157217
2014-01-05 02:26:47,73.84453302289684
2014-01-05 02:26:49,68.92160856073431
2014-01-05 02:26:51,64.38537099674056
2014-01-05 02:26:53,68.90235478580686
2014-01-05 02:26:55,71.11725232448117
2014-01-05 02:26:57,75.96870374994953
2014-01-05 02:26:59,79.86598122211922
2014-01-05 02:27:01,80.87960264721188
2014-01-05 02:27:03,85.1500409931036
2014-01-05 02:27:05,90.04514272863611
2014-01-05 02:27:07,91.04993839292867
2014-01-05 02:27:09,87.87107858550853
2014-01-05 02:27:11,83.70882772161285
2014-01-05 02:27:13,79.5639398217058
2014-01-05 02:27:15,75.90279344661056
2014-01-05 02:27:17,76.38959676129578
2014-01-05 02:27:19,79.60600792691366
2014-01-05 02:27:21,78.98497160548649
2014-01-05 02:27:23,76.84621264090141
2014-01-05 02:27:25,74.50199955797076
2014-01-05 02:27:27,70.05171467218521
2014-01-05 02:27:29,61.639015899562835
2014-01-05 02:27:31,53.135193330162544
2014-01-05 02:27:33,46.061758312340515
2014-01-05 02:27:35,43.92648188038645
2014-01-05 02:27:37,45.154832096227786
2014-01-05 02:27:39,43.03394185685838
2014-01-05 02:27:41,40.417964013990066
2014-01-05 02:27:43,33.72996795107252
2014-01-05 02:27:45,25.105412760834184
2014-01-05 02:27:47,18.018652508455602
2014-01-05 02:27:49,17.933995891477863
2014-01-05 02:27:51,20.526971036809066
2014-01-05 02:27:53,16.83455956183267
2014-01-05 02:27:55,11.592558750979332
2014-01-05 02:27:57,7.458106441197099
2014-01-05 02:27:59,-0.0459249938637587
2014-01-05 02:28:01,-7.902797538501586
2014-01-05 02:28:03,-14.611834736618892
2014-01-05 02:28:05,-15.996938268174752
2014-01-05 02:28:07,-13.080565828931114
2014-01-05 02:28:09,-13.79670873136276
2014-01-05 02:28:11,-16.616598765631906
2014-01-05 02:28:13,-19.18944999036112
2014-01-05 02:28:15,-20.896020841481228
2014-01-05 02:28:17,-21.912223529599906
2014-01-05 02:28:37,-27.379014288893863
2014-01-05 02:28:39,-35.11514752517653
2014-01-05 02:28:41,-42.25768874024163
2014-01-05 02:28:43,-48.13437875594836
2014-01-05 02:28:45,-52.579950590875555
2014-01-05 02:28:47,-55.512178077945094
2014-01-05 02:28:49,-57.24157817541506
2014-01-05 02:28:51,-58.05426535468085
2014-01-05 02:28:53,-58.20134128292513
2014-01-05 02:28:55,-58.22598085915718
2014-01-05 02:28:57,-60.88768269587777
2014-01-05 02:28:59,-67.05325134042265
2014-01-05 02:29:01,-73.01974183552186
2014-01-05 02:29:03,-78.3927497831407
2014-01-05 02:29:05,-86.53292643888729
2014-01-05 02:29:11,-93.85270547644679
2014-01-05 02:29:13,-95.76088499568962
2014-01-05 02:29:15,-95.26612672449103
2014-01-05 02:29:17,-93.93237768796381
2014-01-05 02:29:19,-92.05991084355901
2014-01-05 02:29:21,-89.88457000079818
2014-01-05 02:29:23,-88.24750197278722
2014-01-05 02:29:25,-92.7845555591129
2014-01-05 02:29:27,-99.00812395986611
2014-01-05 02:29:29,-104.81521153359442
2014-01-05 02:29:33,-108.50105734069984
2014-01-05 02:29:35,-105.75147230933734
2014-01-05 02:29:37,-100.49091446543967
2014-01-05 02:29:39,-99.67943086830887
2014-01-05 02:29:41,-102.61279829172322
2014-01-05 02:29:43,-105.92055253027856
2014-01-05 02:29:45,-108.79454469735917
2014-01-05 02:29:47,-111.25619264086613
2014-01-05 02:29:49,-110.3597995264862
2014-01-05 02:29:51,-106.0915703256798
2014-01-05 02:29:53,-106.16536103305329
2014-01-05 02:29:55,-96.57916789130864
2014-01-05 02:29:59,-92.21305524871809
2014-01-05 02:30:01,-91.94207726105529
2014-01-05 02:30:03,-90.36695531121849
2014-01-05 02:30:04,-93.67050079609128
2014-01-05 02:30:05,-93.56612970694447
2014-01-05 02:30:06,-87.94810531078195
2014-01-05 02:30:07,-79.89336830428215
2014-01-05 02:30:08,-76.3238611140696
2014-01-05 02:30:09,-69.53794161049643
2014-01-05 02:30:10,-62.51994678388132
2014-01-05 02:30:11,-56.40912303303877
2014-01-05 02:30:12,-51.77158314598706
2014-01-05 02:30:13,-48.68811201180602
2014-01-05 02:30:14,-46.512681221493764
2014-01-05 02:30:15,-45.352672986875675
2014-01-05 02:30:16,-45.27882244860565
2014-01-05 02:30:17,-45.337098223219655
2014-01-05 02:30:18,-46.078219282815525
2014-01-05 02:30:19,-46.9606018668217
2014-01-05 02:30:20,-44.89269387967254
2014-01-05 02:30:21,-39.736589275477236
2014-01-05 02:30:22,-39.43656188774065
2014-01-05 02:30:24,-35.48649814834174
2014-01-05 02:30:25,-23.925004472552907
2014-01-05 02:30:26,-11.976115834902235
2014-01-05 02:30:27,-2.2844314632598675
2014-01-05 02:30:28,5.396218135773712
2014-01-05 02:30:29,10.698034073425669
2014-01-05 02:30:30,17.050797729105486
2014-01-05 02:30:32,24.61070470425993
2014-01-05 02:30:34,26.49896990747949
2014-01-05 02:30:36,25.14809045061016
2014-01-05 02:30:38,31.28564904172744
2014-01-05 02:30:40,40.275521966762625
2014-01-05 02:30:42,45.52474284823237
2014-01-05 02:30:44,53.97579309165177
2014-01-05 02:30:46,62.33918733565005
2014-01-05 02:30:48,68.89543643560863
2014-01-05 02:30:50,71.95505654048145
2014-01-05 02:30:52,68.56615440928306
2014-01-05 02:30:54,68.40678306833999
2014-01-05 02:30:56,74.05640536912682
2014-01-05 02:30:58,80.14557764484155
2014-01-05 02:31:00,82.20807655348855
2014-01-05 02:31:02,87.6254052354985
2014-01-05 02:31:04,93.45678092523755
2014-01-05 02:31:06,101.89901265896597
2014-01-05 02:31:08,111.05608815616084
2014-01-05 02:31:10,113.71089345518055
2014-01-05 02:31:12,113.71823563545259
2014-01-05 02:31:14,112.35849794828118
2014-01-05 02:31:16,113.69426825454602
2014-01-05 02:31:18,117.99588620596145
2014-01-05 02:31:20,116.75178815118055
2014-01-05 02:31:22,114.02076127664927
2014-01-05 02:31:24,110.54520235340777
2014-01-05 02:31:26,107.59896455132164
2014-01-05 02:31:28,105.19903012210942
2014-01-05 02:31:30,102.65725099109233
2014-01-05 02:31:32,105.69818486092646
2014-01-05 02:31:34,108.60462307884643
2014-01-05 02:31:36,107.97768420725755
2014-01-05 02:31:38,106.43383867296585
2014-01-05 02:31:40,104.51406125017711
2014-01-05 02:31:42,102.66975803136094
2014-01-05 02:31:44,98.939776469805
2014-01-05 02:31:46,92.40857526089732
2014-01-05 02:31:48,90.68321758853172
2014-01-05 02:31:50,91.27601411604583
2014-01-05 02:31:52,92.71013608917399
2014-01-05 02:31:54,94.41147732079614
2014-01-05 02:31:56,95.58171938887166
2014-01-05 02:31:58,91.60881536794645
2014-01-05 02:32:00,85.46994574612403
2014-01-05 02:32:02,79.68818537607115
2014-01-05 02:32:04,74.65880144049473
2014-01-05 02:32:06,71.32584096521965
2014-01-05 02:32:08,68.41396386085633
2014-01-05 02:32:10,62.85607696580408
2014-01-05 02:32:12,54.84260400922386
2014-01-05 02:32:14,47.25103584637907
2014-01-05 02:32:16,41.10646923854655
2014-01-05 02:32:18,41.17796418741519
2014-01-05 02:32:20,39.61019177881317
2014-01-05 02:32:22,32.609357926361064
2014-01-05 02:32:24,29.491122889877506
2014-01-05 02:32:26,18.27904680968962
2014-01-05 02:32:28,5.207983432924238
2014-01-05 02:32:30,-6.5107556272514
2014-01-05 02:32:32,-16.62014985434554
2014-01-05 02:32:34,-29.634723153724707
2014-01-05 02:32:36,-36.61915014415899
2014-01-05 02:32:38,-41.64726881132845
2014-01-05 02:32:40,-46.829766773561
2014-01-05 02:32:42,-46.26031558338259
2014-01-05 02:32:44,-48.467325950371716
2014-01-05 02:32:46,-51.77676723970566
2014-01-05 02:32:48,-56.395972023246266
2014-01-05 02:32:50,-65.09829089055582
2014-01-05 02:32:52,-73.75233235567623
2014-01-05 02:32:54,-75.62824933612066
2014-01-05 02:32:56,-73.33040019971318
2014-01-05 02:32:58,-69.46516748465498
2014-01-05 02:33:00,-65.87147281779221
2014-01-05 02:33:02,-68.00435923119655
2014-01-05 02:33:04,-72.54683753908213
2014-01-05 02:33:06,-78.99067911159027
2014-01-05 02:33:08,-89.19519653926064
2014-01-05 02:33:10,-99.3042761699506
2014-01-05 02:33:12,-112.4651432313326
2014-01-05 02:33:14,-122.27394262422455
2014-01-05 02:33:16,-126.21480382940052
2014-01-05 02:33:18,-128.04408415555545
2014-01-05 02:33:20,-133.25586156411188
2014-01-05 02:33:22,-139.31088818590877
2014-01-05 02:33:24,-144.3970570998431
2014-01-05 02:33:26,-147.04007455838095
2014-01-05 02:33:28,-143.43266538912985
2014-01-05 02:33:30,-143.2014258798445
2014-01-05 02:33:32,-144.23545349859904
2014-01-05 02:33:34,-143.38719180046112
2014-01-05 02:33:36,-137.75639592675213
2014-01-05 02:33:38,-131.70190779364574
2014-01-05 02:33:40,-126.16246010181902
2014-01-05 02:33:42,-121.19856502347109
2014-01-05 02:33:44,-117.14490145149955
2014-01-05 02:33:46,-114.23094317680358
2014-01-05 02:33:48,-112.26898400076662
2014-01-05 02:33:50,-115.0539894164569
2014-01-05 02:33:52,-119.62177142524222
2014-01-05 02:33:54,-119.83225163444483
2014-01-05 02:33:56,-118.72169412031859
2014-01-05 02:33:58,-112.22507772888297
2014-01-05 02:34:00,-106.75330350947536
2014-01-05 02:34:02,-107.23693634395985
2014-01-05 02:34:04,-113.57896292512339
2014-01-05 02:34:06,-110.92469127600046
2014-01-05 02:34:08,-108.16553433747032
2014-01-05 02:34:10,-105.38594375145664
2014-01-05 02:34:12,-99.65670918603416
2014-01-05 02:34:14,-93.60342949948485
2014-01-05 02:34:16,-83.08801313240406
2014-01-05 02:34:18,-71.75704153224609
2014-01-05 02:34:20,-59.968218771588894
2014-01-05 02:34:22,-45.999157972885136
2014-01-05 02:34:24,-39.4015539158738
2014-01-05 02:34:26,-36.888331580703216
2014-01-05 02:34:28,-33.61261143285351
2014-01-05 02:34:30,-23.941868307722565
2014-01-05 02:34:32,-11.384717749246292
2014-01-05 02:34:34,-0.591222509958103
2014-01-05 02:34:36,7.649452269111885
2014-01-05 02:34:38,13.776469228207965
2014-01-05 02:34:40,17.55768158044333
2014-01-05 02:34:42,25.16642638473224
2014-01-05 02:34:44,32.9595310268323
2014-01-05 02:34:46,36.242940557878455
2014-01-05 02:34:48,35.57442417926265
2014-01-05 02:34:50,37.493603582825735
2014-01-05 02:34:52,40.01064207465923
2014-01-05 02:34:54,45.74456557636282
2014-01-05 02:34:56,52.11155642888223
2014-01-05 02:34:58,53.96461844235694
2014-01-05 02:35:00,58.795272400879156
2014-01-05 02:35:02,64.42467883494382
2014-01-05 02:35:04,69.01793957482292
2014-01-05 02:35:06,72.74936149589489
2014-01-05 02:35:08,75.12798659874804
2014-01-05 02:35:10,81.42553198065723
2014-01-05 02:35:12,88.91911025160469
2014-01-05 02:35:14,95.65085351640448
2014-01-05 02:35:16,101.69497344452394
2014-01-05 02:35:18,111.12864252592782
2014-01-05 02:35:20,115.62292733138928
2014-01-05 02:35:22,119.71626070508859
2014-01-05 02:35:24,125.19503722768044
2014-01-05 02:35:26,129.838390044136
2014-01-05 02:35:28,127.84218460964226
2014-01-05 02:35:30,127.52926456307124
2014-01-05 02:35:32,126.43057876065868
2014-01-05 02:35:34,123.15393690370952
2014-01-05 02:35:36,123.88614328090904
2014-01-05 02:35:38,125.97682320166265
2014-01-05 02:35:40,132.15233106563025
2014-01-05 02:35:42,140.90484878992652
2014-01-05 02:35:44,148.93637458110715
2014-01-05 02:35:46,150.2486315062409
2014-01-05 02:35:48,148.39356868007593
2014-01-05 02:35:50,145.41348529261504
2014-01-05 02:35:52,142.3442281413319
2014-01-05 02:35:54,139.35070267605386
2014-01-05 02:35:56,136.87001811046323
2014-01-05 02:35:58,135.22606893157518
2014-01-05 02:36:00,131.32707436182562
2014-01-05 02:36:02,123.3300852761579
2014-01-05 02:36:04,115.12420554279537
2014-01-05 02:36:06,107.91866338409943
2014-01-05 02:36:08,102.32023529195632
2014-01-05 02:36:10,98.42812293737236
2014-01-05 02:36:12,95.59864686485903
2014-01-05 02:36:14,94.26253511243809
2014-01-05 02:36:16,89.76240938975762
2014-01-05 02:36:18,82.98982432453774
2014-01-05 02:36:20,75.75008522895855
2014-01-05 02:36:22,64.5631695036306
2014-01-05 02:36:24,53.28054610948403
2014-01-05 02:36:26,47.393409864639835
2014-01-05 02:36:28,47.613202075932094
2014-01-05 02:36:30,50.028352157904706
2014-01-05 02:36:32,47.37617604039657
2014-01-05 02:36:34,43.452593500172405
2014-01-05 02:36:36,39.805939281343086
2014-01-05 02:36:38,36.05470445873895
2014-01-05 02:36:40,27.902818854668176
2014-01-05 02:36:42,19.882952173953022
2014-01-05 02:36:44,12.747140650304178
2014-01-05 02:36:46,5.411375176847962
2014-01-05 02:36:48,-4.027339766142416
2014-01-05 02:36:50,-12.780741475269622
2014-01-05 02:36:52,-19.568686702246087
2014-01-05 02:36:54,-24.398509814544525
2014-01-05 02:36:56,-28.997190914727906
2014-01-05 02:36:58,-37.11842615376097
2014-01-05 02:37:00,-45.45324367197428
2014-01-05 02:37:02,-51.58566586944526
2014-01-05 02:37:04,-56.24290922309847
2014-01-05 02:37:06,-59.07703439385194
2014-01-05 02:37:08,-60.83966830726605
2014-01-05 02:37:10,-66.15106637662363
2014-01-05 02:37:12,-72.7421703848944
2014-01-05 02:37:14,-78.6863559110487
2014-01-05 02:37:16,-83.40742328926353
2014-01-05 02:37:18,-86.4696043737555
2014-01-05 02:37:20,-93.20150480701298
2014-01-05 02:37:22,-101.59831170623853
2014-01-05 02:37:24,-108.95449228768794
2014-01-05 02:37:26,-114.73218159416577
2014-01-05 02:37:28,-118.54446154541698
2014-01-05 02:37:30,-120.79433578057171
2014-01-05 02:37:32,-123.51265118262218
2014-01-05 02:37:34,-130.34388064946373
2014-01-05 02:37:36,-137.20370360803332
2014-01-05 02:37:38,-143.03074925756823
2014-01-05 02:37:40,-147.31914814950727
2014-01-05 02:37:42,-150.0326389430032
2014-01-05 02:37:44,-151.51647401329254
2014-01-05 02:37:46,-152.08172943972812
2014-01-05 02:37:48,-151.99630611612426
2014-01-05 02:37:50,-151.48174077762226
2014-01-05 02:37:52,-150.71410722658183
2014-01-05 02:37:54,-149.82759115880063
2014-01-05 02:37:56,-148.91961781665705
2014-01-05 02:37:58,-148.05668148465946
2014-01-05 02:38:00,-147.28026296289516
2014-01-05 02:38:02,-146.61241871692323
2014-01-05 02:38:04,-146.06078527382482
2014-01-05 02:38:06,-145.6228655969322
2014-01-05 02:38:08,-145.28955556013918
2014-01-05 02:38:10,-144.3841610322879
2014-01-05 02:38:12,-138.04668848248872
2014-01-05 02:38:14,-135.34798986487584
2014-01-05 02:38:16,-136.0464981503588
2014-01-05 02:38:18,-135.8414375317542
2014-01-05 02:38:20,-131.19918568457723
2014-01-05 02:38:22,-125.63555768458758
2014-01-05 02:38:24,-120.75535248490864
2014-01-05 02:38:26,-116.5200903299954
2014-01-05 02:38:28,-112.86188911826362
2014-01-05 02:38:30,-104.38749277788803
2014-01-05 02:38:32,-101.0333514152332
2014-01-05 02:38:34,-97.5934592551038
2014-01-05 02:38:36,-90.07702345990579
2014-01-05 02:38:38,-78.61847335615876
2014-01-05 02:38:40,-73.05929989933954
2014-01-05 02:38:42,-66.41967880987708
2014-01-05 02:38:44,-59.567619509886846
2014-01-05 02:38:46,-53.22772430254306
2014-01-05 02:38:48,-48.97705762520108
2014-01-05 02:38:50,-46.06830290293728
2014-01-05 02:38:52,-40.19828708356438
2014-01-05 02:38:54,-27.56906381237098
2014-01-05 02:38:56,-13.86410506415253
2014-01-05 02:38:58,-1.8097283770635695
2014-01-05 02:39:00,7.086543447479101
2014-01-05 02:39:02,16.67535310898595
2014-01-05 02:39:04,27.4829070034155
2014-01-05 02:39:06,36.59300259393449
2014-01-05 02:39:08,48.61475212515861
2014-01-05 02:39:10,56.666915927126404
2014-01-05 02:39:12,58.81993120098801
2014-01-05 02:39:14,58.95742187750905
2014-01-05 02:39:16,63.315984438045376
2014-01-05 02:39:18,68.2689770166402
2014-01-05 02:39:20,72.42542979508283
2014-01-05 02:39:22,76.96973828018976
2014-01-05 02:39:24,84.85533722072208
2014-01-05 02:39:26,92.78343134173129
2014-01-05 02:39:28,99.01980073252254
2014-01-05 02:39:30,103.18511450849837
2014-01-05 02:39:32,106.69001028519185
2014-01-05 02:39:34,114.36705339236781
2014-01-05 02:39:36,117.14406375973549
2014-01-05 02:39:38,116.60634717270212
2014-01-05 02:39:40,116.48380139392366
2014-01-05 02:39:42,120.82544893208855
2014-01-05 02:39:44,125.527789376788
2014-01-05 02:39:46,129.49492146741377
2014-01-05 02:39:48,132.84221824556238
2014-01-05 02:39:50,135.02352245368638
2014-01-05 02:39:52,136.28317332640563
2014-01-05 02:39:54,136.84468496530715
2014-01-05 02:39:56,137.2349276124487
2014-01-05 02:39:58,136.88684432754073
2014-01-05 02:40:00,136.33473107157303
2014-01-05 02:40:02,135.6824055131955
2014-01-05 02:40:04,139.98406572634562
2014-01-05 02:40:06,143.31684336949456
2014-01-05 02:40:08,143.79305091268373
2014-01-05 02:40:10,147.57931372729252
2014-01-05 02:40:12,147.4110721766766
2014-01-05 02:40:14,144.6870260245278
2014-01-05 02:40:16,143.9584291694861
2014-01-05 02:40:18,146.59704497193928
2014-01-05 02:40:20,145.3289988554504
2014-01-05 02:40:22,142.5392953081212
2014-01-05 02:40:24,135.93333342680742
2014-01-05 02:40:26,126.3595641352249
2014-01-05 02:40:28,116.90211521407562
2014-01-05 02:40:30,103.7658398548572
2014-01-05 02:40:32,94.49135627073977
2014-01-05 02:40:34,87.87046592697075
2014-01-05 02:40:36,78.8090260792438
2014-01-05 02:40:38,65.13900000626953
2014-01-05 02:40:40,57.4698894505153
2014-01-05 02:40:42,57.75626936155
2014-01-05 02:40:44,60.7346097886794
2014-01-05 02:40:46,56.019004773661045
2014-01-05 02:40:48,48.88457164705184
2014-01-05 02:40:50,42.47100641332111
2014-01-05 02:40:52,34.70557470355322
2014-01-05 02:40:54,24.895165032141357
2014-01-05 02:40:56,16.164991090449348
2014-01-05 02:40:58,8.732342165889452
2014-01-05 02:41:00,3.7185936568543685
2014-01-05 02:41:02,0.6487995854569157
2014-01-05 02:41:04,-1.5852457835436242
2014-01-05 02:41:06,-7.228237502692576
2014-01-05 02:41:08,-13.70395221916614
2014-01-05 02:41:10,-22.16323733132357
2014-01-05 02:41:12,-31.847418478957177
2014-01-05 02:41:14,-35.13453064877354
2014-01-05 02:41:16,-41.17867851811612
2014-01-05 02:41:18,-43.21386393727105
2014-01-05 02:41:20,-43.70460558346464
2014-01-05 02:41:22,-47.712399101399015
2014-01-05 02:41:24,-57.31307607547888
2014-01-05 02:41:26,-67.41322157617718
2014-01-05 02:41:28,-76.11570231741001
2014-01-05 02:41:30,-83.90877045517452
2014-01-05 02:41:32,-94.89423294488218
2014-01-05 02:41:34,-99.44496494042274
2014-01-05 02:41:36,-104.71901888576554
2014-01-05 02:41:38,-112.97778477771828
2014-01-05 02:41:40,-124.3352644191948
2014-01-05 02:41:42,-135.14503749741613
2014-01-05 02:41:44,-143.4138338506324
2014-01-05 02:41:46,-149.24316091555514
2014-01-05 02:41:48,-153.12685064441126
2014-01-05 02:41:50,-155.19018014182245
2014-01-05 02:41:52,-155.9023782682122
2014-01-05 02:41:54,-155.33340939201523
2014-01-05 02:41:56,-154.54405995628454
2014-01-05 02:41:58,-153.39259223413538
2014-01-05 02:42:00,-152.07448323188623
2014-01-05 02:42:02,-150.7312307609014
2014-01-05 02:42:04,-149.45901566901586
2014-01-05 02:42:06,-148.31745258000646
2014-01-05 02:42:08,-147.00594198560194
2014-01-05 02:42:10,-146.26502792280354
2014-01-05 02:42:12,-145.68729157631063
2014-01-05 02:42:14,-145.25635515542254
2014-01-05 02:42:16,-144.95167710431093
2014-01-05 02:42:18,-144.41939158221837
2014-01-05 02:42:20,-139.0580565423543
2014-01-05 02:42:22,-135.8140252063254
2014-01-05 02:42:24,-133.72912504477702
2014-01-05 02:42:26,-128.96963974484186
2014-01-05 02:42:28,-123.73997269832321
2014-01-05 02:42:30,-118.87495955779578
2014-01-05 02:42:32,-115.039302419073
2014-01-05 02:42:34,-111.08114163154502
2014-01-05 02:42:36,-103.0557719851814
2014-01-05 02:42:38,-100.42059942773356
2014-01-05 02:42:40,-96.57086293211628
2014-01-05 02:42:42,-91.03988997444073
2014-01-05 02:42:44,-85.81824454707386
2014-01-05 02:42:46,-81.8788060737852
2014-01-05 02:42:48,-74.34184269991583
2014-01-05 02:42:50,-65.57273608617469
2014-01-05 02:42:52,-57.89124113090671
2014-01-05 02:42:54,-51.5090160192815
2014-01-05 02:42:56,-41.56962006302323
2014-01-05 02:42:58,-30.78324283838171
2014-01-05 02:43:00,-22.735871698141167
2014-01-05 02:43:02,-13.32856108002154
2014-01-05 02:43:04,-2.5112321424033954
2014-01-05 02:43:06,6.403906740282
2014-01-05 02:43:08,16.38184533352159
2014-01-05 02:43:10,27.533965160124268
2014-01-05 02:43:12,36.60443658267437
2014-01-05 02:43:14,42.95691073578866
2014-01-05 02:43:16,47.475335589511744
2014-01-05 02:43:18,49.93995314973137
2014-01-05 02:43:20,50.871229514120806
2014-01-05 02:43:22,50.7171617143567
2014-01-05 02:43:24,49.84803437348458
2014-01-05 02:43:26,52.54062471051098
2014-01-05 02:43:28,60.54466614660499
2014-01-05 02:43:30,72.15262627116265
2014-01-05 02:43:32,77.89198127632814
2014-01-05 02:43:34,85.05244616987392
2014-01-05 02:43:36,89.36542755984222
2014-01-05 02:43:38,92.02692539831017
2014-01-05 02:43:40,102.04003033252224
2014-01-05 02:43:42,108.05367687063901
2014-01-05 02:43:44,110.74042893240212
2014-01-05 02:43:46,111.09906941217582
2014-01-05 02:43:48,110.67829794523747
2014-01-05 02:43:50,109.43241904605718
2014-01-05 02:43:52,108.31512319077005
2014-01-05 02:43:54,110.74104224505744
2014-01-05 02:43:56,116.09489881319433
2014-01-05 02:43:58,121.78284433002031
2014-01-05 02:44:00,121.01130344282367
2014-01-05 02:44:02,126.27778707788497
2014-01-05 02:44:04,133.82132093264275
2014-01-05 02:44:06,138.1339222674695
2014-01-05 02:44:08,145.71826449300877
2014-01-05 02:44:10,147.94277492241508
2014-01-05 02:44:12,150.43333359629966
2014-01-05 02:44:14,152.8684606891008
2014-01-05 02:44:16,151.3208640100845
2014-01-05 02:44:18,147.62069139843513
2014-01-05 02:44:20,143.9913922686182
2014-01-05 02:44:22,140.581376230207
2014-01-05 02:44:24,137.4754587879627
2014-01-05 02:44:26,135.04230684468942
2014-01-05 02:44:28,133.21774453003022
2014-01-05 02:44:30,131.9190990181011
2014-01-05 02:44:32,131.05674534336956
2014-01-05 02:44:34,129.8785032717489
2014-01-05 02:44:36,123.78907878325191
2014-01-05 02:44:38,121.40373119147988
2014-01-05 02:44:40,122.10684453134755
2014-01-05 02:44:42,121.9663051508742
2014-01-05 02:44:44,117.09250079693034
2014-01-05 02:44:46,111.38114539425102
2014-01-05 02:44:48,106.08699200437015
2014-01-05 02:44:50,102.21725006090422
2014-01-05 02:44:52,97.5609095267713
2014-01-05 02:44:54,83.3302587496359
2014-01-05 02:44:56,72.42775648329176
2014-01-05 02:44:58,66.12118740683363
2014-01-05 02:45:00,62.62891460836132
2014-01-05 02:45:02,60.712285856802815
2014-01-05 02:45:03,54.33164297689471
2014-01-05 02:45:05,46.929205772239804
2014-01-05 02:45:07,40.39905510007385
2014-01-05 02:45:09,35.28091087632059
2014-01-05 02:45:11,25.99987724693547
2014-01-05 02:45:13,17.350044968194428
2014-01-05 02:45:15,9.958972683659692
2014-01-05 02:45:17,4.958182620328028
2014-01-05 02:45:19,1.549493861975566
2014-01-05 02:45:21,-0.6379833571619922
2014-01-05 02:45:23,-10.229040190354517
2014-01-05 02:45:25,-21.19312888924359
2014-01-05 02:45:27,-26.50458805412489
2014-01-05 02:45:29,-29.492197998913895
2014-01-05 02:45:31,-36.30851264268187
2014-01-05 02:45:33,-47.61090925372795
2014-01-05 02:45:35,-60.81983600688689
2014-01-05 02:45:37,-72.7645781481118
2014-01-05 02:45:39,-81.88193284292294
2014-01-05 02:45:41,-87.98108980257201
2014-01-05 02:45:43,-95.31565858969395
2014-01-05 02:45:45,-103.0515375607408
2014-01-05 02:45:47,-104.50048848094536
2014-01-05 02:45:49,-108.90026034496812
2014-01-05 02:45:51,-109.19618170033021
2014-01-05 02:45:53,-108.26448968176938
2014-01-05 02:45:55,-110.82265675532402
2014-01-05 02:45:57,-113.67477208074614
2014-01-05 02:45:59,-115.8026827379863
2014-01-05 02:46:01,-120.35995689701863
2014-01-05 02:46:03,-126.89622709946805
2014-01-05 02:46:05,-128.34347776353982
2014-01-05 02:46:07,-132.6117345241187
2014-01-05 02:46:09,-137.8773968877248
2014-01-05 02:46:11,-144.9185064190489
2014-01-05 02:46:13,-155.33061477352777
2014-01-05 02:46:15,-164.70959089799797
2014-01-05 02:46:17,-167.13803272669492
2014-01-05 02:46:19,-164.90950342698804
2014-01-05 02:46:21,-163.70780073162436
2014-01-05 02:46:23,-166.51924817559217
2014-01-05 02:46:25,-164.38103639973286
2014-01-05 02:46:27,-160.61421612577053
2014-01-05 02:46:29,-156.34243166883155
2014-01-05 02:46:31,-152.4802071957442
2014-01-05 02:46:33,-149.4106638338864
2014-01-05 02:46:35,-147.07144153251707
2014-01-05 02:46:37,-141.3904939281262
2014-01-05 02:46:39,-135.38688344775338
2014-01-05 02:46:41,-134.21160706755086
2014-01-05 02:46:43,-134.66976989248892
2014-01-05 02:46:45,-136.38546936204068
2014-01-05 02:46:47,-135.0427019567553
2014-01-05 02:46:49,-129.8282752656624
2014-01-05 02:46:51,-124.1731179732757
2014-01-05 02:46:53,-119.59388549696835
2014-01-05 02:46:55,-115.96754214351925
2014-01-05 02:46:57,-111.15826273744806
2014-01-05 02:46:59,-102.76030976030974
2014-01-05 02:47:01,-94.18808451550038
2014-01-05 02:47:03,-82.28337879095031
2014-01-05 02:47:05,-72.79729339011311
2014-01-05 02:47:07,-67.73984171781005
2014-01-05 02:47:09,-60.32494745892292
2014-01-05 02:47:11,-53.62488255806792
2014-01-05 02:47:13,-48.50923040413977
2014-01-05 02:47:15,-42.33268292779451
2014-01-05 02:47:17,-33.2713953928106
2014-01-05 02:47:19,-25.213290692827343
2014-01-05 02:47:21,-19.021054919729156
2014-01-05 02:47:23,-8.707511802730671
2014-01-05 02:47:25,-0.7145051312657947
2014-01-05 02:47:27,2.6811468584200986
2014-01-05 02:47:29,8.032906483231612
2014-01-05 02:47:31,16.72033952241238
2014-01-05 02:47:33,23.1362743044653
2014-01-05 02:47:35,27.01666587293625
2014-01-05 02:47:37,38.84045883155686
2014-01-05 02:47:39,46.14229294139323
2014-01-05 02:47:41,53.99841913969908
2014-01-05 02:47:43,64.290987753203
2014-01-05 02:47:45,77.18297169049272
2014-01-05 02:47:47,83.45126418775024
2014-01-05 02:47:49,85.95519733556246
2014-01-05 02:47:51,89.16955236128419
2014-01-05 02:47:53,94.7655238928959
2014-01-05 02:47:55,100.04825238728372
2014-01-05 02:47:57,109.41772295911305
2014-01-05 02:47:59,119.42687627921073
2014-01-05 02:48:01,127.87149908366771
2014-01-05 02:48:03,133.9845431791476
2014-01-05 02:48:05,138.2054807501928
2014-01-05 02:48:07,140.6197699739043
2014-01-05 02:48:09,141.66913944313623
2014-01-05 02:48:11,141.73796738895197
2014-01-05 02:48:13,141.47906620835468
2014-01-05 02:48:15,146.06180790895812
2014-01-05 02:48:17,147.65630636915515
2014-01-05 02:48:19,148.81441123253398
2014-01-05 02:48:21,152.65758659732867
2014-01-05 02:48:23,157.03786716876047
2014-01-05 02:48:25,155.51169405184825
2014-01-05 02:48:27,154.53383128507733
2014-01-05 02:48:29,154.44891239529025
2014-01-05 02:48:31,150.84779494408951
2014-01-05 02:48:33,151.44862391673163
2014-01-05 02:48:35,153.87741452144024
2014-01-05 02:48:37,153.7783897826101
2014-01-05 02:48:39,149.94519894809656
2014-01-05 02:48:41,145.13982895905127
2014-01-05 02:48:43,145.6461448165825
2014-01-05 02:48:45,149.19070229793232
2014-01-05 02:48:47,150.80737561768015
2014-01-05 02:48:49,147.4498684916214
2014-01-05 02:48:51,137.08615051793075
2014-01-05 02:48:53,125.1978139964686
2014-01-05 02:48:55,115.00403098844936
2014-01-05 02:48:57,106.74469512439349
2014-01-05 02:48:59,100.8508642877016
2014-01-05 02:49:01,96.59097722237416
2014-01-05 02:49:03,93.63591765730214
2014-01-05 02:49:05,90.02104701000202
2014-01-05 02:49:07,83.15429764621027
2014-01-05 02:49:09,76.63544332768102
2014-01-05 02:49:11,71.11211262213853
2014-01-05 02:49:13,63.76382344413549
2014-01-05 02:49:15,55.62123659482695
2014-01-05 02:49:17,52.86584097964438
2014-01-05 02:49:19,42.198633190983415
2014-01-05 02:49:21,33.741051467470854
2014-01-05 02:49:23,29.17333135288874
2014-01-05 02:49:25,27.100961424594452
2014-01-05 02:49:27,26.9620658025971
2014-01-05 02:49:29,22.612761794478235
2014-01-05 02:49:31,16.74528077076548
2014-01-05 02:49:33,9.32676084465721
2014-01-05 02:49:35,-0.6243773342251702
2014-01-05 02:49:37,-9.877267606368937
2014-01-05 02:49:39,-17.455283235422584
2014-01-05 02:49:41,-25.60624489640735
2014-01-05 02:49:43,-36.18683247830947
2014-01-05 02:49:45,-45.69270648269195
2014-01-05 02:49:47,-58.233924059369784
2014-01-05 02:49:49,-67.18611193270979
2014-01-05 02:49:51,-69.83617267761907
2014-01-05 02:49:53,-70.43546579549522
2014-01-05 02:49:55,-75.20208689985807
2014-01-05 02:49:57,-85.1469453280629
2014-01-05 02:49:59,-93.30042172506212
2014-01-05 02:50:01,-97.92874763716401
2014-01-05 02:50:03,-105.01321730878514
2014-01-05 02:50:05,-111.47040796866897
2014-01-05 02:50:07,-120.732073273921
2014-01-05 02:50:09,-130.91513969677948
2014-01-05 02:50:11,-139.77591406871997
2014-01-05 02:50:13,-146.50513095724472
2014-01-05 02:50:15,-150.83720597685192
2014-01-05 02:50:17,-153.61632438883439
2014-01-05 02:50:19,-154.90966682874276
2014-01-05 02:50:21,-155.12576841272553
2014-01-05 02:50:23,-154.60801876988322
2014-01-05 02:50:25,-153.63382848813683
2014-01-05 02:50:27,-152.4183865089535
2014-01-05 02:50:29,-151.12123929948078
2014-01-05 02:50:31,-149.85432490967486
2014-01-05 02:50:33,-148.6904537791867
2014-01-05 02:50:35,-147.67153361054983
2014-01-05 02:50:37,-148.8073983520946
2014-01-05 02:50:39,-155.01983027400098
2014-01-05 02:50:41,-161.945149776028
2014-01-05 02:50:43,-163.6441983401021
2014-01-05 02:50:45,-161.02110115236704
2014-01-05 02:50:47,-157.28574386261866
2014-01-05 02:50:49,-153.4537354528188
2014-01-05 02:50:51,-150.34072028072737
2014-01-05 02:50:53,-147.91163682627686
2014-01-05 02:50:55,-146.09833734599331
2014-01-05 02:50:57,-144.81502476238293
2014-01-05 02:50:59,-143.96972075060398
2014-01-05 02:51:01,-133.51576522487738
2014-01-05 02:51:03,-122.00171371922738
2014-01-05 02:51:05,-115.18857017491068
2014-01-05 02:51:07,-111.0264883665766
2014-01-05 02:51:09,-108.7066760196429
2014-01-05 02:51:11,-103.18839752052826
2014-01-05 02:51:13,-97.69902749533719
2014-01-05 02:51:15,-96.90736945375792
2014-01-05 02:51:17,-92.5931213083299
2014-01-05 02:51:19,-87.68061191778249
2014-01-05 02:51:21,-86.94368146898053
2014-01-05 02:51:23,-87.5765156759634
2014-01-05 02:51:25,-79.58922852262764
2014-01-05 02:51:27,-70.24151491951619
2014-01-05 02:51:29,-61.60165502705371
2014-01-05 02:51:31,-55.00027728161915
2014-01-05 02:51:33,-49.131459839903386
2014-01-05 02:51:35,-39.55976759234291
2014-01-05 02:51:37,-30.015359433097576
2014-01-05 02:51:39,-22.249597670584777
2014-01-05 02:51:41,-12.001184865119113
2014-01-05 02:51:43,-1.1109099682612706
2014-01-05 02:51:45,12.538576062867065
2014-01-05 02:51:47,25.660929386174306
2014-01-05 02:51:49,33.24864198960866
2014-01-05 02:51:51,34.987920666713826
2014-01-05 02:51:53,39.419009988501195
2014-01-05 02:51:55,43.22189336459089
2014-01-05 02:51:57,45.954181763907705
2014-01-05 02:51:59,47.59141984835152
2014-01-05 02:52:01,48.78725513948223
2014-01-05 02:52:03,54.7190508108056
2014-01-05 02:52:05,61.219911345247716
2014-01-05 02:52:07,70.12492462324354
2014-01-05 02:52:09,80.90396080916548
2014-01-05 02:52:11,90.75709019387376
2014-01-05 02:52:13,93.43382404223695
2014-01-05 02:52:15,100.2473592916259
2014-01-05 02:52:17,108.83142286010062
2014-01-05 02:52:19,113.1797179337154
2014-01-05 02:52:21,120.72445492953565
2014-01-05 02:52:23,127.57342979186785
2014-01-05 02:52:25,133.17287923759378
2014-01-05 02:52:27,138.7631797100279
2014-01-05 02:52:29,147.02924247352817
2014-01-05 02:52:31,155.134767598219
2014-01-05 02:52:33,161.7332020399773
2014-01-05 02:52:35,163.77056815334367
2014-01-05 02:52:37,160.17834638720757
2014-01-05 02:52:39,154.86481951829873
2014-01-05 02:52:41,154.06381975466743
2014-01-05 02:52:43,152.80025778441745
2014-01-05 02:52:45,150.24922917494007
2014-01-05 02:52:47,151.38967396135965
2014-01-05 02:52:49,149.26995194114417
2014-01-05 02:52:51,149.1685573000289
2014-01-05 02:52:53,149.0897920530305
2014-01-05 02:52:55,145.71244084951067
2014-01-05 02:52:57,142.02139642138525
2014-01-05 02:52:59,143.47612550787585
2014-01-05 02:53:01,143.81360396818903
2014-01-05 02:53:03,141.52696363444113
2014-01-05 02:53:05,138.77293921488942
2014-01-05 02:53:07,136.35433535334352
2014-01-05 02:53:09,138.23522066224155
2014-01-05 02:53:11,140.59799149847748
2014-01-05 02:53:13,139.60825423213282
2014-01-05 02:53:15,137.5142895540577
2014-01-05 02:53:17,135.2217088344909
2014-01-05 02:53:19,129.82859203255452
2014-01-05 02:53:21,121.333553610593
2014-01-05 02:53:23,113.12657863854614
2014-01-05 02:53:25,106.31742572218555
2014-01-05 02:53:27,101.08853693194062
2014-01-05 02:53:29,97.52386063452579
2014-01-05 02:53:31,94.9722796008405
2014-01-05 02:53:33,93.53090654033309
2014-01-05 02:53:35,87.61536306111192
2014-01-05 02:53:37,84.68884367847306
2014-01-05 02:53:39,83.21660724572905
2014-01-05 02:53:41,78.89503282207144
2014-01-05 02:53:43,74.55626694719689
2014-01-05 02:53:45,70.89193840068255
2014-01-05 02:53:47,64.46818722191446
2014-01-05 02:53:49,55.17242047140724
2014-01-05 02:53:51,46.63717575844561
2014-01-05 02:53:53,34.19482106205165
2014-01-05 02:53:55,26.678514254436468
2014-01-05 02:53:57,21.28050700336853
2014-01-05 02:53:59,12.938957112201438
2014-01-05 02:54:01,1.1997270538737084
2014-01-05 02:54:03,-9.56819687388659
2014-01-05 02:54:05,-18.445133643539243
2014-01-05 02:54:07,-24.744112032308017
2014-01-05 02:54:09,-28.974215701454938
2014-01-05 02:54:11,-37.25291001603024
2014-01-05 02:54:13,-50.53163614182485
2014-01-05 02:54:15,-64.4677804636171
2014-01-05 02:54:17,-75.13119936347536
2014-01-05 02:54:19,-77.73138811985433
2014-01-05 02:54:21,-81.82417271771915
2014-01-05 02:54:23,-89.95554296245048
2014-01-05 02:54:25,-100.43480980985856
2014-01-05 02:54:27,-109.79138394837739
2014-01-05 02:54:29,-116.51895471890418
2014-01-05 02:54:31,-116.13723781043946
2014-01-05 02:54:33,-111.11085173630246
2014-01-05 02:54:35,-106.9051887993853
2014-01-05 02:54:37,-107.96816703402202
2014-01-05 02:54:39,-110.14369561364188
2014-01-05 02:54:41,-112.58345798491743
2014-01-05 02:54:43,-116.89582079287001
2014-01-05 02:54:45,-125.02363066502068
2014-01-05 02:54:47,-133.1630027422906
2014-01-05 02:54:49,-139.84266265394447
2014-01-05 02:54:51,-144.90917640434776
2014-01-05 02:54:53,-148.30012652397153
2014-01-05 02:54:55,-150.34987201153865
2014-01-05 02:54:57,-151.36950518534644
2014-01-05 02:54:59,-156.61251412816517
2014-01-05 02:55:01,-160.66883951949353
2014-01-05 02:55:03,-160.08172851591038
2014-01-05 02:55:05,-158.09995474079852
2014-01-05 02:55:07,-155.78357524565214
2014-01-05 02:55:09,-157.3123461874024
2014-01-05 02:55:11,-162.02944723090218
2014-01-05 02:55:13,-166.96436151888247
2014-01-05 02:55:15,-165.34595454605676
2014-01-05 02:55:17,-166.04212514481546
2014-01-05 02:55:19,-168.69690975820947
2014-01-05 02:55:21,-170.28932469347473
2014-01-05 02:55:23,-166.6879234264045
2014-01-05 02:55:25,-161.25968649503582
2014-01-05 02:55:27,-156.16756339087516