2014-01-05 02:00:01,   -1543
2014-01-05 02:00:03,   -1750
2014-01-05 02:00:05,   -1900
2014-01-05 02:00:07,   -1976
2014-01-05 02:00:09,   -2013
2014-01-05 02:00:11,   -2070
2014-01-05 02:00:13,   -2173
2014-01-05 02:00:15,   -2305
2014-01-05 02:00:17,   -2399
2014-01-05 02:00:19,   -2446
2014-01-05 02:00:21,   -2503
2014-01-05 02:00:23,   -2512
2014-01-05 02:00:25,   -2550
2014-01-05 02:00:27,   -2569
2014-01-05 02:00:29,   -2587
2014-01-05 02:00:31,   -2606
2014-01-05 02:00:33,   -2597
2014-01-05 02:00:35,   -2559
2014-01-05 02:00:37,   -2512
2014-01-05 02:00:39,   -2465
2014-01-05 02:00:41,   -2409
2014-01-05 02:00:43,   -2352
2014-01-05 02:00:45,   -2277
2014-01-05 02:00:47,   -2183
2014-01-05 02:00:49,   -2089
2014-01-05 02:00:51,   -1985
2014-01-05 02:00:53,   -1863
2014-01-05 02:00:55,   -1740
2014-01-05 02:00:57,   -1618
2014-01-05 02:00:59,   -1496
2014-01-05 02:01:01,   -1336
2014-01-05 02:01:03,   -1204
2014-01-05 02:01:05,   -1063
2014-01-05 02:01:07,    -912
2014-01-05 02:01:09,    -743
2014-01-05 02:01:11,    -621
2014-01-05 02:01:13,    -451
2014-01-05 02:01:15,    -291
2014-01-05 02:01:17,    -141
2014-01-05 02:01:19,       0
2014-01-05 02:01:21,     159
2014-01-05 02:01:23,     291
2014-01-05 02:01:25,     461
2014-01-05 02:01:27,     611
2014-01-05 02:01:29,     752
2014-01-05 02:01:31,     875
2014-01-05 02:01:33,    1006
2014-01-05 02:01:35,    1138
2014-01-05 02:01:37,    1270
2014-01-05 02:01:39,    1392
2014-01-05 02:01:41,    1505
2014-01-05 02:01:43,    1618
2014-01-05 02:01:45,    1693
2014-01-05 02:01:47,    1797
2014-01-05 02:01:49,    1863
2014-01-05 02:01:51,    1938
2014-01-05 02:01:53,    2023
2014-01-05 02:01:55,    2079
2014-01-05 02:01:57,    2117
2014-01-05 02:01:59,    2164
2014-01-05 02:02:01,    2192
2014-01-05 02:02:03,    2220
2014-01-05 02:02:05,    2220
2014-01-05 02:02:07,    2230
2014-01-05 02:02:09,    2202
2014-01-05 02:02:11,    2183
2014-01-05 02:02:13,    2145
2014-01-05 02:02:15,    2107
2014-01-05 02:02:17,    2042
2014-01-05 02:02:19,    1976
2014-01-05 02:02:21,    1891
2014-01-05 02:02:23,    1806
2014-01-05 02:02:25,    1712
2014-01-05 02:02:27,    1618
2014-01-05 02:02:29,    1515
2014-01-05 02:02:31,     705
2014-01-05 02:02:33,   -1016
2014-01-05 02:02:35,   -1119
2014-01-05 02:02:37,     329
2014-01-05 02:02:39,    1863
2014-01-05 02:02:41,    2296
2014-01-05 02:02:43,    1533
2014-01-05 02:02:45,     282
2014-01-05 02:02:47,    -555
2014-01-05 02:02:49,    -611
2014-01-05 02:02:51,    -131
2014-01-05 02:02:53,     301
2014-01-05 02:02:55,     310
2014-01-05 02:02:57,    -112
2014-01-05 02:02:59,    -658
2014-01-05 02:03:01,   -1025
2014-01-05 02:03:03,   -1091
2014-01-05 02:03:05,   -1185
2014-01-05 02:03:07,   -1750
2014-01-05 02:03:09,   -1910
2014-01-05 02:03:11,   -1590
2014-01-05 02:03:13,   -1204
2014-01-05 02:03:15,   -1101
2014-01-05 02:03:17,   -1364
2014-01-05 02:03:19,   -1797
2014-01-05 02:03:21,   -2098
2014-01-05 02:03:23,   -2183
2014-01-05 02:03:25,   -2098
2014-01-05 02:03:27,   -1995
2014-01-05 02:03:29,   -2004
2014-01-05 02:03:31,   -2136
2014-01-05 02:03:33,   -2286
2014-01-05 02:03:35,   -2409
2014-01-05 02:03:37,   -2418
2014-01-05 02:03:39,   -2371
2014-01-05 02:03:41,   -2286
2014-01-05 02:03:43,   -1590
2014-01-05 02:03:45,   -1251
2014-01-05 02:03:47,   -1712
2014-01-05 02:03:49,   -2446
2014-01-05 02:03:51,   -2907
2014-01-05 02:03:53,   -2766
2014-01-05 02:03:55,   -2258
2014-01-05 02:03:57,   -1759
2014-01-05 02:03:59,   -1590
2014-01-05 02:04:01,   -1693
2014-01-05 02:04:03,   -1882
2014-01-05 02:04:05,   -1929
2014-01-05 02:04:07,   -1759
2014-01-05 02:04:09,   -1468
2014-01-05 02:04:11,   -1213
2014-01-05 02:04:13,   -1053
2014-01-05 02:04:15,   -1006
2014-01-05 02:04:17,    -988
2014-01-05 02:04:19,    -884
2014-01-05 02:04:21,    -715
2014-01-05 02:04:23,    -508
2014-01-05 02:04:25,    -319
2014-01-05 02:04:27,    -178
2014-01-05 02:04:29,     -56
2014-01-05 02:04:31,      47
2014-01-05 02:04:33,     169
2014-01-05 02:04:35,     338
2014-01-05 02:04:37,     498
2014-01-05 02:04:39,     621
2014-01-05 02:04:41,     771
2014-01-05 02:04:43,     884
2014-01-05 02:04:45,     997
2014-01-05 02:04:47,    1101
2014-01-05 02:04:49,    1232
2014-01-05 02:04:51,    1336
2014-01-05 02:04:53,    1449
2014-01-05 02:04:55,    1552
2014-01-05 02:04:57,    1627
2014-01-05 02:04:59,    1703
2014-01-05 02:05:01,    1797
2014-01-05 02:05:03,    1872
2014-01-05 02:05:05,    1919
2014-01-05 02:05:07,    1957
2014-01-05 02:05:09,    2023
2014-01-05 02:05:11,    2051
2014-01-05 02:05:13,    2060
2014-01-05 02:05:15,    2070
2014-01-05 02:05:17,    2089
2014-01-05 02:05:19,    2079
2014-01-05 02:05:21,    2051
2014-01-05 02:05:23,    2032
2014-01-05 02:05:25,    2004
2014-01-05 02:05:27,    1957
2014-01-05 02:05:29,    1891
2014-01-05 02:05:31,    1825
2014-01-05 02:05:33,    1750
2014-01-05 02:05:35,    1675
2014-01-05 02:05:37,    1562
2014-01-05 02:05:39,    1468
2014-01-05 02:05:41,    1364
2014-01-05 02:05:43,    1242
2014-01-05 02:05:45,    1138
2014-01-05 02:05:47,    1006
2014-01-05 02:05:49,     875
2014-01-05 02:05:51,     752
2014-01-05 02:05:53,     621
2014-01-05 02:05:55,     489
2014-01-05 02:05:57,     207
2014-01-05 02:05:59,    -367
2014-01-05 02:06:01,    -545
2014-01-05 02:06:03,    -310
2014-01-05 02:06:05,      -9
2014-01-05 02:06:07,      65
2014-01-05 02:06:09,    -197
2014-01-05 02:06:11,    -611
2014-01-05 02:06:13,    -941
2014-01-05 02:06:15,   -1082
2014-01-05 02:06:17,   -1053
2014-01-05 02:06:19,   -1025
2014-01-05 02:06:21,   -1082
2014-01-05 02:06:23,   -1232
2014-01-05 02:06:25,   -1449
2014-01-05 02:06:27,   -1618
2014-01-05 02:06:29,   -1712
2014-01-05 02:06:31,   -1750
2014-01-05 02:06:33,   -1778
2014-01-05 02:06:35,   -1835
2014-01-05 02:06:37,   -1929
2014-01-05 02:06:39,   -2032
2014-01-05 02:06:41,   -2107
2014-01-05 02:06:43,   -2173
2014-01-05 02:06:45,   -2183
2014-01-05 02:06:47,   -2183
2014-01-05 02:06:49,   -2202
2014-01-05 02:06:51,   -2211
2014-01-05 02:06:53,   -2239
2014-01-05 02:06:55,   -2230
2014-01-05 02:06:57,   -2220
2014-01-05 02:06:59,   -2183
2014-01-05 02:07:01,   -2136
2014-01-05 02:07:03,   -2079
2014-01-05 02:07:05,   -2023
2014-01-05 02:07:07,   -1957
2014-01-05 02:07:09,   -1882
2014-01-05 02:07:11,   -1825
2014-01-05 02:07:13,   -1722
2014-01-05 02:07:15,   -1599
2014-01-05 02:07:17,   -1524
2014-01-05 02:07:19,   -1402
2014-01-05 02:07:21,   -1279
2014-01-05 02:07:23,   -1157
2014-01-05 02:07:25,   -1044
2014-01-05 02:07:27,    -931
2014-01-05 02:07:29,    -790
2014-01-05 02:07:31,    -658
2014-01-05 02:07:33,    -526
2014-01-05 02:07:35,    -385
2014-01-05 02:07:37,    -254
2014-01-05 02:07:39,    -112
2014-01-05 02:07:41,       0
2014-01-05 02:07:43,     141
2014-01-05 02:07:45,     263
2014-01-05 02:07:47,     395
2014-01-05 02:07:49,     526
2014-01-05 02:07:51,     639
2014-01-05 02:07:53,     752
2014-01-05 02:07:55,     893
2014-01-05 02:07:57,     997
2014-01-05 02:07:59,    1101
2014-01-05 02:08:01,    1204
2014-01-05 02:08:03,    1308
2014-01-05 02:08:05,    1402
2014-01-05 02:08:07,    1486
2014-01-05 02:08:09,    1552
2014-01-05 02:08:11,    1618
2014-01-05 02:08:13,    1703
2014-01-05 02:08:15,    1750
2014-01-05 02:08:17,    1816
2014-01-05 02:08:19,    1872
2014-01-05 02:08:21,    1910
2014-01-05 02:08:23,    1910
2014-01-05 02:08:25,    1947
2014-01-05 02:08:27,    1947
2014-01-05 02:08:29,    1947
2014-01-05 02:08:31,    1947
2014-01-05 02:08:33,    1938
2014-01-05 02:08:35,    1891
2014-01-05 02:08:37,    1863
2014-01-05 02:08:39,    1816
2014-01-05 02:08:41,    1740
2014-01-05 02:08:43,    1684
2014-01-05 02:08:45,    1609
2014-01-05 02:08:47,    1533
2014-01-05 02:08:49,    1439
2014-01-05 02:08:51,    1345
2014-01-05 02:08:53,    1251
2014-01-05 02:08:55,     282
2014-01-05 02:08:57,   -1345
2014-01-05 02:08:59,   -1204
2014-01-05 02:09:01,     310
2014-01-05 02:09:03,    1769
2014-01-05 02:09:05,    2098
2014-01-05 02:09:07,    1242
2014-01-05 02:09:09,      37
2014-01-05 02:09:11,    -705
2014-01-05 02:09:13,    -677
2014-01-05 02:09:15,    -159
2014-01-05 02:09:17,     263
2014-01-05 02:09:19,     235
2014-01-05 02:09:21,    -225
2014-01-05 02:09:23,    -734
2014-01-05 02:09:25,   -1035
2014-01-05 02:09:27,   -1053
2014-01-05 02:09:29,   -1242
2014-01-05 02:09:31,   -1769
2014-01-05 02:09:33,   -1778
2014-01-05 02:09:35,   -1392
2014-01-05 02:09:37,   -1016
2014-01-05 02:09:39,    -978
2014-01-05 02:09:41,   -1279
2014-01-05 02:09:43,   -1684
2014-01-05 02:09:45,   -1938
2014-01-05 02:09:47,   -1966
2014-01-05 02:09:49,   -1835
2014-01-05 02:09:51,   -1731
2014-01-05 02:09:53,   -1769
2014-01-05 02:09:55,   -1900
2014-01-05 02:09:57,   -2032
2014-01-05 02:09:59,   -2107
2014-01-05 02:10:01,   -2107
2014-01-05 02:10:03,   -2042
2014-01-05 02:10:05,   -1835
2014-01-05 02:10:07,   -1082
2014-01-05 02:10:09,    -969
2014-01-05 02:10:11,   -1571
2014-01-05 02:10:13,   -2286
2014-01-05 02:10:15,   -2569
2014-01-05 02:10:17,   -2314
2014-01-05 02:10:19,   -1769
2014-01-05 02:10:21,   -1345
2014-01-05 02:10:23,   -1251
2014-01-05 02:10:25,   -1439
2014-01-05 02:10:27,   -1599
2014-01-05 02:10:29,   -1599
2014-01-05 02:10:31,   -1392
2014-01-05 02:10:33,   -1091
2014-01-05 02:10:35,    -884
2014-01-05 02:10:37,    -762
2014-01-05 02:10:39,    -752
2014-01-05 02:10:41,    -715
2014-01-05 02:10:43,    -621
2014-01-05 02:10:45,    -461
2014-01-05 02:10:47,    -254
2014-01-05 02:10:49,    -103
2014-01-05 02:10:51,       9
2014-01-05 02:10:53,     122
2014-01-05 02:10:55,     197
2014-01-05 02:10:57,     310
2014-01-05 02:10:59,     442
2014-01-05 02:11:01,     592
2014-01-05 02:11:03,     705
2014-01-05 02:11:05,     828
2014-01-05 02:11:07,     922
2014-01-05 02:11:09,    1006
2014-01-05 02:11:11,    1091
2014-01-05 02:11:13,    1195
2014-01-05 02:11:15,    1298
2014-01-05 02:11:17,    1392
2014-01-05 02:11:19,    1449
2014-01-05 02:11:21,    1515
2014-01-05 02:11:23,    1580
2014-01-05 02:11:25,    1646
2014-01-05 02:11:27,    1693
2014-01-05 02:11:29,    1750
2014-01-05 02:11:31,    1778
2014-01-05 02:11:33,    1816
2014-01-05 02:11:35,    1825
2014-01-05 02:11:37,    1844
2014-01-05 02:11:39,    1844
2014-01-05 02:11:41,    1844
2014-01-05 02:11:43,    1816
2014-01-05 02:11:45,    1787
2014-01-05 02:11:47,    1769
2014-01-05 02:11:49,    1722
2014-01-05 02:11:51,    1693
2014-01-05 02:11:53,    1627
2014-01-05 02:11:55,    1552
2014-01-05 02:11:57,    1468
2014-01-05 02:11:59,    1383
2014-01-05 02:12:01,    1308
2014-01-05 02:12:03,    1195
2014-01-05 02:12:05,    1119
2014-01-05 02:12:07,    1016
2014-01-05 02:12:09,     912
2014-01-05 02:12:11,     781
2014-01-05 02:12:13,     668
2014-01-05 02:12:15,     555
2014-01-05 02:12:17,     432
2014-01-05 02:12:19,     319
2014-01-05 02:12:21,       0
2014-01-05 02:12:23,    -545
2014-01-05 02:12:25,    -639
2014-01-05 02:12:27,    -348
2014-01-05 02:12:29,     -28
2014-01-05 02:12:31,       9
2014-01-05 02:12:33,    -263
2014-01-05 02:12:35,    -668
2014-01-05 02:12:37,    -969
2014-01-05 02:12:39,   -1044
2014-01-05 02:12:41,    -988
2014-01-05 02:12:43,    -959
2014-01-05 02:12:45,   -1006
2014-01-05 02:12:47,   -1157
2014-01-05 02:12:49,   -1364
2014-01-05 02:12:51,   -1496
2014-01-05 02:12:53,   -1552
2014-01-05 02:12:55,   -1580
2014-01-05 02:12:57,   -1590
2014-01-05 02:12:59,   -1646
2014-01-05 02:13:01,   -1740
2014-01-05 02:13:03,   -1825
2014-01-05 02:13:05,   -1891
2014-01-05 02:13:07,   -1919
2014-01-05 02:13:09,   -1910
2014-01-05 02:13:11,   -1910
2014-01-05 02:13:13,   -1938
2014-01-05 02:13:15,   -1938
2014-01-05 02:13:17,   -1947
2014-01-05 02:13:19,   -1957
2014-01-05 02:13:21,   -1919
2014-01-05 02:13:23,   -1863
2014-01-05 02:13:25,   -1806
2014-01-05 02:13:27,   -1778
2014-01-05 02:13:29,   -1731
2014-01-05 02:13:31,   -1675
2014-01-05 02:13:33,   -1599
2014-01-05 02:13:35,   -1524
2014-01-05 02:13:37,   -1449
2014-01-05 02:13:39,   -1336
2014-01-05 02:13:41,   -1242
2014-01-05 02:13:43,   -1138
2014-01-05 02:13:45,   -1025
2014-01-05 02:13:47,    -922
2014-01-05 02:13:49,    -818
2014-01-05 02:13:51,    -705
2014-01-05 02:13:53,    -574
2014-01-05 02:13:55,    -461
2014-01-05 02:13:57,    -357
2014-01-05 02:13:59,    -235
2014-01-05 02:14:01,    -103
2014-01-05 02:14:03,      -9
2014-01-05 02:14:05,     112
2014-01-05 02:14:07,     225
2014-01-05 02:14:09,     348
2014-01-05 02:14:11,     461
2014-01-05 02:14:13,     564
2014-01-05 02:14:15,     677
2014-01-05 02:14:17,     781
2014-01-05 02:14:19,     875
2014-01-05 02:14:21,     959
2014-01-05 02:14:23,    1053
2014-01-05 02:14:25,    1148
2014-01-05 02:14:27,    1242
2014-01-05 02:14:29,    1317
2014-01-05 02:14:31,    1364
2014-01-05 02:14:33,    1449
2014-01-05 02:14:35,    1505
2014-01-05 02:14:37,    1552
2014-01-05 02:14:39,    1627
2014-01-05 02:14:41,    1646
2014-01-05 02:14:43,    1684
2014-01-05 02:14:45,    1712
2014-01-05 02:14:47,    1740
2014-01-05 02:14:49,    1740
2014-01-05 02:14:51,    1740
2014-01-05 02:14:53,    1740
2014-01-05 02:14:55,    1722
2014-01-05 02:14:57,    1703
2014-01-05 02:14:59,    1684
2014-01-05 02:15:01,    1646
2014-01-05 02:15:03,    1590
2014-01-05 02:15:05,    1533
2014-01-05 02:15:07,    1468
2014-01-05 02:15:09,    1402
2014-01-05 02:15:11,    1326
2014-01-05 02:15:13,    1242
2014-01-05 02:15:15,    1148
2014-01-05 02:15:17,    1053
2014-01-05 02:15:19,      94
2014-01-05 02:15:21,   -1496
2014-01-05 02:15:23,   -1326
2014-01-05 02:15:25,     188
2014-01-05 02:15:27,    1646
2014-01-05 02:15:29,    1947
2014-01-05 02:15:31,    1101
2014-01-05 02:15:33,     -75
2014-01-05 02:15:35,    -790
2014-01-05 02:15:37,    -705
2014-01-05 02:15:39,    -207
2014-01-05 02:15:41,     216
2014-01-05 02:15:43,     188
2014-01-05 02:15:45,    -235
2014-01-05 02:15:47,    -724
2014-01-05 02:15:49,   -1006
2014-01-05 02:15:51,    -997
2014-01-05 02:15:53,   -1251
2014-01-05 02:15:55,   -1731
2014-01-05 02:15:57,   -1665
2014-01-05 02:15:59,   -1232
2014-01-05 02:16:01,    -856
2014-01-05 02:16:03,    -875
2014-01-05 02:16:05,   -1185
2014-01-05 02:16:07,   -1571
2014-01-05 02:16:09,   -1787
2014-01-05 02:16:11,   -1769
2014-01-05 02:16:13,   -1637
2014-01-05 02:16:15,   -1533
2014-01-05 02:16:17,   -1552
2014-01-05 02:16:19,   -1703
2014-01-05 02:16:21,   -1835
2014-01-05 02:16:23,   -1900
2014-01-05 02:16:25,   -1882
2014-01-05 02:16:27,   -1806
2014-01-05 02:16:29,   -1515
2014-01-05 02:16:31,    -790
2014-01-05 02:16:33,    -790
2014-01-05 02:16:35,   -1449
2014-01-05 02:16:37,   -2126
2014-01-05 02:16:39,   -2362
2014-01-05 02:16:41,   -2023
2014-01-05 02:16:43,   -1477
2014-01-05 02:16:45,   -1091
2014-01-05 02:16:47,   -1044
2014-01-05 02:16:49,   -1242
2014-01-05 02:16:51,   -1411
2014-01-05 02:16:53,   -1383
2014-01-05 02:16:55,   -1148
2014-01-05 02:16:57,    -865
2014-01-05 02:16:59,    -668
2014-01-05 02:17:01,    -583
2014-01-05 02:17:03,    -574
2014-01-05 02:17:05,    -545
2014-01-05 02:17:07,    -432
2014-01-05 02:17:09,    -263
2014-01-05 02:17:11,     -75
2014-01-05 02:17:13,      75
2014-01-05 02:17:15,     188
2014-01-05 02:17:17,     244
2014-01-05 02:17:19,     338
2014-01-05 02:17:21,     479
2014-01-05 02:17:23,     592
2014-01-05 02:17:25,     743
2014-01-05 02:17:27,     856
2014-01-05 02:17:29,     950
2014-01-05 02:17:31,    1035
2014-01-05 02:17:33,    1129
2014-01-05 02:17:35,    1242
2014-01-05 02:17:37,    1326
2014-01-05 02:17:39,    1439
2014-01-05 02:17:41,    1524
2014-01-05 02:17:43,    1599
2014-01-05 02:17:45,    1656
2014-01-05 02:17:47,    1731
2014-01-05 02:17:49,    1797
2014-01-05 02:17:51,    1853
2014-01-05 02:17:53,    1919
2014-01-05 02:17:55,    1966
2014-01-05 02:17:57,    1985
2014-01-05 02:17:59,    2023
2014-01-05 02:18:01,    2042
2014-01-05 02:18:03,    2051
2014-01-05 02:18:05,    2042
2014-01-05 02:18:07,    2042
2014-01-05 02:18:09,    2023
2014-01-05 02:18:11,    1995
2014-01-05 02:18:13,    1966
2014-01-05 02:18:15,    1938
2014-01-05 02:18:17,    1872
2014-01-05 02:18:19,    1806
2014-01-05 02:18:21,    1750
2014-01-05 02:18:23,    1665
2014-01-05 02:18:25,    1580
2014-01-05 02:18:27,    1496
2014-01-05 02:18:29,    1392
2014-01-05 02:18:31,    1289
2014-01-05 02:18:33,    1185
2014-01-05 02:18:35,    1082
2014-01-05 02:18:37,     969
2014-01-05 02:18:39,     856
2014-01-05 02:18:41,     734
2014-01-05 02:18:43,     621
2014-01-05 02:18:45,     272
2014-01-05 02:18:47,    -254
2014-01-05 02:18:49,    -329
2014-01-05 02:18:51,     -28
2014-01-05 02:18:53,     263
2014-01-05 02:18:55,     263
2014-01-05 02:18:57,     -47
2014-01-05 02:18:59,    -461
2014-01-05 02:19:01,    -771
2014-01-05 02:19:03,    -846
2014-01-05 02:19:05,    -790
2014-01-05 02:19:07,    -771
2014-01-05 02:19:09,    -846
2014-01-05 02:19:11,   -1035
2014-01-05 02:19:13,   -1242
2014-01-05 02:19:15,   -1402
2014-01-05 02:19:17,   -1477
2014-01-05 02:19:19,   -1505
2014-01-05 02:19:21,   -1533
2014-01-05 02:19:23,   -1618
2014-01-05 02:19:25,   -1722
2014-01-05 02:19:27,   -1825
2014-01-05 02:19:29,   -1929
2014-01-05 02:19:31,   -1957
2014-01-05 02:19:33,   -1976
2014-01-05 02:19:35,   -1985
2014-01-05 02:19:37,   -2023
2014-01-05 02:19:39,   -2051
2014-01-05 02:19:41,   -2060
2014-01-05 02:19:43,   -2089
2014-01-05 02:19:45,   -2042
2014-01-05 02:19:47,   -2023
2014-01-05 02:19:49,   -1995
2014-01-05 02:19:51,   -1947
2014-01-05 02:19:53,   -1891
2014-01-05 02:19:55,   -1863
2014-01-05 02:19:57,   -1769
2014-01-05 02:19:59,   -1675
2014-01-05 02:20:01,   -1580
2014-01-05 02:20:03,   -1477
2014-01-05 02:20:05,   -1364
2014-01-05 02:20:07,   -1270
2014-01-05 02:20:09,   -1138
2014-01-05 02:20:11,   -1006
2014-01-05 02:20:13,    -856
2014-01-05 02:20:15,    -715
2014-01-05 02:20:17,    -583
2014-01-05 02:20:19,    -451
2014-01-05 02:20:21,    -272
2014-01-05 02:20:23,    -112
2014-01-05 02:20:25,      47
2014-01-05 02:20:27,     207
2014-01-05 02:20:29,     348
2014-01-05 02:20:31,     517
2014-01-05 02:20:33,     696
2014-01-05 02:20:35,     856
2014-01-05 02:20:37,     997
2014-01-05 02:20:39,    1166
2014-01-05 02:20:41,    1326
2014-01-05 02:20:43,    1486
2014-01-05 02:20:45,    1646
2014-01-05 02:20:47,    1787
2014-01-05 02:20:49,    1938
2014-01-05 02:20:51,    2089
2014-01-05 02:20:53,    2230
2014-01-05 02:20:55,    2343
2014-01-05 02:20:57,    2465
2014-01-05 02:20:59,    2587
2014-01-05 02:21:01,    2700
2014-01-05 02:21:03,    2794
2014-01-05 02:21:05,    2888
2014-01-05 02:21:07,    2973
2014-01-05 02:21:09,    3048
2014-01-05 02:21:11,    3114
2014-01-05 02:21:13,    3171
2014-01-05 02:21:15,    3218
2014-01-05 02:21:17,    3237
2014-01-05 02:21:19,    3255
2014-01-05 02:21:21,    3265
2014-01-05 02:21:23,    3255
2014-01-05 02:21:25,    3237
2014-01-05 02:21:27,    3199
2014-01-05 02:21:29,    3161
2014-01-05 02:21:31,    3096
2014-01-05 02:21:33,    3020
2014-01-05 02:21:35,    2936
2014-01-05 02:21:37,    2832
2014-01-05 02:21:39,    2738
2014-01-05 02:21:41,    2597
2014-01-05 02:21:43,     969
2014-01-05 02:21:45,    -141
2014-01-05 02:21:47,     611
2014-01-05 02:21:49,    2249
2014-01-05 02:21:51,    3312
2014-01-05 02:21:53,    3105
2014-01-05 02:21:55,    1957
2014-01-05 02:21:57,     790
2014-01-05 02:21:59,     291
2014-01-05 02:22:01,     526
2014-01-05 02:22:03,     988
2014-01-05 02:22:05,    1185
2014-01-05 02:22:07,     912
2014-01-05 02:22:09,     329
2014-01-05 02:22:11,    -216
2014-01-05 02:22:13,    -470
2014-01-05 02:22:15,    -526
2014-01-05 02:22:17,   -1082
2014-01-05 02:22:19,   -1449
2014-01-05 02:22:21,   -1298
2014-01-05 02:22:23,    -969
2014-01-05 02:22:25,    -846
2014-01-05 02:22:27,   -1091
2014-01-05 02:22:29,   -1552
2014-01-05 02:22:31,   -1985
2014-01-05 02:22:33,   -2192
2014-01-05 02:22:35,   -2192
2014-01-05 02:22:37,   -2145
2014-01-05 02:22:39,   -2192
2014-01-05 02:22:41,   -2333
2014-01-05 02:22:43,   -2550
2014-01-05 02:22:45,   -2729
2014-01-05 02:22:47,   -2813
2014-01-05 02:22:49,   -2823
2014-01-05 02:22:51,   -2813
2014-01-05 02:22:53,   -2267
2014-01-05 02:22:55,   -1787
2014-01-05 02:22:57,   -2136
2014-01-05 02:22:59,   -2907
2014-01-05 02:23:01,   -3472
2014-01-05 02:23:03,   -3453
2014-01-05 02:23:05,   -2973
2014-01-05 02:23:07,   -2446
2014-01-05 02:23:09,   -2192
2014-01-05 02:23:11,   -2239
2014-01-05 02:23:13,   -2399
2014-01-05 02:23:15,   -2456
2014-01-05 02:23:17,   -2296
2014-01-05 02:23:19,   -1966
2014-01-05 02:23:21,   -1627
2014-01-05 02:23:23,   -1402
2014-01-05 02:23:25,   -1270
2014-01-05 02:23:27,   -1157
2014-01-05 02:23:29,   -1006
2014-01-05 02:23:31,    -771
2014-01-05 02:23:33,    -470
2014-01-05 02:23:35,    -178
2014-01-05 02:23:37,      84
2014-01-05 02:23:39,     329
2014-01-05 02:23:41,     517
2014-01-05 02:23:43,     752
2014-01-05 02:23:45,    1016
2014-01-05 02:23:47,    1298
2014-01-05 02:23:49,    1580
2014-01-05 02:23:51,    1844
2014-01-05 02:23:53,    2098
2014-01-05 02:23:55,    2333
2014-01-05 02:23:57,    2578
2014-01-05 02:23:59,    2813
2014-01-05 02:24:01,    3067
2014-01-05 02:24:03,    3321
2014-01-05 02:24:05,    3547
2014-01-05 02:24:07,    3754
2014-01-05 02:24:09,    3952
2014-01-05 02:24:11,    4140
2014-01-05 02:24:13,    4347
2014-01-05 02:24:15,    4516
2014-01-05 02:24:17,    4676
2014-01-05 02:24:19,    4827
2014-01-05 02:24:21,    4940
2014-01-05 02:24:23,    5062
2014-01-05 02:24:25,    5166
2014-01-05 02:24:27,    5232
2014-01-05 02:24:29,    5298
2014-01-05 02:24:31,    5495
2014-01-05 02:24:33,    6323
2014-01-05 02:24:35,    7246
2014-01-05 02:24:37,    7744
2014-01-05 02:24:39,    7613
2014-01-05 02:24:41,    7189
2014-01-05 02:24:43,    6888
2014-01-05 02:24:45,    6916
2014-01-05 02:24:47,    7151
2014-01-05 02:24:49,    7321
2014-01-05 02:24:51,    7264
2014-01-05 02:24:53,    6982
2014-01-05 02:24:55,    6700
2014-01-05 02:24:57,    6455
2014-01-05 02:24:59,    6304
2014-01-05 02:25:01,    6182
2014-01-05 02:25:03,    5994
2014-01-05 02:25:05,    5693
2014-01-05 02:25:07,    5091
2014-01-05 02:25:09,    4347
2014-01-05 02:25:11,    4093
2014-01-05 02:25:13,    4178
2014-01-05 02:25:15,    4215
2014-01-05 02:25:17,    3914
2014-01-05 02:25:19,    3303
2014-01-05 02:25:21,    2587
2014-01-05 02:25:23,    2013
2014-01-05 02:25:25,    1609
2014-01-05 02:25:27,    1298
2014-01-05 02:25:29,     950
2014-01-05 02:25:31,     479
2014-01-05 02:25:33,     -28
2014-01-05 02:25:35,    -536
2014-01-05 02:25:37,   -1025
2014-01-05 02:25:39,   -1477
2014-01-05 02:25:41,   -1919
2014-01-05 02:25:43,   -2362
2014-01-05 02:25:45,   -2804
2014-01-05 02:25:47,   -3237
2014-01-05 02:25:49,   -3670
2014-01-05 02:25:51,   -4074
2014-01-05 02:25:53,   -4432
2014-01-05 02:25:55,   -4780
2014-01-05 02:25:57,   -5128
2014-01-05 02:25:59,   -5448
2014-01-05 02:26:01,   -5730
2014-01-05 02:26:03,   -5994
2014-01-05 02:26:05,   -6229
2014-01-05 02:26:07,   -6436
2014-01-05 02:26:09,   -6606
2014-01-05 02:26:11,   -6737
2014-01-05 02:26:13,   -6841
2014-01-05 02:26:15,   -6916
2014-01-05 02:26:17,   -6954
2014-01-05 02:26:19,   -6963
2014-01-05 02:26:21,   -6954
2014-01-05 02:26:23,   -6869
2014-01-05 02:26:25,   -6775
2014-01-05 02:26:27,   -6643
2014-01-05 02:26:29,   -6474
2014-01-05 02:26:31,   -6286
2014-01-05 02:26:33,   -6069
2014-01-05 02:26:35,   -5815
2014-01-05 02:26:37,   -5523
2014-01-05 02:26:39,   -5194
2014-01-05 02:26:41,   -4855
2014-01-05 02:26:43,   -4479
2014-01-05 02:26:45,   -4084
2014-01-05 02:26:47,   -3651
2014-01-05 02:26:49,   -3227
2014-01-05 02:26:51,   -2757
2014-01-05 02:26:53,   -2286
2014-01-05 02:26:55,   -1797
2014-01-05 02:26:57,   -1260
2014-01-05 02:26:59,    -762
2014-01-05 02:27:01,    -235
2014-01-05 02:27:03,     301
2014-01-05 02:27:05,     856
2014-01-05 02:27:07,    1411
2014-01-05 02:27:09,    1957
2014-01-05 02:27:11,    2512
2014-01-05 02:27:13,    3058
2014-01-05 02:27:15,    3613
2014-01-05 02:27:17,    4140
2014-01-05 02:27:19,    4639
2014-01-05 02:27:21,    5156
2014-01-05 02:27:23,    5655
2014-01-05 02:27:25,    6126
2014-01-05 02:27:27,    6596
2014-01-05 02:27:29,    7029
2014-01-05 02:27:31,    7453
2014-01-05 02:27:33,    7829
2014-01-05 02:27:35,    8205
2014-01-05 02:27:37,    8525
2014-01-05 02:27:39,    8789
2014-01-05 02:27:41,    9015
2014-01-05 02:27:43,    9231
2014-01-05 02:27:45,    9410
2014-01-05 02:27:47,    9570
2014-01-05 02:27:49,    9702
2014-01-05 02:27:51,    9777
2014-01-05 02:27:53,    9796
2014-01-05 02:27:55,    9777
2014-01-05 02:27:57,    9730
2014-01-05 02:27:59,    9617
2014-01-05 02:28:01,    9513
2014-01-05 02:28:03,    9363
2014-01-05 02:28:05,    8921
2014-01-05 02:28:07,    6916
2014-01-05 02:28:09,    6069
2014-01-05 02:28:11,    7057
2014-01-05 02:28:13,    8535
2014-01-05 02:28:15,    9156
2014-01-05 02:28:17,    8412
2014-01-05 02:28:19,    6869
2014-01-05 02:28:21,    5495
2014-01-05 02:28:23,    4865
2014-01-05 02:28:25,    4874
2014-01-05 02:28:27,    4996
2014-01-05 02:28:29,    4742
2014-01-05 02:28:31,    3990
2014-01-05 02:28:33,    2983
2014-01-05 02:28:35,    2079
2014-01-05 02:28:37,    1477
2014-01-05 02:28:39,    1091
2014-01-05 02:28:41,     705
2014-01-05 02:28:43,     150
2014-01-05 02:28:45,    -555
2014-01-05 02:28:47,   -1308
2014-01-05 02:28:49,   -2023
2014-01-05 02:28:51,   -2606
2014-01-05 02:28:53,   -3114
2014-01-05 02:28:55,   -3594
2014-01-05 02:28:57,   -4140
2014-01-05 02:28:59,   -4714
2014-01-05 02:29:01,   -5279
2014-01-05 02:29:03,   -5796
2014-01-05 02:29:05,   -6257
2014-01-05 02:29:07,   -6653
2014-01-05 02:29:09,   -6991
2014-01-05 02:29:11,   -7368
2014-01-05 02:29:13,   -7716
2014-01-05 02:29:15,   -7961
2014-01-05 02:29:17,   -7490
2014-01-05 02:29:19,   -7396
2014-01-05 02:29:21,   -8064
2014-01-05 02:29:23,   -8986
2014-01-05 02:29:25,   -9532
2014-01-05 02:29:27,   -9466
2014-01-05 02:29:29,   -9005
2014-01-05 02:29:31,   -8544
2014-01-05 02:29:33,   -8375
2014-01-05 02:29:35,   -8431
2014-01-05 02:29:37,   -8554
2014-01-05 02:29:39,   -8488
2014-01-05 02:29:41,   -8168
2014-01-05 02:29:43,   -7678
2014-01-05 02:29:45,   -7198
2014-01-05 02:29:47,   -6813
2014-01-05 02:29:49,   -6474
2014-01-05 02:29:51,   -6135
2014-01-05 02:29:53,   -5712
2014-01-05 02:29:55,   -5166
2014-01-05 02:29:57,   -4554
2014-01-05 02:29:59,   -3942
2014-01-05 02:30:01,   -3359
2014-01-05 02:30:03,   -2794
2014-01-05 02:30:05,   -2192
2014-01-05 02:30:07,   -1562
2014-01-05 02:30:09,    -903
2014-01-05 02:30:11,    -197
2014-01-05 02:30:13,     498
2014-01-05 02:30:15,    1185
2014-01-05 02:30:17,    1863
2014-01-05 02:30:19,    2531
2014-01-05 02:30:21,    3218
2014-01-05 02:30:23,    3895
2014-01-05 02:30:25,    4592
2014-01-05 02:30:27,    5251
2014-01-05 02:30:29,    5890
2014-01-05 02:30:31,    6530
2014-01-05 02:30:33,    7104
2014-01-05 02:30:35,    7707
2014-01-05 02:30:37,    8271
2014-01-05 02:30:39,    8798
2014-01-05 02:30:41,    9316
2014-01-05 02:30:43,    9786
2014-01-05 02:30:45,   10238
2014-01-05 02:30:47,   10605
2014-01-05 02:30:49,   10963
2014-01-05 02:30:51,   11273
2014-01-05 02:30:53,   11555
2014-01-05 02:30:55,   11800
2014-01-05 02:30:57,   11970
2014-01-05 02:30:59,   12111
2014-01-05 02:31:01,   12195
2014-01-05 02:31:03,   12224
2014-01-05 02:31:05,   12224
2014-01-05 02:31:07,   12148
2014-01-05 02:31:09,   12045
2014-01-05 02:31:11,   11894
2014-01-05 02:31:13,   11697
2014-01-05 02:31:15,   11433
2014-01-05 02:31:17,   11160
2014-01-05 02:31:19,   10803
2014-01-05 02:31:21,   10417
2014-01-05 02:31:23,   10003
2014-01-05 02:31:25,    9532
2014-01-05 02:31:27,    9033
2014-01-05 02:31:29,    8488
2014-01-05 02:31:31,    7594
2014-01-05 02:31:33,    6756
2014-01-05 02:31:35,    6333
2014-01-05 02:31:37,    6041
2014-01-05 02:31:39,    5627
2014-01-05 02:31:41,    4931
2014-01-05 02:31:43,    3990
2014-01-05 02:31:45,    3048
2014-01-05 02:31:47,    2230
2014-01-05 02:31:49,    1552
2014-01-05 02:31:51,     922
2014-01-05 02:31:53,     244
2014-01-05 02:31:55,    -545
2014-01-05 02:31:57,   -1411
2014-01-05 02:31:59,   -2239
2014-01-05 02:32:01,   -3011
2014-01-05 02:32:03,   -3717
2014-01-05 02:32:05,   -4385
2014-01-05 02:32:07,   -5053
2014-01-05 02:32:09,   -5749
2014-01-05 02:32:11,   -6436
2014-01-05 02:32:13,   -7086
2014-01-05 02:32:15,   -7688
2014-01-05 02:32:17,   -8215
2014-01-05 02:32:19,   -8714
2014-01-05 02:32:21,   -9193
2014-01-05 02:32:23,   -9636
2014-01-05 02:32:25,  -10040
2014-01-05 02:32:27,  -10389
2014-01-05 02:32:29,  -10680
2014-01-05 02:32:31,  -10906
2014-01-05 02:32:33,  -11094
2014-01-05 02:32:35,  -11217
2014-01-05 02:32:37,  -11311
2014-01-05 02:32:39,  -11339
2014-01-05 02:32:41,  -11320
2014-01-05 02:32:43,  -11245
2014-01-05 02:32:45,  -11113
2014-01-05 02:32:47,  -10925
2014-01-05 02:32:49,  -10671
2014-01-05 02:32:51,  -10370
2014-01-05 02:32:53,  -10031
2014-01-05 02:32:55,   -9645
2014-01-05 02:32:57,   -9193
2014-01-05 02:32:59,   -8704
2014-01-05 02:33:01,   -8177
2014-01-05 02:33:03,   -7594
2014-01-05 02:33:05,   -6991
2014-01-05 02:33:07,   -6361
2014-01-05 02:33:09,   -5665
2014-01-05 02:33:11,   -4940
2014-01-05 02:33:13,   -4206
2014-01-05 02:33:15,   -3444
2014-01-05 02:33:17,   -2634
2014-01-05 02:33:19,   -1825
2014-01-05 02:33:21,   -1006
2014-01-05 02:33:23,    -178
2014-01-05 02:33:25,     686
2014-01-05 02:33:27,    1515
2014-01-05 02:33:29,    2380
2014-01-05 02:33:31,    3218
2014-01-05 02:33:33,    4055
2014-01-05 02:33:35,    4893
2014-01-05 02:33:37,    5712
2014-01-05 02:33:39,    6530
2014-01-05 02:33:41,    7302
2014-01-05 02:33:43,    8055
2014-01-05 02:33:45,    8779
2014-01-05 02:33:47,    9476
2014-01-05 02:33:49,   10172
2014-01-05 02:33:51,   10793
2014-01-05 02:33:53,   11386
2014-01-05 02:33:55,   11951
2014-01-05 02:33:57,   12440
2014-01-05 02:33:59,   12873
2014-01-05 02:34:01,   13259
2014-01-05 02:34:03,   13616
2014-01-05 02:34:05,   13899
2014-01-05 02:34:07,   14143
2014-01-05 02:34:09,   14332
2014-01-05 02:34:11,   14444
2014-01-05 02:34:13,   14501
2014-01-05 02:34:15,   14520
2014-01-05 02:34:17,   14435
2014-01-05 02:34:19,   14313
2014-01-05 02:34:21,   14153
2014-01-05 02:34:23,   13889
2014-01-05 02:34:25,   13626
2014-01-05 02:34:27,   13259
2014-01-05 02:34:29,   11725
2014-01-05 02:34:31,    9767
2014-01-05 02:34:33,    9758
2014-01-05 02:34:35,   11047
2014-01-05 02:34:37,   12064
2014-01-05 02:34:39,   11715
2014-01-05 02:34:41,   10144
2014-01-05 02:34:43,    8271
2014-01-05 02:34:45,    6944
2014-01-05 02:34:47,    6427
2014-01-05 02:34:49,    6314
2014-01-05 02:34:51,    5994
2014-01-05 02:34:53,    5156
2014-01-05 02:34:55,    3914
2014-01-05 02:34:57,    2578
2014-01-05 02:34:59,    1515
2014-01-05 02:35:01,     432
2014-01-05 02:35:03,    -630
2014-01-05 02:35:05,   -1260
2014-01-05 02:35:07,   -1712
2014-01-05 02:35:09,   -2343
2014-01-05 02:35:11,   -3303
2014-01-05 02:35:13,   -4460
2014-01-05 02:35:15,   -5542
2014-01-05 02:35:17,   -6455
2014-01-05 02:35:19,   -7123
2014-01-05 02:35:21,   -7763
2014-01-05 02:35:23,   -8422
2014-01-05 02:35:25,   -9175
2014-01-05 02:35:27,   -9927
2014-01-05 02:35:29,  -10633
2014-01-05 02:35:31,  -11226
2014-01-05 02:35:33,  -11697
2014-01-05 02:35:35,  -12111
2014-01-05 02:35:37,  -12506
2014-01-05 02:35:39,  -12675
2014-01-05 02:35:41,  -12224
2014-01-05 02:35:43,  -12412
2014-01-05 02:35:45,  -13259
2014-01-05 02:35:47,  -14162
2014-01-05 02:35:49,  -14529
2014-01-05 02:35:51,  -14256
2014-01-05 02:35:53,  -13701
2014-01-05 02:35:55,  -13202
2014-01-05 02:35:57,  -13023
2014-01-05 02:35:59,  -13033
2014-01-05 02:36:01,  -12976
2014-01-05 02:36:03,  -12694
2014-01-05 02:36:05,  -12130
2014-01-05 02:36:07,  -11452
2014-01-05 02:36:09,  -10793
2014-01-05 02:36:11,  -10229
2014-01-05 02:36:13,   -9664
2014-01-05 02:36:15,   -9062
2014-01-05 02:36:17,   -8337
2014-01-05 02:36:19,   -7500
2014-01-05 02:36:21,   -6615
2014-01-05 02:36:23,   -5721
2014-01-05 02:36:25,   -4855
2014-01-05 02:36:27,   -3971
2014-01-05 02:36:29,   -3067
2014-01-05 02:36:31,   -2126
2014-01-05 02:36:33,   -1129
2014-01-05 02:36:35,    -131
2014-01-05 02:36:37,     875
2014-01-05 02:36:39,    1853
2014-01-05 02:36:41,    2832
2014-01-05 02:36:43,    3820
2014-01-05 02:36:45,    4808
2014-01-05 02:36:47,    5768
2014-01-05 02:36:49,    6719
2014-01-05 02:36:51,    7650
2014-01-05 02:36:53,    8554
2014-01-05 02:36:55,    9419
2014-01-05 02:36:57,   10276
2014-01-05 02:36:59,   11066
2014-01-05 02:37:01,   11847
2014-01-05 02:37:03,   12553
2014-01-05 02:37:05,   13212
2014-01-05 02:37:07,   13842
2014-01-05 02:37:09,   14407
2014-01-05 02:37:11,   14896
2014-01-05 02:37:13,   15338
2014-01-05 02:37:15,   15724
2014-01-05 02:37:17,   16054
2014-01-05 02:37:19,   16308
2014-01-05 02:37:21,   16505
2014-01-05 02:37:23,   16628
2014-01-05 02:37:25,   16675
2014-01-05 02:37:27,   16628
2014-01-05 02:37:29,   16571
2014-01-05 02:37:31,   16411
2014-01-05 02:37:33,   16176
2014-01-05 02:37:35,   15875
2014-01-05 02:37:37,   15517
2014-01-05 02:37:39,   15103
2014-01-05 02:37:41,   14595
2014-01-05 02:37:43,   14059
2014-01-05 02:37:45,   13438
2014-01-05 02:37:47,   12788
2014-01-05 02:37:49,   12045
2014-01-05 02:37:51,   11301
2014-01-05 02:37:53,   10389
2014-01-05 02:37:55,    9231
2014-01-05 02:37:57,    8281
2014-01-05 02:37:59,    7603
2014-01-05 02:38:01,    6926
2014-01-05 02:38:03,    6079
2014-01-05 02:38:05,    4959
2014-01-05 02:38:07,    3726
2014-01-05 02:38:09,    2512
2014-01-05 02:38:11,    1449
2014-01-05 02:38:13,     451
2014-01-05 02:38:15,    -526
2014-01-05 02:38:17,   -1562
2014-01-05 02:38:19,   -2672
2014-01-05 02:38:21,   -3820
2014-01-05 02:38:23,   -4921
2014-01-05 02:38:25,   -5956
2014-01-05 02:38:27,   -6916
2014-01-05 02:38:29,   -7848
2014-01-05 02:38:31,   -8770
2014-01-05 02:38:33,   -9683
2014-01-05 02:38:35,  -10577
2014-01-05 02:38:37,  -11414
2014-01-05 02:38:39,  -12167
2014-01-05 02:38:41,  -12882
2014-01-05 02:38:43,  -13503
2014-01-05 02:38:45,  -14106
2014-01-05 02:38:47,  -14642
2014-01-05 02:38:49,  -15103
2014-01-05 02:38:51,  -15517
2014-01-05 02:38:53,  -15847
2014-01-05 02:38:55,  -16091
2014-01-05 02:38:57,  -16251
2014-01-05 02:38:59,  -16374
2014-01-05 02:39:01,  -16383
2014-01-05 02:39:03,  -16364
2014-01-05 02:39:05,  -16251
2014-01-05 02:39:07,  -16044
2014-01-05 02:39:09,  -15771
2014-01-05 02:39:11,  -15451
2014-01-05 02:39:13,  -15018
2014-01-05 02:39:15,  -14567
2014-01-05 02:39:17,  -14012
2014-01-05 02:39:19,  -13409
2014-01-05 02:39:21,  -12741
2014-01-05 02:39:23,  -12017
2014-01-05 02:39:25,  -11226
2014-01-05 02:39:27,  -10389
2014-01-05 02:39:29,   -9513
2014-01-05 02:39:31,   -8563
2014-01-05 02:39:33,   -7613
2014-01-05 02:39:35,   -6587
2014-01-05 02:39:37,   -5561
2014-01-05 02:39:39,   -4488
2014-01-05 02:39:41,   -3387
2014-01-05 02:39:43,   -2267
2014-01-05 02:39:45,   -1148
2014-01-05 02:39:47,      -9
2014-01-05 02:39:49,    1138
2014-01-05 02:39:51,    2286
2014-01-05 02:39:53,    3406
2014-01-05 02:39:55,    4545
2014-01-05 02:39:57,    5665
2014-01-05 02:39:59,    6775
2014-01-05 02:40:01,    7829
2014-01-05 02:40:03,    8902
2014-01-05 02:40:05,    9899
2014-01-05 02:40:07,   10878
2014-01-05 02:40:09,   11819
2014-01-05 02:40:11,   12722
2014-01-05 02:40:13,   13550
2014-01-05 02:40:15,   14360
2014-01-05 02:40:17,   15056
2014-01-05 02:40:19,   15734
2014-01-05 02:40:21,   16345
2014-01-05 02:40:23,   16891
2014-01-05 02:40:25,   17343
2014-01-05 02:40:27,   17766
2014-01-05 02:40:29,   18086
2014-01-05 02:40:31,   18322
2014-01-05 02:40:33,   18500
2014-01-05 02:40:35,   18585
2014-01-05 02:40:37,   18594
2014-01-05 02:40:39,   18538
2014-01-05 02:40:41,   18387
2014-01-05 02:40:43,   18171
2014-01-05 02:40:45,   17860
2014-01-05 02:40:47,   17493
2014-01-05 02:40:49,   17051
2014-01-05 02:40:51,   16524
2014-01-05 02:40:53,   14322
2014-01-05 02:40:55,   12449
2014-01-05 02:40:57,   12656
2014-01-05 02:40:59,   13899
2014-01-05 02:41:01,   14529
2014-01-05 02:41:03,   13654
2014-01-05 02:41:05,   11650
2014-01-05 02:41:07,    9495
2014-01-05 02:41:09,    8045
2014-01-05 02:41:11,    7405
2014-01-05 02:41:13,    7038
2014-01-05 02:41:15,    6389
2014-01-05 02:41:17,    5138
2014-01-05 02:41:19,    3528
2014-01-05 02:41:21,    1929
2014-01-05 02:41:23,     602
2014-01-05 02:41:25,    -724
2014-01-05 02:41:27,   -1947
2014-01-05 02:41:29,   -2860
2014-01-05 02:41:31,   -3688
2014-01-05 02:41:33,   -4724
2014-01-05 02:41:35,   -5985
2014-01-05 02:41:37,   -7358
2014-01-05 02:41:39,   -8648
2014-01-05 02:41:41,   -9720
2014-01-05 02:41:43,  -10633
2014-01-05 02:41:45,  -11508
2014-01-05 02:41:47,  -12412
2014-01-05 02:41:49,  -13372
2014-01-05 02:41:51,  -14284
2014-01-05 02:41:53,  -15084
2014-01-05 02:41:55,  -15809
2014-01-05 02:41:57,  -16411
2014-01-05 02:41:59,  -16948
2014-01-05 02:42:01,  -17428
2014-01-05 02:42:03,  -17540
2014-01-05 02:42:05,  -17126
2014-01-05 02:42:07,  -17446
2014-01-05 02:42:09,  -18378
2014-01-05 02:42:11,  -19263
2014-01-05 02:42:13,  -19545
2014-01-05 02:42:15,  -19168
2014-01-05 02:42:17,  -18491
2014-01-05 02:42:19,  -17955
2014-01-05 02:42:21,  -17672
2014-01-05 02:42:23,  -17588
2014-01-05 02:42:25,  -17381
2014-01-05 02:42:27,  -16910
2014-01-05 02:42:29,  -16148
2014-01-05 02:42:31,  -15273
2014-01-05 02:42:33,  -14426
2014-01-05 02:42:35,  -13626
2014-01-05 02:42:37,  -12854
2014-01-05 02:42:39,  -11998
2014-01-05 02:42:41,  -11019
2014-01-05 02:42:43,   -9899
2014-01-05 02:42:45,   -8751
2014-01-05 02:42:47,   -7575
2014-01-05 02:42:49,   -6417
2014-01-05 02:42:51,   -5269
2014-01-05 02:42:53,   -4065
2014-01-05 02:42:55,   -2823
2014-01-05 02:42:57,   -1543
2014-01-05 02:42:59,    -244
2014-01-05 02:43:01,    1053
2014-01-05 02:43:03,    2333
2014-01-05 02:43:05,    3585
2014-01-05 02:43:07,    4827
2014-01-05 02:43:09,    6097
2014-01-05 02:43:11,    7330
2014-01-05 02:43:13,    8535
2014-01-05 02:43:15,    9702
2014-01-05 02:43:17,   10850
2014-01-05 02:43:19,   11932
2014-01-05 02:43:21,   12958
2014-01-05 02:43:23,   13955
2014-01-05 02:43:25,   14906
2014-01-05 02:43:27,   15771
2014-01-05 02:43:29,   16590
2014-01-05 02:43:31,   17324
2014-01-05 02:43:33,   17983
2014-01-05 02:43:35,   18566
2014-01-05 02:43:37,   19093
2014-01-05 02:43:39,   19535
2014-01-05 02:43:41,   19893
2014-01-05 02:43:43,   20157
2014-01-05 02:43:45,   20335
2014-01-05 02:43:47,   20420
2014-01-05 02:43:49,   20420
2014-01-05 02:43:51,   20335
2014-01-05 02:43:53,   20166
2014-01-05 02:43:55,   19912
2014-01-05 02:43:57,   19564
2014-01-05 02:43:59,   19131
2014-01-05 02:44:01,   18623
2014-01-05 02:44:03,   18039
2014-01-05 02:44:05,   17352
2014-01-05 02:44:07,   16618
2014-01-05 02:44:09,   15800
2014-01-05 02:44:11,   14896
2014-01-05 02:44:13,   13936
2014-01-05 02:44:15,   12929
2014-01-05 02:44:17,   11715
2014-01-05 02:44:19,   10370
2014-01-05 02:44:21,    9241
2014-01-05 02:44:23,    8281
2014-01-05 02:44:25,    7255
2014-01-05 02:44:27,    6032
2014-01-05 02:44:29,    4620
2014-01-05 02:44:31,    3124
2014-01-05 02:44:33,    1693
2014-01-05 02:44:35,     367
2014-01-05 02:44:37,    -922
2014-01-05 02:44:39,   -2183
2014-01-05 02:44:41,   -3528
2014-01-05 02:44:43,   -4912
2014-01-05 02:44:45,   -6286
2014-01-05 02:44:47,   -7613
2014-01-05 02:44:49,   -8883
2014-01-05 02:44:51,  -10069
2014-01-05 02:44:53,  -11226
2014-01-05 02:44:55,  -12384
2014-01-05 02:44:57,  -13494
2014-01-05 02:44:59,  -14529
2014-01-05 02:45:01,  -15527
2014-01-05 02:45:03,  -16421
2014-01-05 02:45:05,  -17258
2014-01-05 02:45:07,  -18002
2014-01-05 02:45:09,  -18698
2014-01-05 02:45:11,  -19300
2014-01-05 02:45:13,  -19827
2014-01-05 02:45:15,  -20260
2014-01-05 02:45:17,  -20608
2014-01-05 02:45:19,  -20853
2014-01-05 02:45:21,  -21013
2014-01-05 02:45:23,  -21098
2014-01-05 02:45:25,  -21079
2014-01-05 02:45:27,  -20975
2014-01-05 02:45:29,  -20768
2014-01-05 02:45:31,  -20477
2014-01-05 02:45:33,  -20091
2014-01-05 02:45:35,  -19611
2014-01-05 02:45:37,  -19056
2014-01-05 02:45:39,  -18397
2014-01-05 02:45:41,  -17700
2014-01-05 02:45:43,  -16901
2014-01-05 02:45:45,  -16025
2014-01-05 02:45:47,  -15084
2014-01-05 02:45:49,  -14077
2014-01-05 02:45:51,  -13005
2014-01-05 02:45:53,  -11875
2014-01-05 02:45:55,  -10680
2014-01-05 02:45:57,   -9457
2014-01-05 02:45:59,   -8196
2014-01-05 02:46:01,   -6878
2014-01-05 02:46:03,   -5561
2014-01-05 02:46:05,   -4206
2014-01-05 02:46:07,   -2794
2014-01-05 02:46:09,   -1411
2014-01-05 02:46:11,       0
2014-01-05 02:46:13,    1411
2014-01-05 02:46:15,    2823
2014-01-05 02:46:17,    4215
2014-01-05 02:46:19,    5599
2014-01-05 02:46:21,    6963
2014-01-05 02:46:23,    8299
2014-01-05 02:46:25,    9598
2014-01-05 02:46:27,   10869
2014-01-05 02:46:29,   12092
2014-01-05 02:46:31,   13249
2014-01-05 02:46:33,   14379
2014-01-05 02:46:35,   15442
2014-01-05 02:46:37,   16449
2014-01-05 02:46:39,   17362
2014-01-05 02:46:41,   18209
2014-01-05 02:46:43,   18980
2014-01-05 02:46:45,   19686
2014-01-05 02:46:47,   20298
2014-01-05 02:46:49,   20825
2014-01-05 02:46:51,   21267
2014-01-05 02:46:53,   21606
2014-01-05 02:46:55,   21850
2014-01-05 02:46:57,   22029
2014-01-05 02:46:59,   22095
2014-01-05 02:47:01,   22048
2014-01-05 02:47:03,   21926
2014-01-05 02:47:05,   21700
2014-01-05 02:47:07,   21371
2014-01-05 02:47:09,   20966
2014-01-05 02:47:11,   20458
2014-01-05 02:47:13,   19874
2014-01-05 02:47:15,   19018
2014-01-05 02:47:17,   16327
2014-01-05 02:47:19,   14699
2014-01-05 02:47:21,   15122
2014-01-05 02:47:23,   16232
2014-01-05 02:47:25,   16411
2014-01-05 02:47:27,   14981
2014-01-05 02:47:29,   12591
2014-01-05 02:47:31,   10276
2014-01-05 02:47:33,    8779
2014-01-05 02:47:35,    8017
2014-01-05 02:47:37,    7396
2014-01-05 02:47:39,    6389
2014-01-05 02:47:41,    4761
2014-01-05 02:47:43,    2851
2014-01-05 02:47:45,    1044
2014-01-05 02:47:47,    -461
2014-01-05 02:47:49,   -1722
2014-01-05 02:47:51,   -2926
2014-01-05 02:47:53,   -4262
2014-01-05 02:47:55,   -5796
2014-01-05 02:47:57,   -7415
2014-01-05 02:47:59,   -8921
2014-01-05 02:48:01,  -10285
2014-01-05 02:48:03,  -11499
2014-01-05 02:48:05,  -12675
2014-01-05 02:48:07,  -13880
2014-01-05 02:48:09,  -15094
2014-01-05 02:48:11,  -16270
2014-01-05 02:48:13,  -17333
2014-01-05 02:48:15,  -18284
2014-01-05 02:48:17,  -19150
2014-01-05 02:48:19,  -19931
2014-01-05 02:48:21,  -20636
2014-01-05 02:48:23,  -21267
2014-01-05 02:48:25,  -21860
2014-01-05 02:48:27,  -21738
2014-01-05 02:48:29,  -21455
2014-01-05 02:48:31,  -21982
2014-01-05 02:48:33,  -23008
2014-01-05 02:48:35,  -23780
2014-01-05 02:48:37,  -23864
2014-01-05 02:48:39,  -23281
2014-01-05 02:48:41,  -22537
2014-01-05 02:48:43,  -21963
2014-01-05 02:48:45,  -21681
2014-01-05 02:48:47,  -21483
2014-01-05 02:48:49,  -21088
2014-01-05 02:48:51,  -20392
2014-01-05 02:48:53,  -19432
2014-01-05 02:48:55,  -18369
2014-01-05 02:48:57,  -17343
2014-01-05 02:48:59,  -16392
2014-01-05 02:49:01,  -15404
2014-01-05 02:49:03,  -14303
2014-01-05 02:49:05,  -13061
2014-01-05 02:49:07,  -11715
2014-01-05 02:49:09,  -10304
2014-01-05 02:49:11,   -8921
2014-01-05 02:49:13,   -7509
2014-01-05 02:49:15,   -6107
2014-01-05 02:49:17,   -4629
2014-01-05 02:49:19,   -3133
2014-01-05 02:49:21,   -1599
2014-01-05 02:49:23,     -56
2014-01-05 02:49:25,    1496
2014-01-05 02:49:27,    3011
2014-01-05 02:49:29,    4507
2014-01-05 02:49:31,    5994
2014-01-05 02:49:33,    7490
2014-01-05 02:49:35,    8939
2014-01-05 02:49:37,   10360
2014-01-05 02:49:39,   11715
2014-01-05 02:49:41,   13033
2014-01-05 02:49:43,   14275
2014-01-05 02:49:45,   15489
2014-01-05 02:49:47,   16628
2014-01-05 02:49:49,   17700
2014-01-05 02:49:51,   18689
2014-01-05 02:49:53,   19620
2014-01-05 02:49:55,   20439
2014-01-05 02:49:57,   21173
2014-01-05 02:49:59,   21822
2014-01-05 02:50:01,   22359
2014-01-05 02:50:03,   22810
2014-01-05 02:50:05,   23158
2014-01-05 02:50:07,   23441
2014-01-05 02:50:09,   23582
2014-01-05 02:50:11,   23629
2014-01-05 02:50:13,   23573
2014-01-05 02:50:15,   23413
2014-01-05 02:50:17,   23149
2014-01-05 02:50:19,   22782
2014-01-05 02:50:21,   22321
2014-01-05 02:50:23,   21785
2014-01-05 02:50:25,   21107
2014-01-05 02:50:27,   20354
2014-01-05 02:50:29,   19517
2014-01-05 02:50:31,   18585
2014-01-05 02:50:33,   17588
2014-01-05 02:50:35,   16515
2014-01-05 02:50:37,   15367
2014-01-05 02:50:39,   14125
2014-01-05 02:50:41,   12638
2014-01-05 02:50:43,   11160
2014-01-05 02:50:45,    9852
2014-01-05 02:50:47,    8638
2014-01-05 02:50:49,    7330
2014-01-05 02:50:51,    5806
2014-01-05 02:50:53,    4140
2014-01-05 02:50:55,    2446
2014-01-05 02:50:57,     809
2014-01-05 02:50:59,    -724
2014-01-05 02:51:01,   -2220
2014-01-05 02:51:03,   -3726
2014-01-05 02:51:05,   -5288
2014-01-05 02:51:07,   -6897
2014-01-05 02:51:09,   -8441
2014-01-05 02:51:11,   -9946
2014-01-05 02:51:13,  -11367
2014-01-05 02:51:15,  -12760
2014-01-05 02:51:17,  -14096
2014-01-05 02:51:19,  -15395
2014-01-05 02:51:21,  -16646
2014-01-05 02:51:23,  -17823
2014-01-05 02:51:25,  -18914
2014-01-05 02:51:27,  -19931
2014-01-05 02:51:29,  -20853
2014-01-05 02:51:31,  -21700
2014-01-05 02:51:33,  -22462
2014-01-05 02:51:35,  -23140
2014-01-05 02:51:37,  -23704
2014-01-05 02:51:39,  -24184
2014-01-05 02:51:41,  -24551
2014-01-05 02:51:43,  -24815
2014-01-05 02:51:45,  -24994
2014-01-05 02:51:47,  -25041
2014-01-05 02:51:49,  -25003
2014-01-05 02:51:51,  -24843
2014-01-05 02:51:53,  -24589
2014-01-05 02:51:55,  -24222
2014-01-05 02:51:57,  -23761
2014-01-05 02:51:59,  -23196
2014-01-05 02:52:01,  -22528
2014-01-05 02:52:03,  -21785
2014-01-05 02:52:05,  -20947
2014-01-05 02:52:07,  -20015
2014-01-05 02:52:09,  -18999
2014-01-05 02:52:11,  -17889
2014-01-05 02:52:13,  -16722
2014-01-05 02:52:15,  -15489
2014-01-05 02:52:17,  -14181
2014-01-05 02:52:19,  -12816
2014-01-05 02:52:21,  -11395
2014-01-05 02:52:23,   -9927
2014-01-05 02:52:25,   -8422
2014-01-05 02:52:27,   -6878
2014-01-05 02:52:29,   -5307
2014-01-05 02:52:31,   -3707
2014-01-05 02:52:33,   -2107
2014-01-05 02:52:35,    -479
2014-01-05 02:52:37,    1138
2014-01-05 02:52:39,    2757
2014-01-05 02:52:41,    4347
2014-01-05 02:52:43,    5947
2014-01-05 02:52:45,    7537
2014-01-05 02:52:47,    9043
2014-01-05 02:52:49,   10558
2014-01-05 02:52:51,   12026
2014-01-05 02:52:53,   13419
2014-01-05 02:52:55,   14764
2014-01-05 02:52:57,   16072
2014-01-05 02:52:59,   17286
2014-01-05 02:53:01,   18444
2014-01-05 02:53:03,   19517
2014-01-05 02:53:05,   20505
2014-01-05 02:53:07,   21399
2014-01-05 02:53:09,   22217
2014-01-05 02:53:11,   22933
2014-01-05 02:53:13,   23535
2014-01-05 02:53:15,   24052
2014-01-05 02:53:17,   24476
2014-01-05 02:53:19,   24768
2014-01-05 02:53:21,   24975
2014-01-05 02:53:23,   25050
2014-01-05 02:53:25,   25031
2014-01-05 02:53:27,   24899
2014-01-05 02:53:29,   24674
2014-01-05 02:53:31,   24325
2014-01-05 02:53:33,   23874
2014-01-05 02:53:35,   23309
2014-01-05 02:53:37,   22650
2014-01-05 02:53:39,   21907
2014-01-05 02:53:41,   19695
2014-01-05 02:53:43,   17173
2014-01-05 02:53:45,   16750
2014-01-05 02:53:47,   17682
2014-01-05 02:53:49,   18246
2014-01-05 02:53:51,   17268
2014-01-05 02:53:53,   14971
2014-01-05 02:53:55,   12299
2014-01-05 02:53:57,   10210
2014-01-05 02:53:59,    8996
2014-01-05 02:54:01,    8215
2014-01-05 02:54:03,    7217
2014-01-05 02:54:05,    5646
2014-01-05 02:54:07,    3594
2014-01-05 02:54:09,    1458
2014-01-05 02:54:11,    -404
2014-01-05 02:54:13,   -2117
2014-01-05 02:54:15,   -3754
2014-01-05 02:54:17,   -5175
2014-01-05 02:54:19,   -6559
2014-01-05 02:54:21,   -8083
2014-01-05 02:54:23,   -9796
2014-01-05 02:54:25,  -11527
2014-01-05 02:54:27,  -13165
2014-01-05 02:54:29,  -14614
2014-01-05 02:54:31,  -15931
2014-01-05 02:54:33,  -17183
2014-01-05 02:54:35,  -18416
2014-01-05 02:54:37,  -19658
2014-01-05 02:54:39,  -20834
2014-01-05 02:54:41,  -21916
2014-01-05 02:54:43,  -22857
2014-01-05 02:54:45,  -23667
2014-01-05 02:54:47,  -24382
2014-01-05 02:54:49,  -25022
2014-01-05 02:54:51,  -25379
2014-01-05 02:54:53,  -24975
2014-01-05 02:54:55,  -25163
2014-01-05 02:54:57,  -26076
2014-01-05 02:54:59,  -27064
2014-01-05 02:55:01,  -27440
2014-01-05 02:55:03,  -27101
2014-01-05 02:55:05,  -26320
2014-01-05 02:55:07,  -25558
2014-01-05 02:55:09,  -25078
2014-01-05 02:55:11,  -24796
2014-01-05 02:55:13,  -24438
2014-01-05 02:55:15,  -23780
2014-01-05 02:55:17,  -22810
2014-01-05 02:55:19,  -21634
2014-01-05 02:55:21,  -20448
2014-01-05 02:55:23,  -19300
2014-01-05 02:55:25,  -18180
2014-01-05 02:55:27,  -17013