2014-01-05 02:00:01,     -3
2014-01-05 02:00:03,     -1
2014-01-05 02:00:05,      0
2014-01-05 02:00:07,      0
2014-01-05 02:00:09,      0
2014-01-05 02:00:11,     -2
2014-01-05 02:00:13,     -1
2014-01-05 02:00:15,     -1
2014-01-05 02:00:17,     -2
2014-01-05 02:00:19,     -2
2014-01-05 02:00:21,     -1
2014-01-05 02:00:23,     -1
2014-01-05 02:00:25,     -1
2014-01-05 02:00:27,     -2
2014-01-05 02:00:29,     -2
2014-01-05 02:00:31,     -2
2014-01-05 02:00:33,     -2
2014-01-05 02:00:35,     -2
2014-01-05 02:00:37,     -2
2014-01-05 02:00:39,     -1
2014-01-05 02:00:41,     -1
2014-01-05 02:00:43,     -1
2014-01-05 02:00:45,     -2
2014-01-05 02:00:47,     -2
2014-01-05 02:00:49,     -2
2014-01-05 02:00:51,     -1
2014-01-05 02:00:53,     -1
2014-01-05 02:00:55,     -2
2014-01-05 02:00:57,     -1
2014-01-05 02:00:59,     -1
2014-01-05 02:01:01,     -1
2014-01-05 02:01:03,     -1
2014-01-05 02:01:05,      0
2014-01-05 02:01:07,      0
2014-01-05 02:01:09,      0
2014-01-05 02:01:11,      0
2014-01-05 02:01:13,      0
2014-01-05 02:01:15,      0
2014-01-05 02:01:17,      0
2014-01-05 02:01:19,      0
2014-01-05 02:01:21,      0
2014-01-05 02:01:23,      0
2014-01-05 02:01:25,      0
2014-01-05 02:01:27,      0
2014-01-05 02:01:29,      0
2014-01-05 02:01:31,      1
2014-01-05 02:01:33,      2
2014-01-05 02:01:35,      1
2014-01-05 02:01:37,      1
2014-01-05 02:01:39,      2
2014-01-05 02:01:41,      2
2014-01-05 02:01:43,      2
2014-01-05 02:01:45,      2
2014-01-05 02:01:47,      3
2014-01-05 02:01:49,      3
2014-01-05 02:01:51,      3
2014-01-05 02:01:53,      2
2014-01-05 02:01:55,      4
2014-01-05 02:01:57,      4
2014-01-05 02:01:59,      3
2014-01-05 02:02:01,      3
2014-01-05 02:02:03,      3
2014-01-05 02:02:05,      3
2014-01-05 02:02:07,      4
2014-01-05 02:02:09,      4
2014-01-05 02:02:11,      3
2014-01-05 02:02:13,      4
2014-01-05 02:02:15,      3
2014-01-05 02:02:17,      3
2014-01-05 02:02:19,      4
2014-01-05 02:02:21,      4
2014-01-05 02:02:23,      4
2014-01-05 02:02:25,      4
2014-01-05 02:02:27,      4
2014-01-05 02:02:29,      3
2014-01-05 02:02:31,      3
2014-01-05 02:02:33,      4
2014-01-05 02:02:35,      4
2014-01-05 02:02:37,      3
2014-01-05 02:02:39,      4
2014-01-05 02:02:41,      3
2014-01-05 02:02:43,      3
2014-01-05 02:02:45,      3
2014-01-05 02:02:47,      2
2014-01-05 02:02:49,      2
2014-01-05 02:02:51,      2
2014-01-05 02:02:53,      2
2014-01-05 02:02:55,      2
2014-01-05 02:02:57,      2
2014-01-05 02:02:59,      1
2014-01-05 02:03:01,      1
2014-01-05 02:03:03,      1
2014-01-05 02:03:05,      1
2014-01-05 02:03:07,     -6
2014-01-05 02:03:09,     -7
2014-01-05 02:03:11,     -5
2014-01-05 02:03:13,     -2
2014-01-05 02:03:15,      4
2014-01-05 02:03:17,      4
2014-01-05 02:03:19,      3
2014-01-05 02:03:21,      2
2014-01-05 02:03:23,     -3
2014-01-05 02:03:25,     -3
2014-01-05 02:03:27,     -2
2014-01-05 02:03:29,     -1
2014-01-05 02:03:31,      0
2014-01-05 02:03:33,      0
2014-01-05 02:03:35,      0
2014-01-05 02:03:37,     -2
2014-01-05 02:03:39,     -2
2014-01-05 02:03:41,     -2
2014-01-05 02:03:43,     -2
2014-01-05 02:03:45,     -3
2014-01-05 02:03:47,     -3
2014-01-05 02:03:49,     -3
2014-01-05 02:03:51,     -2
2014-01-05 02:03:53,     -1
2014-01-05 02:03:55,     -1
2014-01-05 02:03:57,     -1
2014-01-05 02:03:59,     -2
2014-01-05 02:04:01,     -2
2014-01-05 02:04:03,     -1
2014-01-05 02:04:05,     -2
2014-01-05 02:04:07,     -1
2014-01-05 02:04:09,     -1
2014-01-05 02:04:11,     -2
2014-01-05 02:04:13,     -1
2014-01-05 02:04:15,     -2
2014-01-05 02:04:17,     -2
2014-01-05 02:04:19,      0
2014-01-05 02:04:21,     -1
2014-01-05 02:04:23,      0
2014-01-05 02:04:25,      1
2014-01-05 02:04:27,      0
2014-01-05 02:04:29,      0
2014-01-05 02:04:31,      0
2014-01-05 02:04:33,     -2
2014-01-05 02:04:35,      0
2014-01-05 02:04:37,     -1
2014-01-05 02:04:39,      0
2014-01-05 02:04:41,      0
2014-01-05 02:04:43,      0
2014-01-05 02:04:45,      0
2014-01-05 02:04:47,      0
2014-01-05 02:04:49,      0
2014-01-05 02:04:51,      1
2014-01-05 02:04:53,      1
2014-01-05 02:04:55,      1
2014-01-05 02:04:57,      1
2014-01-05 02:04:59,      1
2014-01-05 02:05:01,      1
2014-01-05 02:05:03,      1
2014-01-05 02:05:05,      1
2014-01-05 02:05:07,      2
2014-01-05 02:05:09,      2
2014-01-05 02:05:11,      3
2014-01-05 02:05:13,      3
2014-01-05 02:05:15,      3
2014-01-05 02:05:17,      2
2014-01-05 02:05:19,      2
2014-01-05 02:05:21,      3
2014-01-05 02:05:23,      3
2014-01-05 02:05:25,      3
2014-01-05 02:05:27,      3
2014-01-05 02:05:29,      4
2014-01-05 02:05:31,      4
2014-01-05 02:05:33,      3
2014-01-05 02:05:35,      4
2014-01-05 02:05:37,      4
2014-01-05 02:05:39,      4
2014-01-05 02:05:41,      4
2014-01-05 02:05:43,      4
2014-01-05 02:05:45,      4
2014-01-05 02:05:47,      4
2014-01-05 02:05:49,      4
2014-01-05 02:05:51,      4
2014-01-05 02:05:53,      4
2014-01-05 02:05:55,      3
2014-01-05 02:05:57,      3
2014-01-05 02:05:59,      3
2014-01-05 02:06:01,      4
2014-01-05 02:06:03,      3
2014-01-05 02:06:05,      3
2014-01-05 02:06:07,      3
2014-01-05 02:06:09,      3
2014-01-05 02:06:11,      3
2014-01-05 02:06:13,      3
2014-01-05 02:06:15,      2
2014-01-05 02:06:17,      2
2014-01-05 02:06:19,      2
2014-01-05 02:06:21,      2
2014-01-05 02:06:23,      2
2014-01-05 02:06:25,      1
2014-01-05 02:06:27,      1
2014-01-05 02:06:29,      0
2014-01-05 02:06:31,      1
2014-01-05 02:06:33,      1
2014-01-05 02:06:35,      0
2014-01-05 02:06:37,      0
2014-01-05 02:06:39,      0
2014-01-05 02:06:41,      0
2014-01-05 02:06:43,      0
2014-01-05 02:06:45,      0
2014-01-05 02:06:47,     -1
2014-01-05 02:06:49,     -1
2014-01-05 02:06:51,     -1
2014-01-05 02:06:53,     -1
2014-01-05 02:06:55,      0
2014-01-05 02:06:57,      0
2014-01-05 02:06:59,     -1
2014-01-05 02:07:01,     -1
2014-01-05 02:07:03,     -2
2014-01-05 02:07:05,     -3
2014-01-05 02:07:07,     -1
2014-01-05 02:07:09,     -1
2014-01-05 02:07:11,     -1
2014-01-05 02:07:13,     -1
2014-01-05 02:07:15,     -2
2014-01-05 02:07:17,     -2
2014-01-05 02:07:19,     -2
2014-01-05 02:07:21,     -2
2014-01-05 02:07:23,     -2
2014-01-05 02:07:25,     -2
2014-01-05 02:07:27,     -2
2014-01-05 02:07:29,     -2
2014-01-05 02:07:31,     -2
2014-01-05 02:07:33,     -2
2014-01-05 02:07:35,     -2
2014-01-05 02:07:37,     -2
2014-01-05 02:07:39,     -2
2014-01-05 02:07:41,     -2
2014-01-05 02:07:43,     -1
2014-01-05 02:07:45,     -2
2014-01-05 02:07:47,     -1
2014-01-05 02:07:49,     -1
2014-01-05 02:07:51,     -1
2014-01-05 02:07:53,     -1
2014-01-05 02:07:55,     -1
2014-01-05 02:07:57,      0
2014-01-05 02:07:59,      0
2014-01-05 02:08:01,      0
2014-01-05 02:08:03,      0
2014-01-05 02:08:05,      0
2014-01-05 02:08:07,      0
2014-01-05 02:08:09,      0
2014-01-05 02:08:11,      1
2014-01-05 02:08:13,      0
2014-01-05 02:08:15,      0
2014-01-05 02:08:17,      0
2014-01-05 02:08:19,      1
2014-01-05 02:08:21,      1
2014-01-05 02:08:23,      1
2014-01-05 02:08:25,      1
2014-01-05 02:08:27,      2
2014-01-05 02:08:29,      2
2014-01-05 02:08:31,      2
2014-01-05 02:08:33,      2
2014-01-05 02:08:35,      2
2014-01-05 02:08:37,      3
2014-01-05 02:08:39,      3
2014-01-05 02:08:41,      3
2014-01-05 02:08:43,      3
2014-01-05 02:08:45,      3
2014-01-05 02:08:47,      3
2014-01-05 02:08:49,      4
2014-01-05 02:08:51,      3
2014-01-05 02:08:53,      3
2014-01-05 02:08:55,      3
2014-01-05 02:08:57,      3
2014-01-05 02:08:59,      4
2014-01-05 02:09:01,      4
2014-01-05 02:09:03,      3
2014-01-05 02:09:05,      4
2014-01-05 02:09:07,      3
2014-01-05 02:09:09,      4
2014-01-05 02:09:11,      4
2014-01-05 02:09:13,      3
2014-01-05 02:09:15,      3
2014-01-05 02:09:17,      4
2014-01-05 02:09:19,      3
2014-01-05 02:09:21,      4
2014-01-05 02:09:23,      4
2014-01-05 02:09:25,      4
2014-01-05 02:09:27,      3
2014-01-05 02:09:29,      3
2014-01-05 02:09:31,      2
2014-01-05 02:09:33,      3
2014-01-05 02:09:35,      2
2014-01-05 02:09:37,      3
2014-01-05 02:09:39,      2
2014-01-05 02:09:41,      2
2014-01-05 02:09:43,      2
2014-01-05 02:09:45,      2
2014-01-05 02:09:47,      2
2014-01-05 02:09:49,      1
2014-01-05 02:09:51,      1
2014-01-05 02:09:53,      1
2014-01-05 02:09:55,     -2
2014-01-05 02:09:57,     -2
2014-01-05 02:09:59,     -6
2014-01-05 02:10:01,     -5
2014-01-05 02:10:03,      2
2014-01-05 02:10:05,      1
2014-01-05 02:10:07,      4
2014-01-05 02:10:09,      3
2014-01-05 02:10:11,     -1
2014-01-05 02:10:13,     -1
2014-01-05 02:10:15,     -3
2014-01-05 02:10:17,     -1
2014-01-05 02:10:19,      0
2014-01-05 02:10:21,      0
2014-01-05 02:10:23,      0
2014-01-05 02:10:25,      0
2014-01-05 02:10:27,     -2
2014-01-05 02:10:29,     -2
2014-01-05 02:10:31,     -1
2014-01-05 02:10:33,     -3
2014-01-05 02:10:35,     -4
2014-01-05 02:10:37,     -4
2014-01-05 02:10:39,     -3
2014-01-05 02:10:41,     -2
2014-01-05 02:10:43,      0
2014-01-05 02:10:45,      0
2014-01-05 02:10:47,     -1
2014-01-05 02:10:49,     -2
2014-01-05 02:10:51,     -2
2014-01-05 02:10:53,     -2
2014-01-05 02:10:55,     -1
2014-01-05 02:10:57,     -1
2014-01-05 02:10:59,     -1
2014-01-05 02:11:01,     -1
2014-01-05 02:11:03,     -2
2014-01-05 02:11:05,     -2
2014-01-05 02:11:07,     -2
2014-01-05 02:11:09,     -2
2014-01-05 02:11:11,     -1
2014-01-05 02:11:13,      0
2014-01-05 02:11:15,      1
2014-01-05 02:11:17,      0
2014-01-05 02:11:19,      0
2014-01-05 02:11:21,     -1
2014-01-05 02:11:23,     -2
2014-01-05 02:11:25,     -2
2014-01-05 02:11:27,      0
2014-01-05 02:11:29,      0
2014-01-05 02:11:31,      0
2014-01-05 02:11:33,      0
2014-01-05 02:11:35,      0
2014-01-05 02:11:37,      0
2014-01-05 02:11:39,      0
2014-01-05 02:11:41,      0
2014-01-05 02:11:43,      1
2014-01-05 02:11:45,      2
2014-01-05 02:11:47,      1
2014-01-05 02:11:49,      1
2014-01-05 02:11:51,      1
2014-01-05 02:11:53,      1
2014-01-05 02:11:55,      2
2014-01-05 02:11:57,      2
2014-01-05 02:11:59,      2
2014-01-05 02:12:01,      3
2014-01-05 02:12:03,      3
2014-01-05 02:12:05,      2
2014-01-05 02:12:07,      3
2014-01-05 02:12:09,      3
2014-01-05 02:12:11,      3
2014-01-05 02:12:13,      3
2014-01-05 02:12:15,      3
2014-01-05 02:12:17,      3
2014-01-05 02:12:19,      4
2014-01-05 02:12:21,      3
2014-01-05 02:12:23,      3
2014-01-05 02:12:25,      3
2014-01-05 02:12:27,      4
2014-01-05 02:12:29,      4
2014-01-05 02:12:31,      4
2014-01-05 02:12:33,      4
2014-01-05 02:12:35,      3
2014-01-05 02:12:37,      4
2014-01-05 02:12:39,      4
2014-01-05 02:12:41,      4
2014-01-05 02:12:43,      4
2014-01-05 02:12:45,      4
2014-01-05 02:12:47,      4
2014-01-05 02:12:49,      4
2014-01-05 02:12:51,      3
2014-01-05 02:12:53,      3
2014-01-05 02:12:55,      3
2014-01-05 02:12:57,      3
2014-01-05 02:12:59,      2
2014-01-05 02:13:01,      3
2014-01-05 02:13:03,      2
2014-01-05 02:13:05,      2
2014-01-05 02:13:07,      2
2014-01-05 02:13:09,      2
2014-01-05 02:13:11,      1
2014-01-05 02:13:13,      2
2014-01-05 02:13:15,      1
2014-01-05 02:13:17,      1
2014-01-05 02:13:19,      0
2014-01-05 02:13:21,      0
2014-01-05 02:13:23,      0
2014-01-05 02:13:25,      0
2014-01-05 02:13:27,      0
2014-01-05 02:13:29,      0
2014-01-05 02:13:31,      0
2014-01-05 02:13:33,      0
2014-01-05 02:13:35,      0
2014-01-05 02:13:37,     -1
2014-01-05 02:13:39,     -2
2014-01-05 02:13:41,     -1
2014-01-05 02:13:43,      0
2014-01-05 02:13:45,      0
2014-01-05 02:13:47,      0
2014-01-05 02:13:49,      0
2014-01-05 02:13:51,     -1
2014-01-05 02:13:53,     -2
2014-01-05 02:13:55,     -1
2014-01-05 02:13:57,     -1
2014-01-05 02:13:59,     -1
2014-01-05 02:14:01,     -1
2014-01-05 02:14:03,     -2
2014-01-05 02:14:05,     -1
2014-01-05 02:14:07,     -2
2014-01-05 02:14:09,     -2
2014-01-05 02:14:11,     -2
2014-01-05 02:14:13,     -1
2014-01-05 02:14:15,     -2
2014-01-05 02:14:17,     -2
2014-01-05 02:14:19,     -2
2014-01-05 02:14:21,     -1
2014-01-05 02:14:23,     -3
2014-01-05 02:14:25,     -2
2014-01-05 02:14:27,     -1
2014-01-05 02:14:29,     -1
2014-01-05 02:14:31,     -1
2014-01-05 02:14:33,     -1
2014-01-05 02:14:35,     -2
2014-01-05 02:14:37,     -1
2014-01-05 02:14:39,     -2
2014-01-05 02:14:41,     -1
2014-01-05 02:14:43,     -1
2014-01-05 02:14:45,     -1
2014-01-05 02:14:47,      0
2014-01-05 02:14:49,      0
2014-01-05 02:14:51,      0
2014-01-05 02:14:53,      0
2014-01-05 02:14:55,      0
2014-01-05 02:14:57,      0
2014-01-05 02:14:59,      0
2014-01-05 02:15:01,      0
2014-01-05 02:15:03,      0
2014-01-05 02:15:05,      1
2014-01-05 02:15:07,      1
2014-01-05 02:15:09,      1
2014-01-05 02:15:11,      1
2014-01-05 02:15:13,      1
2014-01-05 02:15:15,      2
2014-01-05 02:15:17,      2
2014-01-05 02:15:19,      2
2014-01-05 02:15:21,      2
2014-01-05 02:15:23,      2
2014-01-05 02:15:25,      3
2014-01-05 02:15:27,      2
2014-01-05 02:15:29,      3
2014-01-05 02:15:31,      3
2014-01-05 02:15:33,      3
2014-01-05 02:15:35,      3
2014-01-05 02:15:37,      2
2014-01-05 02:15:39,      3
2014-01-05 02:15:41,      3
2014-01-05 02:15:43,      3
2014-01-05 02:15:45,      3
2014-01-05 02:15:47,      3
2014-01-05 02:15:49,      3
2014-01-05 02:15:51,      4
2014-01-05 02:15:53,      4
2014-01-05 02:15:55,      4
2014-01-05 02:15:57,      4
2014-01-05 02:15:59,      3
2014-01-05 02:16:01,      4
2014-01-05 02:16:03,      4
2014-01-05 02:16:05,      4
2014-01-05 02:16:07,      4
2014-01-05 02:16:09,      4
2014-01-05 02:16:11,      3
2014-01-05 02:16:13,      3
2014-01-05 02:16:15,      4
2014-01-05 02:16:17,      3
2014-01-05 02:16:19,      3
2014-01-05 02:16:21,      3
2014-01-05 02:16:23,      3
2014-01-05 02:16:25,      3
2014-01-05 02:16:27,      3
2014-01-05 02:16:29,      3
2014-01-05 02:16:31,      2
2014-01-05 02:16:33,      2
2014-01-05 02:16:35,      1
2014-01-05 02:16:37,      2
2014-01-05 02:16:39,      0
2014-01-05 02:16:41,      1
2014-01-05 02:16:43,      0
2014-01-05 02:16:45,      0
2014-01-05 02:16:47,     -2
2014-01-05 02:16:49,     -5
2014-01-05 02:16:51,     -2
2014-01-05 02:16:53,     -1
2014-01-05 02:16:55,      1
2014-01-05 02:16:57,      4
2014-01-05 02:16:59,      0
2014-01-05 02:17:01,     -1
2014-01-05 02:17:03,     -1
2014-01-05 02:17:05,     -3
2014-01-05 02:17:07,      0
2014-01-05 02:17:09,      0
2014-01-05 02:17:11,      0
2014-01-05 02:17:13,      0
2014-01-05 02:17:15,     -1
2014-01-05 02:17:17,     -1
2014-01-05 02:17:19,     -3
2014-01-05 02:17:21,     -2
2014-01-05 02:17:23,     -4
2014-01-05 02:17:25,     -4
2014-01-05 02:17:27,     -4
2014-01-05 02:17:29,     -3
2014-01-05 02:17:31,      0
2014-01-05 02:17:33,      0
2014-01-05 02:17:35,      0
2014-01-05 02:17:37,      0
2014-01-05 02:17:39,     -3
2014-01-05 02:17:41,     -3
2014-01-05 02:17:43,     -2
2014-01-05 02:17:45,     -2
2014-01-05 02:17:47,     -1
2014-01-05 02:17:49,     -1
2014-01-05 02:17:51,     -1
2014-01-05 02:17:53,     -2
2014-01-05 02:17:55,     -2
2014-01-05 02:17:57,     -1
2014-01-05 02:17:59,     -1
2014-01-05 02:18:01,      0
2014-01-05 02:18:03,      0
2014-01-05 02:18:05,      1
2014-01-05 02:18:07,      0
2014-01-05 02:18:09,      0
2014-01-05 02:18:11,     -2
2014-01-05 02:18:13,     -2
2014-01-05 02:18:15,     -1
2014-01-05 02:18:17,      0
2014-01-05 02:18:19,      0
2014-01-05 02:18:21,      1
2014-01-05 02:18:23,      0
2014-01-05 02:18:25,      0
2014-01-05 02:18:27,      0
2014-01-05 02:18:29,      0
2014-01-05 02:18:31,      0
2014-01-05 02:18:33,      0
2014-01-05 02:18:35,      1
2014-01-05 02:18:37,      1
2014-01-05 02:18:39,      1
2014-01-05 02:18:41,      1
2014-01-05 02:18:43,      1
2014-01-05 02:18:45,      2
2014-01-05 02:18:47,      3
2014-01-05 02:18:49,      2
2014-01-05 02:18:51,      3
2014-01-05 02:18:53,      2
2014-01-05 02:18:55,      2
2014-01-05 02:18:57,      3
2014-01-05 02:18:59,      3
2014-01-05 02:19:01,      4
2014-01-05 02:19:03,      3
2014-01-05 02:19:05,      3
2014-01-05 02:19:07,      4
2014-01-05 02:19:09,      3
2014-01-05 02:19:11,      3
2014-01-05 02:19:13,      4
2014-01-05 02:19:15,      4
2014-01-05 02:19:17,      4
2014-01-05 02:19:19,      4
2014-01-05 02:19:21,      3
2014-01-05 02:19:23,      3
2014-01-05 02:19:25,      4
2014-01-05 02:19:27,      3
2014-01-05 02:19:29,      4
2014-01-05 02:19:31,      4
2014-01-05 02:19:33,      4
2014-01-05 02:19:35,      3
2014-01-05 02:19:37,      4
2014-01-05 02:19:39,      4
2014-01-05 02:19:41,      4
2014-01-05 02:19:43,      3
2014-01-05 02:19:45,      0
2014-01-05 02:19:47,    -22
2014-01-05 02:19:49,    -22
2014-01-05 02:19:51,    -26
2014-01-05 02:19:53,    -29
2014-01-05 02:19:55,    -44
2014-01-05 02:19:57,    -46
2014-01-05 02:19:59,    -52
2014-01-05 02:20:01,    -61
2014-01-05 02:20:03,    -79
2014-01-05 02:20:05,    -79
2014-01-05 02:20:07,    -81
2014-01-05 02:20:09,    -82
2014-01-05 02:20:11,    -91
2014-01-05 02:20:13,    -90
2014-01-05 02:20:15,    -93
2014-01-05 02:20:17,    -94
2014-01-05 02:20:19,    -92
2014-01-05 02:20:21,    -92
2014-01-05 02:20:23,    -91
2014-01-05 02:20:25,    -89
2014-01-05 02:20:27,    -81
2014-01-05 02:20:29,    -80
2014-01-05 02:20:31,    -76
2014-01-05 02:20:33,    -72
2014-01-05 02:20:35,    -59
2014-01-05 02:20:37,    -58
2014-01-05 02:20:39,    -51
2014-01-05 02:20:41,    -44
2014-01-05 02:20:43,    -26
2014-01-05 02:20:45,    -26
2014-01-05 02:20:47,    -17
2014-01-05 02:20:49,     -9
2014-01-05 02:20:51,     13
2014-01-05 02:20:53,     15
2014-01-05 02:20:55,     22
2014-01-05 02:20:57,     29
2014-01-05 02:20:59,     52
2014-01-05 02:21:01,     54
2014-01-05 02:21:03,     61
2014-01-05 02:21:05,     69
2014-01-05 02:21:07,     91
2014-01-05 02:21:09,     94
2014-01-05 02:21:11,    100
2014-01-05 02:21:13,    109
2014-01-05 02:21:15,    128
2014-01-05 02:21:17,    130
2014-01-05 02:21:19,    136
2014-01-05 02:21:21,    142
2014-01-05 02:21:23,    160
2014-01-05 02:21:25,    162
2014-01-05 02:21:27,    166
2014-01-05 02:21:29,    169
2014-01-05 02:21:31,    179
2014-01-05 02:21:33,    179
2014-01-05 02:21:35,    182
2014-01-05 02:21:37,    185
2014-01-05 02:21:39,    187
2014-01-05 02:21:41,    187
2014-01-05 02:21:43,    187
2014-01-05 02:21:45,    185
2014-01-05 02:21:47,    177
2014-01-05 02:21:49,    175
2014-01-05 02:21:51,    172
2014-01-05 02:21:53,    167
2014-01-05 02:21:55,    148
2014-01-05 02:21:57,    146
2014-01-05 02:21:59,    138
2014-01-05 02:22:01,    133
2014-01-05 02:22:03,    101
2014-01-05 02:22:05,     98
2014-01-05 02:22:07,     92
2014-01-05 02:22:09,     84
2014-01-05 02:22:11,     51
2014-01-05 02:22:13,     45
2014-01-05 02:22:15,     33
2014-01-05 02:22:17,     23
2014-01-05 02:22:19,    -12
2014-01-05 02:22:21,    -16
2014-01-05 02:22:23,    -26
2014-01-05 02:22:25,    -40
2014-01-05 02:22:27,    -78
2014-01-05 02:22:29,    -84
2014-01-05 02:22:31,    -94
2014-01-05 02:22:33,   -104
2014-01-05 02:22:35,   -138
2014-01-05 02:22:37,   -142
2014-01-05 02:22:39,   -152
2014-01-05 02:22:41,   -161
2014-01-05 02:22:43,   -189
2014-01-05 02:22:45,   -193
2014-01-05 02:22:47,   -200
2014-01-05 02:22:49,   -206
2014-01-05 02:22:51,   -225
2014-01-05 02:22:53,   -227
2014-01-05 02:22:55,   -231
2014-01-05 02:22:57,   -234
2014-01-05 02:22:59,   -243
2014-01-05 02:23:01,   -243
2014-01-05 02:23:03,   -244
2014-01-05 02:23:05,   -244
2014-01-05 02:23:07,   -240
2014-01-05 02:23:09,   -239
2014-01-05 02:23:11,   -237
2014-01-05 02:23:13,   -233
2014-01-05 02:23:15,   -217
2014-01-05 02:23:17,   -214
2014-01-05 02:23:19,   -208
2014-01-05 02:23:21,   -203
2014-01-05 02:23:23,   -174
2014-01-05 02:23:25,   -170
2014-01-05 02:23:27,   -162
2014-01-05 02:23:29,   -151
2014-01-05 02:23:31,   -114
2014-01-05 02:23:33,   -109
2014-01-05 02:23:35,    -97
2014-01-05 02:23:37,    -87
2014-01-05 02:23:39,    -52
2014-01-05 02:23:41,    -46
2014-01-05 02:23:43,    -33
2014-01-05 02:23:45,    -16
2014-01-05 02:23:47,     33
2014-01-05 02:23:49,     38
2014-01-05 02:23:51,     49
2014-01-05 02:23:53,     59
2014-01-05 02:23:55,    103
2014-01-05 02:23:57,    109
2014-01-05 02:23:59,    120
2014-01-05 02:24:01,    133
2014-01-05 02:24:03,    168
2014-01-05 02:24:05,    172
2014-01-05 02:24:07,    182
2014-01-05 02:24:09,    191
2014-01-05 02:24:11,    220
2014-01-05 02:24:13,    224
2014-01-05 02:24:15,    230
2014-01-05 02:24:17,    236
2014-01-05 02:24:19,    254
2014-01-05 02:24:21,    255
2014-01-05 02:24:23,    259
2014-01-05 02:24:25,    262
2014-01-05 02:24:27,    265
2014-01-05 02:24:29,    265
2014-01-05 02:24:31,    264
2014-01-05 02:24:33,    264
2014-01-05 02:24:35,    254
2014-01-05 02:24:37,    252
2014-01-05 02:24:39,    248
2014-01-05 02:24:41,    243
2014-01-05 02:24:43,    222
2014-01-05 02:24:45,    219
2014-01-05 02:24:47,    211
2014-01-05 02:24:49,    202
2014-01-05 02:24:51,    172
2014-01-05 02:24:53,    166
2014-01-05 02:24:55,    157
2014-01-05 02:24:57,    149
2014-01-05 02:24:59,    102
2014-01-05 02:25:01,     96
2014-01-05 02:25:03,     84
2014-01-05 02:25:05,     71
2014-01-05 02:25:07,     29
2014-01-05 02:25:09,     23
2014-01-05 02:25:11,      8
2014-01-05 02:25:13,     -2
2014-01-05 02:25:15,    -48
2014-01-05 02:25:17,    -54
2014-01-05 02:25:19,    -66
2014-01-05 02:25:21,    -79
2014-01-05 02:25:23,   -121
2014-01-05 02:25:25,   -127
2014-01-05 02:25:27,   -140
2014-01-05 02:25:29,   -150
2014-01-05 02:25:31,   -183
2014-01-05 02:25:33,   -188
2014-01-05 02:25:35,   -196
2014-01-05 02:25:37,   -206
2014-01-05 02:25:39,   -235
2014-01-05 02:25:41,   -237
2014-01-05 02:25:43,   -240
2014-01-05 02:25:45,   -239
2014-01-05 02:25:47,   -248
2014-01-05 02:25:49,   -253
2014-01-05 02:25:51,   -263
2014-01-05 02:25:53,   -269
2014-01-05 02:25:55,   -261
2014-01-05 02:25:57,   -259
2014-01-05 02:25:59,   -255
2014-01-05 02:26:01,   -253
2014-01-05 02:26:03,   -247
2014-01-05 02:26:05,   -245
2014-01-05 02:26:07,   -240
2014-01-05 02:26:09,   -230
2014-01-05 02:26:11,   -205
2014-01-05 02:26:13,   -201
2014-01-05 02:26:15,   -193
2014-01-05 02:26:17,   -188
2014-01-05 02:26:19,   -151
2014-01-05 02:26:21,   -145
2014-01-05 02:26:23,   -135
2014-01-05 02:26:25,   -122
2014-01-05 02:26:27,    -81
2014-01-05 02:26:29,    -75
2014-01-05 02:26:31,    -62
2014-01-05 02:26:33,    -51
2014-01-05 02:26:35,     -6
2014-01-05 02:26:37,      0
2014-01-05 02:26:39,     12
2014-01-05 02:26:41,     26
2014-01-05 02:26:43,     71
2014-01-05 02:26:45,     76
2014-01-05 02:26:47,     89
2014-01-05 02:26:49,    100
2014-01-05 02:26:51,    140
2014-01-05 02:26:53,    145
2014-01-05 02:26:55,    156
2014-01-05 02:26:57,    166
2014-01-05 02:26:59,    193
2014-01-05 02:27:01,    196
2014-01-05 02:27:03,    206
2014-01-05 02:27:05,    216
2014-01-05 02:27:07,    244
2014-01-05 02:27:09,    246
2014-01-05 02:27:11,    248
2014-01-05 02:27:13,    251
2014-01-05 02:27:15,    258
2014-01-05 02:27:17,    257
2014-01-05 02:27:19,    257
2014-01-05 02:27:21,    260
2014-01-05 02:27:23,    266
2014-01-05 02:27:25,    264
2014-01-05 02:27:27,    260
2014-01-05 02:27:29,    255
2014-01-05 02:27:31,    238
2014-01-05 02:27:33,    236
2014-01-05 02:27:35,    231
2014-01-05 02:27:37,    225
2014-01-05 02:27:39,    197
2014-01-05 02:27:41,    192
2014-01-05 02:27:43,    184
2014-01-05 02:27:45,    172
2014-01-05 02:27:47,    137
2014-01-05 02:27:49,    132
2014-01-05 02:27:51,    120
2014-01-05 02:27:53,    109
2014-01-05 02:27:55,     67
2014-01-05 02:27:57,     61
2014-01-05 02:27:59,     48
2014-01-05 02:28:01,     33
2014-01-05 02:28:03,    -10
2014-01-05 02:28:05,    -17
2014-01-05 02:28:07,    -30
2014-01-05 02:28:09,    -42
2014-01-05 02:28:11,    -86
2014-01-05 02:28:13,    -92
2014-01-05 02:28:15,   -103
2014-01-05 02:28:17,   -115
2014-01-05 02:28:37,   -154
2014-01-05 02:28:39,   -159
2014-01-05 02:28:41,   -169
2014-01-05 02:28:43,   -178
2014-01-05 02:28:45,   -208
2014-01-05 02:28:47,   -212
2014-01-05 02:28:49,   -219
2014-01-05 02:28:51,   -226
2014-01-05 02:28:53,   -245
2014-01-05 02:28:55,   -247
2014-01-05 02:28:57,   -251
2014-01-05 02:28:59,   -254
2014-01-05 02:29:01,   -260
2014-01-05 02:29:03,   -261
2014-01-05 02:29:05,   -261
2014-01-05 02:29:11,   -260
2014-01-05 02:29:13,   -253
2014-01-05 02:29:15,   -251
2014-01-05 02:29:17,   -247
2014-01-05 02:29:19,   -243
2014-01-05 02:29:21,   -223
2014-01-05 02:29:23,   -221
2014-01-05 02:29:25,   -213
2014-01-05 02:29:27,   -205
2014-01-05 02:29:29,   -173
2014-01-05 02:29:33,   -169
2014-01-05 02:29:35,   -158
2014-01-05 02:29:37,   -150
2014-01-05 02:29:39,   -114
2014-01-05 02:29:41,   -107
2014-01-05 02:29:43,    -97
2014-01-05 02:29:45,    -84
2014-01-05 02:29:47,    -41
2014-01-05 02:29:49,    -35
2014-01-05 02:29:51,    -22
2014-01-05 02:29:53,    -11
2014-01-05 02:29:55,     31
2014-01-05 02:29:59,     37
2014-01-05 02:30:01,     49
2014-01-05 02:30:03,     61
2014-01-05 02:30:04,    101
2014-01-05 02:30:05,    106
2014-01-05 02:30:06,    114
2014-01-05 02:30:07,    120
2014-01-05 02:30:08,    162
2014-01-05 02:30:09,    169
2014-01-05 02:30:10,    180
2014-01-05 02:30:11,    190
2014-01-05 02:30:12,    209
2014-01-05 02:30:13,    212
2014-01-05 02:30:14,    219
2014-01-05 02:30:15,    226
2014-01-05 02:30:16,    244
2014-01-05 02:30:17,    246
2014-01-05 02:30:18,    247
2014-01-05 02:30:19,    250
2014-01-05 02:30:20,    256
2014-01-05 02:30:21,    257
2014-01-05 02:30:22,    258
2014-01-05 02:30:24,    260
2014-01-05 02:30:25,    259
2014-01-05 02:30:26,    259
2014-01-05 02:30:27,    257
2014-01-05 02:30:28,    255
2014-01-05 02:30:29,    247
2014-01-05 02:30:30,    245
2014-01-05 02:30:32,    242
2014-01-05 02:30:34,    238
2014-01-05 02:30:36,    221
2014-01-05 02:30:38,    220
2014-01-05 02:30:40,    216
2014-01-05 02:30:42,    209
2014-01-05 02:30:44,    186
2014-01-05 02:30:46,    182
2014-01-05 02:30:48,    177
2014-01-05 02:30:50,    166
2014-01-05 02:30:52,    140
2014-01-05 02:30:54,    136
2014-01-05 02:30:56,    127
2014-01-05 02:30:58,    116
2014-01-05 02:31:00,     83
2014-01-05 02:31:02,     82
2014-01-05 02:31:04,     71
2014-01-05 02:31:06,     62
2014-01-05 02:31:08,     24
2014-01-05 02:31:10,     21
2014-01-05 02:31:12,     13
2014-01-05 02:31:14,      1
2014-01-05 02:31:16,    -36
2014-01-05 02:31:18,    -41
2014-01-05 02:31:20,    -47
2014-01-05 02:31:22,    -61
2014-01-05 02:31:24,    -95
2014-01-05 02:31:26,    -99
2014-01-05 02:31:28,   -107
2014-01-05 02:31:30,   -120
2014-01-05 02:31:32,   -145
2014-01-05 02:31:34,   -146
2014-01-05 02:31:36,   -152
2014-01-05 02:31:38,   -160
2014-01-05 02:31:40,   -198
2014-01-05 02:31:42,   -202
2014-01-05 02:31:44,   -209
2014-01-05 02:31:46,   -217
2014-01-05 02:31:48,   -231
2014-01-05 02:31:50,   -233
2014-01-05 02:31:52,   -234
2014-01-05 02:31:54,   -237
2014-01-05 02:31:56,   -252
2014-01-05 02:31:58,   -255
2014-01-05 02:32:00,   -262
2014-01-05 02:32:02,   -267
2014-01-05 02:32:04,   -267
2014-01-05 02:32:06,   -266
2014-01-05 02:32:08,   -263
2014-01-05 02:32:10,   -261
2014-01-05 02:32:12,   -255
2014-01-05 02:32:14,   -256
2014-01-05 02:32:16,   -254
2014-01-05 02:32:18,   -250
2014-01-05 02:32:20,   -233
2014-01-05 02:32:22,   -228
2014-01-05 02:32:24,   -225
2014-01-05 02:32:26,   -216
2014-01-05 02:32:28,   -195
2014-01-05 02:32:30,   -192
2014-01-05 02:32:32,   -185
2014-01-05 02:32:34,   -173
2014-01-05 02:32:36,   -140
2014-01-05 02:32:38,   -138
2014-01-05 02:32:40,   -127
2014-01-05 02:32:42,   -117
2014-01-05 02:32:44,    -80
2014-01-05 02:32:46,    -76
2014-01-05 02:32:48,    -68
2014-01-05 02:32:50,    -55
2014-01-05 02:32:52,    -14
2014-01-05 02:32:54,     -8
2014-01-05 02:32:56,     -1
2014-01-05 02:32:58,     13
2014-01-05 02:33:00,     51
2014-01-05 02:33:02,     56
2014-01-05 02:33:04,     65
2014-01-05 02:33:06,     80
2014-01-05 02:33:08,    116
2014-01-05 02:33:10,    119
2014-01-05 02:33:12,    128
2014-01-05 02:33:14,    139
2014-01-05 02:33:16,    171
2014-01-05 02:33:18,    174
2014-01-05 02:33:20,    180
2014-01-05 02:33:22,    186
2014-01-05 02:33:24,    215
2014-01-05 02:33:26,    218
2014-01-05 02:33:28,    225
2014-01-05 02:33:30,    233
2014-01-05 02:33:32,    247
2014-01-05 02:33:34,    248
2014-01-05 02:33:36,    249
2014-01-05 02:33:38,    252
2014-01-05 02:33:40,    254
2014-01-05 02:33:42,    254
2014-01-05 02:33:44,    257
2014-01-05 02:33:46,    260
2014-01-05 02:33:48,    260
2014-01-05 02:33:50,    259
2014-01-05 02:33:52,    255
2014-01-05 02:33:54,    250
2014-01-05 02:33:56,    233
2014-01-05 02:33:58,    232
2014-01-05 02:34:00,    229
2014-01-05 02:34:02,    223
2014-01-05 02:34:04,    201
2014-01-05 02:34:06,    197
2014-01-05 02:34:08,    188
2014-01-05 02:34:10,    177
2014-01-05 02:34:12,    148
2014-01-05 02:34:14,    145
2014-01-05 02:34:16,    135
2014-01-05 02:34:18,    126
2014-01-05 02:34:20,     88
2014-01-05 02:34:22,     84
2014-01-05 02:34:24,     76
2014-01-05 02:34:26,     65
2014-01-05 02:34:28,     24
2014-01-05 02:34:30,     19
2014-01-05 02:34:32,     11
2014-01-05 02:34:34,     -3
2014-01-05 02:34:36,    -41
2014-01-05 02:34:38,    -45
2014-01-05 02:34:40,    -56
2014-01-05 02:34:42,    -69
2014-01-05 02:34:44,   -106
2014-01-05 02:34:46,   -108
2014-01-05 02:34:48,   -117
2014-01-05 02:34:50,   -128
2014-01-05 02:34:52,   -159
2014-01-05 02:34:54,   -162
2014-01-05 02:34:56,   -169
2014-01-05 02:34:58,   -178
2014-01-05 02:35:00,   -204
2014-01-05 02:35:02,   -207
2014-01-05 02:35:04,   -211
2014-01-05 02:35:06,   -219
2014-01-05 02:35:08,   -236
2014-01-05 02:35:10,   -238
2014-01-05 02:35:12,   -241
2014-01-05 02:35:14,   -245
2014-01-05 02:35:16,   -254
2014-01-05 02:35:18,   -255
2014-01-05 02:35:20,   -255
2014-01-05 02:35:22,   -257
2014-01-05 02:35:24,   -256
2014-01-05 02:35:26,   -255
2014-01-05 02:35:28,   -255
2014-01-05 02:35:30,   -253
2014-01-05 02:35:32,   -243
2014-01-05 02:35:34,   -241
2014-01-05 02:35:36,   -239
2014-01-05 02:35:38,   -233
2014-01-05 02:35:40,   -217
2014-01-05 02:35:42,   -215
2014-01-05 02:35:44,   -208
2014-01-05 02:35:46,   -201
2014-01-05 02:35:48,   -177
2014-01-05 02:35:50,   -175
2014-01-05 02:35:52,   -167
2014-01-05 02:35:54,   -160
2014-01-05 02:35:56,   -127
2014-01-05 02:35:58,   -125
2014-01-05 02:36:00,   -118
2014-01-05 02:36:02,   -108
2014-01-05 02:36:04,    -73
2014-01-05 02:36:06,    -67
2014-01-05 02:36:08,    -62
2014-01-05 02:36:10,    -48
2014-01-05 02:36:12,    -14
2014-01-05 02:36:14,     -9
2014-01-05 02:36:16,      0
2014-01-05 02:36:18,     13
2014-01-05 02:36:20,     47
2014-01-05 02:36:22,     50
2014-01-05 02:36:24,     59
2014-01-05 02:36:26,     70
2014-01-05 02:36:28,    104
2014-01-05 02:36:30,    107
2014-01-05 02:36:32,    112
2014-01-05 02:36:34,    119
2014-01-05 02:36:36,    152
2014-01-05 02:36:38,    156
2014-01-05 02:36:40,    165
2014-01-05 02:36:42,    179
2014-01-05 02:36:44,    201
2014-01-05 02:36:46,    202
2014-01-05 02:36:48,    206
2014-01-05 02:36:50,    212
2014-01-05 02:36:52,    233
2014-01-05 02:36:54,    234
2014-01-05 02:36:56,    240
2014-01-05 02:36:58,    244
2014-01-05 02:37:00,    253
2014-01-05 02:37:02,    253
2014-01-05 02:37:04,    255
2014-01-05 02:37:06,    256
2014-01-05 02:37:08,    260
2014-01-05 02:37:10,    260
2014-01-05 02:37:12,    260
2014-01-05 02:37:14,    259
2014-01-05 02:37:16,    252
2014-01-05 02:37:18,    251
2014-01-05 02:37:20,    248
2014-01-05 02:37:22,    245
2014-01-05 02:37:24,    231
2014-01-05 02:37:26,    230
2014-01-05 02:37:28,    225
2014-01-05 02:37:30,    219
2014-01-05 02:37:32,    195
2014-01-05 02:37:34,    193
2014-01-05 02:37:36,    188
2014-01-05 02:37:38,    180
2014-01-05 02:37:40,    151
2014-01-05 02:37:42,    147
2014-01-05 02:37:44,    142
2014-01-05 02:37:46,    130
2014-01-05 02:37:48,     98
2014-01-05 02:37:50,     94
2014-01-05 02:37:52,     85
2014-01-05 02:37:54,     72
2014-01-05 02:37:56,     36
2014-01-05 02:37:58,     34
2014-01-05 02:38:00,     23
2014-01-05 02:38:02,     11
2014-01-05 02:38:04,    -27
2014-01-05 02:38:06,    -30
2014-01-05 02:38:08,    -37
2014-01-05 02:38:10,    -49
2014-01-05 02:38:12,    -87
2014-01-05 02:38:14,    -91
2014-01-05 02:38:16,    -97
2014-01-05 02:38:18,   -110
2014-01-05 02:38:20,   -138
2014-01-05 02:38:22,   -141
2014-01-05 02:38:24,   -145
2014-01-05 02:38:26,   -154
2014-01-05 02:38:28,   -191
2014-01-05 02:38:30,   -194
2014-01-05 02:38:32,   -203
2014-01-05 02:38:34,   -212
2014-01-05 02:38:36,   -226
2014-01-05 02:38:38,   -227
2014-01-05 02:38:40,   -229
2014-01-05 02:38:42,   -232
2014-01-05 02:38:44,   -248
2014-01-05 02:38:46,   -252
2014-01-05 02:38:48,   -256
2014-01-05 02:38:50,   -263
2014-01-05 02:38:52,   -263
2014-01-05 02:38:54,   -262
2014-01-05 02:38:56,   -259
2014-01-05 02:38:58,   -256
2014-01-05 02:39:00,   -252
2014-01-05 02:39:02,   -251
2014-01-05 02:39:04,   -249
2014-01-05 02:39:06,   -246
2014-01-05 02:39:08,   -226
2014-01-05 02:39:10,   -224
2014-01-05 02:39:12,   -220
2014-01-05 02:39:14,   -212
2014-01-05 02:39:16,   -189
2014-01-05 02:39:18,   -185
2014-01-05 02:39:20,   -180
2014-01-05 02:39:22,   -170
2014-01-05 02:39:24,   -137
2014-01-05 02:39:26,   -133
2014-01-05 02:39:28,   -124
2014-01-05 02:39:30,   -111
2014-01-05 02:39:32,    -75
2014-01-05 02:39:34,    -74
2014-01-05 02:39:36,    -63
2014-01-05 02:39:38,    -50
2014-01-05 02:39:40,     -9
2014-01-05 02:39:42,     -6
2014-01-05 02:39:44,      3
2014-01-05 02:39:46,     14
2014-01-05 02:39:48,     54
2014-01-05 02:39:50,     59
2014-01-05 02:39:52,     67
2014-01-05 02:39:54,     81
2014-01-05 02:39:56,    116
2014-01-05 02:39:58,    120
2014-01-05 02:40:00,    129
2014-01-05 02:40:02,    140
2014-01-05 02:40:04,    171
2014-01-05 02:40:06,    173
2014-01-05 02:40:08,    178
2014-01-05 02:40:10,    186
2014-01-05 02:40:12,    214
2014-01-05 02:40:14,    217
2014-01-05 02:40:16,    224
2014-01-05 02:40:18,    232
2014-01-05 02:40:20,    245
2014-01-05 02:40:22,    245
2014-01-05 02:40:24,    247
2014-01-05 02:40:26,    249
2014-01-05 02:40:28,    251
2014-01-05 02:40:30,    251
2014-01-05 02:40:32,    253
2014-01-05 02:40:34,    257
2014-01-05 02:40:36,    259
2014-01-05 02:40:38,    258
2014-01-05 02:40:40,    254
2014-01-05 02:40:42,    249
2014-01-05 02:40:44,    233
2014-01-05 02:40:46,    233
2014-01-05 02:40:48,    229
2014-01-05 02:40:50,    225
2014-01-05 02:40:52,    203
2014-01-05 02:40:54,    198
2014-01-05 02:40:56,    193
2014-01-05 02:40:58,    183
2014-01-05 02:41:00,    155
2014-01-05 02:41:02,    152
2014-01-05 02:41:04,    143
2014-01-05 02:41:06,    132
2014-01-05 02:41:08,     98
2014-01-05 02:41:10,     97
2014-01-05 02:41:12,     85
2014-01-05 02:41:14,     74
2014-01-05 02:41:16,     35
2014-01-05 02:41:18,     32
2014-01-05 02:41:20,     24
2014-01-05 02:41:22,     12
2014-01-05 02:41:24,    -26
2014-01-05 02:41:26,    -32
2014-01-05 02:41:28,    -39
2014-01-05 02:41:30,    -52
2014-01-05 02:41:32,    -88
2014-01-05 02:41:34,    -91
2014-01-05 02:41:36,   -100
2014-01-05 02:41:38,   -112
2014-01-05 02:41:40,   -143
2014-01-05 02:41:42,   -145
2014-01-05 02:41:44,   -155
2014-01-05 02:41:46,   -164
2014-01-05 02:41:48,   -190
2014-01-05 02:41:50,   -192
2014-01-05 02:41:52,   -198
2014-01-05 02:41:54,   -205
2014-01-05 02:41:56,   -225
2014-01-05 02:41:58,   -227
2014-01-05 02:42:00,   -230
2014-01-05 02:42:02,   -236
2014-01-05 02:42:04,   -246
2014-01-05 02:42:06,   -248
2014-01-05 02:42:08,   -249
2014-01-05 02:42:10,   -251
2014-01-05 02:42:12,   -255
2014-01-05 02:42:14,   -254
2014-01-05 02:42:16,   -254
2014-01-05 02:42:18,   -253
2014-01-05 02:42:20,   -247
2014-01-05 02:42:22,   -246
2014-01-05 02:42:24,   -243
2014-01-05 02:42:26,   -240
2014-01-05 02:42:28,   -226
2014-01-05 02:42:30,   -225
2014-01-05 02:42:32,   -221
2014-01-05 02:42:34,   -214
2014-01-05 02:42:36,   -193
2014-01-05 02:42:38,   -190
2014-01-05 02:42:40,   -184
2014-01-05 02:42:42,   -174
2014-01-05 02:42:44,   -148
2014-01-05 02:42:46,   -146
2014-01-05 02:42:48,   -136
2014-01-05 02:42:50,   -127
2014-01-05 02:42:52,    -94
2014-01-05 02:42:54,    -92
2014-01-05 02:42:56,    -83
2014-01-05 02:42:58,    -73
2014-01-05 02:43:00,    -37
2014-01-05 02:43:02,    -33
2014-01-05 02:43:04,    -26
2014-01-05 02:43:06,    -12
2014-01-05 02:43:08,     22
2014-01-05 02:43:10,     24
2014-01-05 02:43:12,     36
2014-01-05 02:43:14,     48
2014-01-05 02:43:16,     82
2014-01-05 02:43:18,     84
2014-01-05 02:43:20,     96
2014-01-05 02:43:22,    105
2014-01-05 02:43:24,    130
2014-01-05 02:43:26,    132
2014-01-05 02:43:28,    142
2014-01-05 02:43:30,    154
2014-01-05 02:43:32,    189
2014-01-05 02:43:34,    191
2014-01-05 02:43:36,    196
2014-01-05 02:43:38,    202
2014-01-05 02:43:40,    218
2014-01-05 02:43:42,    221
2014-01-05 02:43:44,    227
2014-01-05 02:43:46,    234
2014-01-05 02:43:48,    248
2014-01-05 02:43:50,    248
2014-01-05 02:43:52,    250
2014-01-05 02:43:54,    253
2014-01-05 02:43:56,    257
2014-01-05 02:43:58,    258
2014-01-05 02:44:00,    259
2014-01-05 02:44:02,    259
2014-01-05 02:44:04,    254
2014-01-05 02:44:06,    253
2014-01-05 02:44:08,    251
2014-01-05 02:44:10,    248
2014-01-05 02:44:12,    237
2014-01-05 02:44:14,    235
2014-01-05 02:44:16,    231
2014-01-05 02:44:18,    224
2014-01-05 02:44:20,    204
2014-01-05 02:44:22,    203
2014-01-05 02:44:24,    194
2014-01-05 02:44:26,    187
2014-01-05 02:44:28,    159
2014-01-05 02:44:30,    157
2014-01-05 02:44:32,    150
2014-01-05 02:44:34,    141
2014-01-05 02:44:36,    108
2014-01-05 02:44:38,    104
2014-01-05 02:44:40,     97
2014-01-05 02:44:42,     84
2014-01-05 02:44:44,     49
2014-01-05 02:44:46,     45
2014-01-05 02:44:48,     33
2014-01-05 02:44:50,     20
2014-01-05 02:44:52,    -15
2014-01-05 02:44:54,    -17
2014-01-05 02:44:56,    -30
2014-01-05 02:44:58,    -41
2014-01-05 02:45:00,    -77
2014-01-05 02:45:02,    -80
2014-01-05 02:45:03,    -90
2014-01-05 02:45:05,   -101
2014-01-05 02:45:07,   -131
2014-01-05 02:45:09,   -133
2014-01-05 02:45:11,   -139
2014-01-05 02:45:13,   -147
2014-01-05 02:45:15,   -180
2014-01-05 02:45:17,   -184
2014-01-05 02:45:19,   -196
2014-01-05 02:45:21,   -206
2014-01-05 02:45:23,   -222
2014-01-05 02:45:25,   -222
2014-01-05 02:45:27,   -225
2014-01-05 02:45:29,   -228
2014-01-05 02:45:31,   -242
2014-01-05 02:45:33,   -244
2014-01-05 02:45:35,   -251
2014-01-05 02:45:37,   -258
2014-01-05 02:45:39,   -261
2014-01-05 02:45:41,   -260
2014-01-05 02:45:43,   -258
2014-01-05 02:45:45,   -254
2014-01-05 02:45:47,   -248
2014-01-05 02:45:49,   -248
2014-01-05 02:45:51,   -247
2014-01-05 02:45:53,   -243
2014-01-05 02:45:55,   -225
2014-01-05 02:45:57,   -224
2014-01-05 02:45:59,   -217
2014-01-05 02:46:01,   -211
2014-01-05 02:46:03,   -188
2014-01-05 02:46:05,   -186
2014-01-05 02:46:07,   -180
2014-01-05 02:46:09,   -172
2014-01-05 02:46:11,   -138
2014-01-05 02:46:13,   -135
2014-01-05 02:46:15,   -127
2014-01-05 02:46:17,   -114
2014-01-05 02:46:19,    -81
2014-01-05 02:46:21,    -78
2014-01-05 02:46:23,    -67
2014-01-05 02:46:25,    -52
2014-01-05 02:46:27,    -15
2014-01-05 02:46:29,    -13
2014-01-05 02:46:31,      0
2014-01-05 02:46:33,     12
2014-01-05 02:46:35,     49
2014-01-05 02:46:37,     52
2014-01-05 02:46:39,     63
2014-01-05 02:46:41,     74
2014-01-05 02:46:43,    111
2014-01-05 02:46:45,    114
2014-01-05 02:46:47,    121
2014-01-05 02:46:49,    133
2014-01-05 02:46:51,    164
2014-01-05 02:46:53,    166
2014-01-05 02:46:55,    173
2014-01-05 02:46:57,    180
2014-01-05 02:46:59,    205
2014-01-05 02:47:01,    206
2014-01-05 02:47:03,    216
2014-01-05 02:47:05,    225
2014-01-05 02:47:07,    241
2014-01-05 02:47:09,    242
2014-01-05 02:47:11,    243
2014-01-05 02:47:13,    245
2014-01-05 02:47:15,    248
2014-01-05 02:47:17,    249
2014-01-05 02:47:19,    249
2014-01-05 02:47:21,    251
2014-01-05 02:47:23,    258
2014-01-05 02:47:25,    258
2014-01-05 02:47:27,    256
2014-01-05 02:47:29,    251
2014-01-05 02:47:31,    236
2014-01-05 02:47:33,    236
2014-01-05 02:47:35,    231
2014-01-05 02:47:37,    227
2014-01-05 02:47:39,    209
2014-01-05 02:47:41,    206
2014-01-05 02:47:43,    201
2014-01-05 02:47:45,    193
2014-01-05 02:47:47,    165
2014-01-05 02:47:49,    162
2014-01-05 02:47:51,    156
2014-01-05 02:47:53,    146
2014-01-05 02:47:55,    115
2014-01-05 02:47:57,    112
2014-01-05 02:47:59,    101
2014-01-05 02:48:01,     88
2014-01-05 02:48:03,     53
2014-01-05 02:48:05,     52
2014-01-05 02:48:07,     40
2014-01-05 02:48:09,     28
2014-01-05 02:48:11,     -8
2014-01-05 02:48:13,    -11
2014-01-05 02:48:15,    -21
2014-01-05 02:48:17,    -32
2014-01-05 02:48:19,    -69
2014-01-05 02:48:21,    -71
2014-01-05 02:48:23,    -79
2014-01-05 02:48:25,    -92
2014-01-05 02:48:27,   -124
2014-01-05 02:48:29,   -127
2014-01-05 02:48:31,   -136
2014-01-05 02:48:33,   -147
2014-01-05 02:48:35,   -174
2014-01-05 02:48:37,   -176
2014-01-05 02:48:39,   -184
2014-01-05 02:48:41,   -192
2014-01-05 02:48:43,   -212
2014-01-05 02:48:45,   -214
2014-01-05 02:48:47,   -219
2014-01-05 02:48:49,   -225
2014-01-05 02:48:51,   -238
2014-01-05 02:48:53,   -240
2014-01-05 02:48:55,   -243
2014-01-05 02:48:57,   -245
2014-01-05 02:48:59,   -252
2014-01-05 02:49:01,   -252
2014-01-05 02:49:03,   -252
2014-01-05 02:49:05,   -253
2014-01-05 02:49:07,   -250
2014-01-05 02:49:09,   -249
2014-01-05 02:49:11,   -247
2014-01-05 02:49:13,   -245
2014-01-05 02:49:15,   -233
2014-01-05 02:49:17,   -233
2014-01-05 02:49:19,   -229
2014-01-05 02:49:21,   -224
2014-01-05 02:49:23,   -205
2014-01-05 02:49:25,   -203
2014-01-05 02:49:27,   -197
2014-01-05 02:49:29,   -188
2014-01-05 02:49:31,   -164
2014-01-05 02:49:33,   -162
2014-01-05 02:49:35,   -152
2014-01-05 02:49:37,   -141
2014-01-05 02:49:39,   -112
2014-01-05 02:49:41,   -110
2014-01-05 02:49:43,    -98
2014-01-05 02:49:45,    -88
2014-01-05 02:49:47,    -52
2014-01-05 02:49:49,    -51
2014-01-05 02:49:51,    -41
2014-01-05 02:49:53,    -31
2014-01-05 02:49:55,      7
2014-01-05 02:49:57,     10
2014-01-05 02:49:59,     17
2014-01-05 02:50:01,     31
2014-01-05 02:50:03,     66
2014-01-05 02:50:05,     68
2014-01-05 02:50:07,     79
2014-01-05 02:50:09,     91
2014-01-05 02:50:11,    117
2014-01-05 02:50:13,    118
2014-01-05 02:50:15,    127
2014-01-05 02:50:17,    138
2014-01-05 02:50:19,    177
2014-01-05 02:50:21,    180
2014-01-05 02:50:23,    188
2014-01-05 02:50:25,    193
2014-01-05 02:50:27,    211
2014-01-05 02:50:29,    213
2014-01-05 02:50:31,    218
2014-01-05 02:50:33,    226
2014-01-05 02:50:35,    242
2014-01-05 02:50:37,    244
2014-01-05 02:50:39,    246
2014-01-05 02:50:41,    248
2014-01-05 02:50:43,    254
2014-01-05 02:50:45,    255
2014-01-05 02:50:47,    255
2014-01-05 02:50:49,    256
2014-01-05 02:50:51,    254
2014-01-05 02:50:53,    254
2014-01-05 02:50:55,    251
2014-01-05 02:50:57,    248
2014-01-05 02:50:59,    237
2014-01-05 02:51:01,    236
2014-01-05 02:51:03,    233
2014-01-05 02:51:05,    227
2014-01-05 02:51:07,    208
2014-01-05 02:51:09,    207
2014-01-05 02:51:11,    199
2014-01-05 02:51:13,    190
2014-01-05 02:51:15,    165
2014-01-05 02:51:17,    164
2014-01-05 02:51:19,    153
2014-01-05 02:51:21,    144
2014-01-05 02:51:23,    111
2014-01-05 02:51:25,    109
2014-01-05 02:51:27,     99
2014-01-05 02:51:29,     90
2014-01-05 02:51:31,     53
2014-01-05 02:51:33,     49
2014-01-05 02:51:35,     41
2014-01-05 02:51:37,     27
2014-01-05 02:51:39,     -8
2014-01-05 02:51:41,    -11
2014-01-05 02:51:43,    -23
2014-01-05 02:51:45,    -37
2014-01-05 02:51:47,    -72
2014-01-05 02:51:49,    -74
2014-01-05 02:51:51,    -85
2014-01-05 02:51:53,    -97
2014-01-05 02:51:55,   -128
2014-01-05 02:51:57,   -129
2014-01-05 02:51:59,   -137
2014-01-05 02:52:01,   -142
2014-01-05 02:52:03,   -175
2014-01-05 02:52:05,   -179
2014-01-05 02:52:07,   -189
2014-01-05 02:52:09,   -201
2014-01-05 02:52:11,   -218
2014-01-05 02:52:13,   -219
2014-01-05 02:52:15,   -222
2014-01-05 02:52:17,   -226
2014-01-05 02:52:19,   -237
2014-01-05 02:52:21,   -239
2014-01-05 02:52:23,   -246
2014-01-05 02:52:25,   -253
2014-01-05 02:52:27,   -259
2014-01-05 02:52:29,   -259
2014-01-05 02:52:31,   -256
2014-01-05 02:52:33,   -253
2014-01-05 02:52:35,   -247
2014-01-05 02:52:37,   -246
2014-01-05 02:52:39,   -246
2014-01-05 02:52:41,   -243
2014-01-05 02:52:43,   -227
2014-01-05 02:52:45,   -226
2014-01-05 02:52:47,   -219
2014-01-05 02:52:49,   -210
2014-01-05 02:52:51,   -190
2014-01-05 02:52:53,   -188
2014-01-05 02:52:55,   -180
2014-01-05 02:52:57,   -172
2014-01-05 02:52:59,   -140
2014-01-05 02:53:01,   -139
2014-01-05 02:53:03,   -129
2014-01-05 02:53:05,   -120
2014-01-05 02:53:07,    -85
2014-01-05 02:53:09,    -81
2014-01-05 02:53:11,    -74
2014-01-05 02:53:13,    -60
2014-01-05 02:53:15,    -23
2014-01-05 02:53:17,    -20
2014-01-05 02:53:19,     -8
2014-01-05 02:53:21,      5
2014-01-05 02:53:23,     40
2014-01-05 02:53:25,     42
2014-01-05 02:53:27,     55
2014-01-05 02:53:29,     67
2014-01-05 02:53:31,    102
2014-01-05 02:53:33,    104
2014-01-05 02:53:35,    114
2014-01-05 02:53:37,    124
2014-01-05 02:53:39,    155
2014-01-05 02:53:41,    158
2014-01-05 02:53:43,    165
2014-01-05 02:53:45,    173
2014-01-05 02:53:47,    194
2014-01-05 02:53:49,    196
2014-01-05 02:53:51,    206
2014-01-05 02:53:53,    216
2014-01-05 02:53:55,    235
2014-01-05 02:53:57,    237
2014-01-05 02:53:59,    239
2014-01-05 02:54:01,    241
2014-01-05 02:54:03,    247
2014-01-05 02:54:05,    247
2014-01-05 02:54:07,    247
2014-01-05 02:54:09,    247
2014-01-05 02:54:11,    255
2014-01-05 02:54:13,    255
2014-01-05 02:54:15,    256
2014-01-05 02:54:17,    254
2014-01-05 02:54:19,    240
2014-01-05 02:54:21,    239
2014-01-05 02:54:23,    235
2014-01-05 02:54:25,    230
2014-01-05 02:54:27,    217
2014-01-05 02:54:29,    216
2014-01-05 02:54:31,    208
2014-01-05 02:54:33,    201
2014-01-05 02:54:35,    174
2014-01-05 02:54:37,    172
2014-01-05 02:54:39,    165
2014-01-05 02:54:41,    157
2014-01-05 02:54:43,    127
2014-01-05 02:54:45,    123
2014-01-05 02:54:47,    117
2014-01-05 02:54:49,    104
2014-01-05 02:54:51,     71
2014-01-05 02:54:53,     68
2014-01-05 02:54:55,     56
2014-01-05 02:54:57,     44
2014-01-05 02:54:59,      8
2014-01-05 02:55:01,      7
2014-01-05 02:55:03,     -4
2014-01-05 02:55:05,    -15
2014-01-05 02:55:07,    -52
2014-01-05 02:55:09,    -54
2014-01-05 02:55:11,    -64
2014-01-05 02:55:13,    -75
2014-01-05 02:55:15,   -109
2014-01-05 02:55:17,   -112
2014-01-05 02:55:19,   -120
2014-01-05 02:55:21,   -131
2014-01-05 02:55:23,   -159
2014-01-05 02:55:25,   -162
2014-01-05 02:55:27,   -170