2014-01-05 02:00:01,     0
2014-01-05 02:00:03,    -1
2014-01-05 02:00:05,    -1
2014-01-05 02:00:07,    -1
2014-01-05 02:00:09,    -1
2014-01-05 02:00:11,    -1
2014-01-05 02:00:13,    -1
2014-01-05 02:00:15,    -2
2014-01-05 02:00:17,    -1
2014-01-05 02:00:19,    -1
2014-01-05 02:00:21,    -2
2014-01-05 02:00:23,    -1
2014-01-05 02:00:25,    -2
2014-01-05 02:00:27,    -2
2014-01-05 02:00:29,    -1
2014-01-05 02:00:31,    -1
2014-01-05 02:00:33,    -2
2014-01-05 02:00:35,    -2
2014-01-05 02:00:37,    -1
2014-01-05 02:00:39,    -2
2014-01-05 02:00:41,    -2
2014-01-05 02:00:43,    -2
2014-01-05 02:00:45,    -1
2014-01-05 02:00:47,    -1
2014-01-05 02:00:49,    -1
2014-01-05 02:00:51,    -2
2014-01-05 02:00:53,    -1
2014-01-05 02:00:55,    -1
2014-01-05 02:00:57,    -1
2014-01-05 02:00:59,     0
2014-01-05 02:01:01,    -1
2014-01-05 02:01:03,     0
2014-01-05 02:01:05,    -1
2014-01-05 02:01:07,     0
2014-01-05 02:01:09,     0
2014-01-05 02:01:11,     0
2014-01-05 02:01:13,     0
2014-01-05 02:01:15,     0
2014-01-05 02:01:17,     0
2014-01-05 02:01:19,     1
2014-01-05 02:01:21,     1
2014-01-05 02:01:23,     0
2014-01-05 02:01:25,     1
2014-01-05 02:01:27,     1
2014-01-05 02:01:29,     1
2014-01-05 02:01:31,     1
2014-01-05 02:01:33,     1
2014-01-05 02:01:35,     1
2014-01-05 02:01:37,     2
2014-01-05 02:01:39,     2
2014-01-05 02:01:41,     2
2014-01-05 02:01:43,     2
2014-01-05 02:01:45,     3
2014-01-05 02:01:47,     2
2014-01-05 02:01:49,     3
2014-01-05 02:01:51,     2
2014-01-05 02:01:53,     3
2014-01-05 02:01:55,     3
2014-01-05 02:01:57,     4
2014-01-05 02:01:59,     4
2014-01-05 02:02:01,     4
2014-01-05 02:02:03,     4
2014-01-05 02:02:05,     3
2014-01-05 02:02:07,     4
2014-01-05 02:02:09,     4
2014-01-05 02:02:11,     3
2014-01-05 02:02:13,     4
2014-01-05 02:02:15,     4
2014-01-05 02:02:17,     4
2014-01-05 02:02:19,     4
2014-01-05 02:02:21,     4
2014-01-05 02:02:23,     4
2014-01-05 02:02:25,     3
2014-01-05 02:02:27,     3
2014-01-05 02:02:29,     3
2014-01-05 02:02:31,     4
2014-01-05 02:02:33,     3
2014-01-05 02:02:35,     3
2014-01-05 02:02:37,     2
2014-01-05 02:02:39,     3
2014-01-05 02:02:41,     2
2014-01-05 02:02:43,     3
2014-01-05 02:02:45,     2
2014-01-05 02:02:47,     2
2014-01-05 02:02:49,     2
2014-01-05 02:02:51,     1
2014-01-05 02:02:53,     1
2014-01-05 02:02:55,     1
2014-01-05 02:02:57,     0
2014-01-05 02:02:59,     1
2014-01-05 02:03:01,     0
2014-01-05 02:03:03,     0
2014-01-05 02:03:05,     0
2014-01-05 02:03:07,     0
2014-01-05 02:03:09,     0
2014-01-05 02:03:11,     0
2014-01-05 02:03:13,     0
2014-01-05 02:03:15,     0
2014-01-05 02:03:17,     0
2014-01-05 02:03:19,     0
2014-01-05 02:03:21,     0
2014-01-05 02:03:23,     0
2014-01-05 02:03:25,    -1
2014-01-05 02:03:27,     0
2014-01-05 02:03:29,    -1
2014-01-05 02:03:31,    -1
2014-01-05 02:03:33,    -1
2014-01-05 02:03:35,    -1
2014-01-05 02:03:37,    -1
2014-01-05 02:03:39,    -2
2014-01-05 02:03:41,    -1
2014-01-05 02:03:43,    -2
2014-01-05 02:03:45,    -2
2014-01-05 02:03:47,    -2
2014-01-05 02:03:49,    -2
2014-01-05 02:03:51,    -2
2014-01-05 02:03:53,    -2
2014-01-05 02:03:55,    -1
2014-01-05 02:03:57,    -2
2014-01-05 02:03:59,    -2
2014-01-05 02:04:01,    -2
2014-01-05 02:04:03,    -2
2014-01-05 02:04:05,    -2
2014-01-05 02:04:07,    -1
2014-01-05 02:04:09,    -2
2014-01-05 02:04:11,    -2
2014-01-05 02:04:13,    -1
2014-01-05 02:04:15,    -1
2014-01-05 02:04:17,    -1
2014-01-05 02:04:19,    -1
2014-01-05 02:04:21,     0
2014-01-05 02:04:23,     0
2014-01-05 02:04:25,    -1
2014-01-05 02:04:27,     0
2014-01-05 02:04:29,     0
2014-01-05 02:04:31,     0
2014-01-05 02:04:33,     0
2014-01-05 02:04:35,     0
2014-01-05 02:04:37,     0
2014-01-05 02:04:39,     1
2014-01-05 02:04:41,     0
2014-01-05 02:04:43,     1
2014-01-05 02:04:45,     1
2014-01-05 02:04:47,     0
2014-01-05 02:04:49,     1
2014-01-05 02:04:51,     0
2014-01-05 02:04:53,     1
2014-01-05 02:04:55,     1
2014-01-05 02:04:57,     1
2014-01-05 02:04:59,     1
2014-01-05 02:05:01,     1
2014-01-05 02:05:03,     2
2014-01-05 02:05:05,     2
2014-01-05 02:05:07,     2
2014-01-05 02:05:09,     2
2014-01-05 02:05:11,     3
2014-01-05 02:05:13,     3
2014-01-05 02:05:15,     3
2014-01-05 02:05:17,     3
2014-01-05 02:05:19,     3
2014-01-05 02:05:21,     3
2014-01-05 02:05:23,     4
2014-01-05 02:05:25,     4
2014-01-05 02:05:27,     3
2014-01-05 02:05:29,     3
2014-01-05 02:05:31,     4
2014-01-05 02:05:33,     3
2014-01-05 02:05:35,     4
2014-01-05 02:05:37,     4
2014-01-05 02:05:39,     4
2014-01-05 02:05:41,     4
2014-01-05 02:05:43,     4
2014-01-05 02:05:45,     4
2014-01-05 02:05:47,     3
2014-01-05 02:05:49,     3
2014-01-05 02:05:51,     3
2014-01-05 02:05:53,     4
2014-01-05 02:05:55,     3
2014-01-05 02:05:57,     4
2014-01-05 02:05:59,     3
2014-01-05 02:06:01,     3
2014-01-05 02:06:03,     3
2014-01-05 02:06:05,     3
2014-01-05 02:06:07,     2
2014-01-05 02:06:09,     2
2014-01-05 02:06:11,     3
2014-01-05 02:06:13,     2
2014-01-05 02:06:15,     1
2014-01-05 02:06:17,     1
2014-01-05 02:06:19,     1
2014-01-05 02:06:21,     1
2014-01-05 02:06:23,     1
2014-01-05 02:06:25,     1
2014-01-05 02:06:27,     0
2014-01-05 02:06:29,     0
2014-01-05 02:06:31,     1
2014-01-05 02:06:33,     0
2014-01-05 02:06:35,     0
2014-01-05 02:06:37,     0
2014-01-05 02:06:39,     0
2014-01-05 02:06:41,     0
2014-01-05 02:06:43,     0
2014-01-05 02:06:45,     0
2014-01-05 02:06:47,     0
2014-01-05 02:06:49,     0
2014-01-05 02:06:51,     0
2014-01-05 02:06:53,    -1
2014-01-05 02:06:55,    -1
2014-01-05 02:06:57,    -1
2014-01-05 02:06:59,    -1
2014-01-05 02:07:01,    -1
2014-01-05 02:07:03,    -1
2014-01-05 02:07:05,    -2
2014-01-05 02:07:07,    -2
2014-01-05 02:07:09,    -2
2014-01-05 02:07:11,    -2
2014-01-05 02:07:13,    -1
2014-01-05 02:07:15,    -2
2014-01-05 02:07:17,    -2
2014-01-05 02:07:19,    -2
2014-01-05 02:07:21,    -2
2014-01-05 02:07:23,    -1
2014-01-05 02:07:25,    -2
2014-01-05 02:07:27,    -2
2014-01-05 02:07:29,    -1
2014-01-05 02:07:31,    -2
2014-01-05 02:07:33,    -2
2014-01-05 02:07:35,    -2
2014-01-05 02:07:37,    -1
2014-01-05 02:07:39,    -2
2014-01-05 02:07:41,    -2
2014-01-05 02:07:43,    -1
2014-01-05 02:07:45,    -1
2014-01-05 02:07:47,    -1
2014-01-05 02:07:49,    -1
2014-01-05 02:07:51,     0
2014-01-05 02:07:53,    -1
2014-01-05 02:07:55,     0
2014-01-05 02:07:57,     0
2014-01-05 02:07:59,     0
2014-01-05 02:08:01,     0
2014-01-05 02:08:03,     0
2014-01-05 02:08:05,     0
2014-01-05 02:08:07,     0
2014-01-05 02:08:09,     0
2014-01-05 02:08:11,     0
2014-01-05 02:08:13,     0
2014-01-05 02:08:15,     1
2014-01-05 02:08:17,     1
2014-01-05 02:08:19,     1
2014-01-05 02:08:21,     2
2014-01-05 02:08:23,     1
2014-01-05 02:08:25,     2
2014-01-05 02:08:27,     2
2014-01-05 02:08:29,     1
2014-01-05 02:08:31,     2
2014-01-05 02:08:33,     2
2014-01-05 02:08:35,     2
2014-01-05 02:08:37,     2
2014-01-05 02:08:39,     2
2014-01-05 02:08:41,     3
2014-01-05 02:08:43,     4
2014-01-05 02:08:45,     3
2014-01-05 02:08:47,     3
2014-01-05 02:08:49,     3
2014-01-05 02:08:51,     4
2014-01-05 02:08:53,     4
2014-01-05 02:08:55,     4
2014-01-05 02:08:57,     4
2014-01-05 02:08:59,     4
2014-01-05 02:09:01,     4
2014-01-05 02:09:03,     4
2014-01-05 02:09:05,     4
2014-01-05 02:09:07,     4
2014-01-05 02:09:09,     4
2014-01-05 02:09:11,     4
2014-01-05 02:09:13,     3
2014-01-05 02:09:15,     4
2014-01-05 02:09:17,     3
2014-01-05 02:09:19,     3
2014-01-05 02:09:21,     3
2014-01-05 02:09:23,     3
2014-01-05 02:09:25,     4
2014-01-05 02:09:27,     3
2014-01-05 02:09:29,     2
2014-01-05 02:09:31,     3
2014-01-05 02:09:33,     2
2014-01-05 02:09:35,     2
2014-01-05 02:09:37,     2
2014-01-05 02:09:39,     2
2014-01-05 02:09:41,     1
2014-01-05 02:09:43,     2
2014-01-05 02:09:45,     1
2014-01-05 02:09:47,     1
2014-01-05 02:09:49,     0
2014-01-05 02:09:51,     1
2014-01-05 02:09:53,     0
2014-01-05 02:09:55,     0
2014-01-05 02:09:57,     0
2014-01-05 02:09:59,     0
2014-01-05 02:10:01,     0
2014-01-05 02:10:03,     0
2014-01-05 02:10:05,     0
2014-01-05 02:10:07,     0
2014-01-05 02:10:09,     0
2014-01-05 02:10:11,     0
2014-01-05 02:10:13,     0
2014-01-05 02:10:15,     0
2014-01-05 02:10:17,    -1
2014-01-05 02:10:19,    -1
2014-01-05 02:10:21,    -1
2014-01-05 02:10:23,    -1
2014-01-05 02:10:25,    -1
2014-01-05 02:10:27,    -1
2014-01-05 02:10:29,    -1
2014-01-05 02:10:31,    -2
2014-01-05 02:10:33,    -2
2014-01-05 02:10:35,    -1
2014-01-05 02:10:37,    -1
2014-01-05 02:10:39,    -2
2014-01-05 02:10:41,    -2
2014-01-05 02:10:43,    -2
2014-01-05 02:10:45,    -2
2014-01-05 02:10:47,    -2
2014-01-05 02:10:49,    -1
2014-01-05 02:10:51,    -2
2014-01-05 02:10:53,    -2
2014-01-05 02:10:55,    -2
2014-01-05 02:10:57,    -1
2014-01-05 02:10:59,    -2
2014-01-05 02:11:01,    -1
2014-01-05 02:11:03,    -2
2014-01-05 02:11:05,    -2
2014-01-05 02:11:07,    -1
2014-01-05 02:11:09,    -1
2014-01-05 02:11:11,    -1
2014-01-05 02:11:13,    -1
2014-01-05 02:11:15,    -1
2014-01-05 02:11:17,     0
2014-01-05 02:11:19,     0
2014-01-05 02:11:21,     0
2014-01-05 02:11:23,     0
2014-01-05 02:11:25,     0
2014-01-05 02:11:27,     0
2014-01-05 02:11:29,     0
2014-01-05 02:11:31,     0
2014-01-05 02:11:33,     1
2014-01-05 02:11:35,     0
2014-01-05 02:11:37,     0
2014-01-05 02:11:39,     1
2014-01-05 02:11:41,     1
2014-01-05 02:11:43,     1
2014-01-05 02:11:45,     1
2014-01-05 02:11:47,     2
2014-01-05 02:11:49,     2
2014-01-05 02:11:51,     2
2014-01-05 02:11:53,     2
2014-01-05 02:11:55,     2
2014-01-05 02:11:57,     3
2014-01-05 02:11:59,     3
2014-01-05 02:12:01,     2
2014-01-05 02:12:03,     3
2014-01-05 02:12:05,     3
2014-01-05 02:12:07,     3
2014-01-05 02:12:09,     3
2014-01-05 02:12:11,     3
2014-01-05 02:12:13,     3
2014-01-05 02:12:15,     3
2014-01-05 02:12:17,     3
2014-01-05 02:12:19,     3
2014-01-05 02:12:21,     4
2014-01-05 02:12:23,     3
2014-01-05 02:12:25,     3
2014-01-05 02:12:27,     3
2014-01-05 02:12:29,     3
2014-01-05 02:12:31,     3
2014-01-05 02:12:33,     3
2014-01-05 02:12:35,     3
2014-01-05 02:12:37,     4
2014-01-05 02:12:39,     4
2014-01-05 02:12:41,     4
2014-01-05 02:12:43,     3
2014-01-05 02:12:45,     3
2014-01-05 02:12:47,     3
2014-01-05 02:12:49,     4
2014-01-05 02:12:51,     3
2014-01-05 02:12:53,     2
2014-01-05 02:12:55,     3
2014-01-05 02:12:57,     3
2014-01-05 02:12:59,     2
2014-01-05 02:13:01,     2
2014-01-05 02:13:03,     2
2014-01-05 02:13:05,     2
2014-01-05 02:13:07,     2
2014-01-05 02:13:09,     1
2014-01-05 02:13:11,     1
2014-01-05 02:13:13,     0
2014-01-05 02:13:15,     0
2014-01-05 02:13:17,     0
2014-01-05 02:13:19,     0
2014-01-05 02:13:21,     0
2014-01-05 02:13:23,     0
2014-01-05 02:13:25,     0
2014-01-05 02:13:27,     0
2014-01-05 02:13:29,     0
2014-01-05 02:13:31,     0
2014-01-05 02:13:33,     0
2014-01-05 02:13:35,     0
2014-01-05 02:13:37,     0
2014-01-05 02:13:39,     0
2014-01-05 02:13:41,     0
2014-01-05 02:13:43,    -1
2014-01-05 02:13:45,    -1
2014-01-05 02:13:47,    -2
2014-01-05 02:13:49,    -1
2014-01-05 02:13:51,    -1
2014-01-05 02:13:53,    -1
2014-01-05 02:13:55,    -1
2014-01-05 02:13:57,    -2
2014-01-05 02:13:59,    -2
2014-01-05 02:14:01,    -2
2014-01-05 02:14:03,    -2
2014-01-05 02:14:05,    -2
2014-01-05 02:14:07,    -2
2014-01-05 02:14:09,    -2
2014-01-05 02:14:11,    -2
2014-01-05 02:14:13,    -2
2014-01-05 02:14:15,    -2
2014-01-05 02:14:17,    -2
2014-01-05 02:14:19,    -2
2014-01-05 02:14:21,    -2
2014-01-05 02:14:23,    -2
2014-01-05 02:14:25,    -1
2014-01-05 02:14:27,    -2
2014-01-05 02:14:29,    -2
2014-01-05 02:14:31,    -1
2014-01-05 02:14:33,    -1
2014-01-05 02:14:35,    -1
2014-01-05 02:14:37,    -1
2014-01-05 02:14:39,    -1
2014-01-05 02:14:41,     0
2014-01-05 02:14:43,    -1
2014-01-05 02:14:45,     0
2014-01-05 02:14:47,     0
2014-01-05 02:14:49,     0
2014-01-05 02:14:51,     0
2014-01-05 02:14:53,     0
2014-01-05 02:14:55,     0
2014-01-05 02:14:57,     0
2014-01-05 02:14:59,     0
2014-01-05 02:15:01,     1
2014-01-05 02:15:03,     1
2014-01-05 02:15:05,     0
2014-01-05 02:15:07,     1
2014-01-05 02:15:09,     2
2014-01-05 02:15:11,     1
2014-01-05 02:15:13,     1
2014-01-05 02:15:15,     2
2014-01-05 02:15:17,     1
2014-01-05 02:15:19,     2
2014-01-05 02:15:21,     2
2014-01-05 02:15:23,     2
2014-01-05 02:15:25,     3
2014-01-05 02:15:27,     3
2014-01-05 02:15:29,     4
2014-01-05 02:15:31,     3
2014-01-05 02:15:33,     3
2014-01-05 02:15:35,     4
2014-01-05 02:15:37,     4
2014-01-05 02:15:39,     3
2014-01-05 02:15:41,     4
2014-01-05 02:15:43,     4
2014-01-05 02:15:45,     3
2014-01-05 02:15:47,     4
2014-01-05 02:15:49,     3
2014-01-05 02:15:51,     4
2014-01-05 02:15:53,     4
2014-01-05 02:15:55,     4
2014-01-05 02:15:57,     4
2014-01-05 02:15:59,     3
2014-01-05 02:16:01,     3
2014-01-05 02:16:03,     3
2014-01-05 02:16:05,     3
2014-01-05 02:16:07,     3
2014-01-05 02:16:09,     3
2014-01-05 02:16:11,     3
2014-01-05 02:16:13,     2
2014-01-05 02:16:15,     3
2014-01-05 02:16:17,     3
2014-01-05 02:16:19,     3
2014-01-05 02:16:21,     2
2014-01-05 02:16:23,     2
2014-01-05 02:16:25,     2
2014-01-05 02:16:27,     2
2014-01-05 02:16:29,     1
2014-01-05 02:16:31,     1
2014-01-05 02:16:33,     1
2014-01-05 02:16:35,     1
2014-01-05 02:16:37,     0
2014-01-05 02:16:39,     0
2014-01-05 02:16:41,     1
2014-01-05 02:16:43,     0
2014-01-05 02:16:45,     0
2014-01-05 02:16:47,     0
2014-01-05 02:16:49,     0
2014-01-05 02:16:51,     0
2014-01-05 02:16:53,     0
2014-01-05 02:16:55,     0
2014-01-05 02:16:57,     0
2014-01-05 02:16:59,     0
2014-01-05 02:17:01,    -1
2014-01-05 02:17:03,     0
2014-01-05 02:17:05,     0
2014-01-05 02:17:07,    -1
2014-01-05 02:17:09,    -1
2014-01-05 02:17:11,    -1
2014-01-05 02:17:13,    -1
2014-01-05 02:17:15,    -1
2014-01-05 02:17:17,    -2
2014-01-05 02:17:19,    -1
2014-01-05 02:17:21,    -2
2014-01-05 02:17:23,    -2
2014-01-05 02:17:25,    -2
2014-01-05 02:17:27,    -3
2014-01-05 02:17:29,    -2
2014-01-05 02:17:31,    -2
2014-01-05 02:17:33,    -2
2014-01-05 02:17:35,    -2
2014-01-05 02:17:37,    -2
2014-01-05 02:17:39,    -2
2014-01-05 02:17:41,    -2
2014-01-05 02:17:43,    -2
2014-01-05 02:17:45,    -1
2014-01-05 02:17:47,    -2
2014-01-05 02:17:49,    -2
2014-01-05 02:17:51,    -1
2014-01-05 02:17:53,    -2
2014-01-05 02:17:55,    -1
2014-01-05 02:17:57,    -1
2014-01-05 02:17:59,    -1
2014-01-05 02:18:01,    -1
2014-01-05 02:18:03,    -1
2014-01-05 02:18:05,     0
2014-01-05 02:18:07,    -1
2014-01-05 02:18:09,     0
2014-01-05 02:18:11,     0
2014-01-05 02:18:13,     0
2014-01-05 02:18:15,     0
2014-01-05 02:18:17,     0
2014-01-05 02:18:19,     0
2014-01-05 02:18:21,     0
2014-01-05 02:18:23,     1
2014-01-05 02:18:25,     0
2014-01-05 02:18:27,     0
2014-01-05 02:18:29,     1
2014-01-05 02:18:31,     1
2014-01-05 02:18:33,     1
2014-01-05 02:18:35,     1
2014-01-05 02:18:37,     1
2014-01-05 02:18:39,     2
2014-01-05 02:18:41,     2
2014-01-05 02:18:43,     2
2014-01-05 02:18:45,     3
2014-01-05 02:18:47,     2
2014-01-05 02:18:49,     2
2014-01-05 02:18:51,     3
2014-01-05 02:18:53,     2
2014-01-05 02:18:55,     3
2014-01-05 02:18:57,     3
2014-01-05 02:18:59,     2
2014-01-05 02:19:01,     4
2014-01-05 02:19:03,     3
2014-01-05 02:19:05,     3
2014-01-05 02:19:07,     4
2014-01-05 02:19:09,     4
2014-01-05 02:19:11,     3
2014-01-05 02:19:13,     3
2014-01-05 02:19:15,     4
2014-01-05 02:19:17,     3
2014-01-05 02:19:19,     4
2014-01-05 02:19:21,     4
2014-01-05 02:19:23,     4
2014-01-05 02:19:25,     4
2014-01-05 02:19:27,     3
2014-01-05 02:19:29,     4
2014-01-05 02:19:31,     3
2014-01-05 02:19:33,     3
2014-01-05 02:19:35,     3
2014-01-05 02:19:37,     3
2014-01-05 02:19:39,     3
2014-01-05 02:19:41,    -3
2014-01-05 02:19:43,    -4
2014-01-05 02:19:45,   -14
2014-01-05 02:19:47,   -22
2014-01-05 02:19:49,   -30
2014-01-05 02:19:51,   -31
2014-01-05 02:19:53,   -36
2014-01-05 02:19:55,   -42
2014-01-05 02:19:57,   -68
2014-01-05 02:19:59,   -71
2014-01-05 02:20:01,   -76
2014-01-05 02:20:03,   -79
2014-01-05 02:20:05,   -83
2014-01-05 02:20:07,   -85
2014-01-05 02:20:09,   -87
2014-01-05 02:20:11,   -90
2014-01-05 02:20:13,   -95
2014-01-05 02:20:15,   -95
2014-01-05 02:20:17,   -95
2014-01-05 02:20:19,   -93
2014-01-05 02:20:21,   -87
2014-01-05 02:20:23,   -87
2014-01-05 02:20:25,   -84
2014-01-05 02:20:27,   -81
2014-01-05 02:20:29,   -70
2014-01-05 02:20:31,   -69
2014-01-05 02:20:33,   -65
2014-01-05 02:20:35,   -58
2014-01-05 02:20:37,   -40
2014-01-05 02:20:39,   -39
2014-01-05 02:20:41,   -33
2014-01-05 02:20:43,   -25
2014-01-05 02:20:45,    -4
2014-01-05 02:20:47,    -4
2014-01-05 02:20:49,     5
2014-01-05 02:20:51,    15
2014-01-05 02:20:53,    37
2014-01-05 02:20:55,    37
2014-01-05 02:20:57,    46
2014-01-05 02:20:59,    54
2014-01-05 02:21:01,    78
2014-01-05 02:21:03,    80
2014-01-05 02:21:05,    87
2014-01-05 02:21:07,    94
2014-01-05 02:21:09,   116
2014-01-05 02:21:11,   118
2014-01-05 02:21:13,   125
2014-01-05 02:21:15,   132
2014-01-05 02:21:17,   149
2014-01-05 02:21:19,   149
2014-01-05 02:21:21,   157
2014-01-05 02:21:23,   161
2014-01-05 02:21:25,   173
2014-01-05 02:21:27,   174
2014-01-05 02:21:29,   176
2014-01-05 02:21:31,   179
2014-01-05 02:21:33,   186
2014-01-05 02:21:35,   186
2014-01-05 02:21:37,   187
2014-01-05 02:21:39,   187
2014-01-05 02:21:41,   186
2014-01-05 02:21:43,   185
2014-01-05 02:21:45,   184
2014-01-05 02:21:47,   181
2014-01-05 02:21:49,   172
2014-01-05 02:21:51,   171
2014-01-05 02:21:53,   167
2014-01-05 02:21:55,   163
2014-01-05 02:21:57,   146
2014-01-05 02:21:59,   145
2014-01-05 02:22:01,   138
2014-01-05 02:22:03,   133
2014-01-05 02:22:05,   109
2014-01-05 02:22:07,   107
2014-01-05 02:22:09,   102
2014-01-05 02:22:11,    93
2014-01-05 02:22:13,    65
2014-01-05 02:22:15,    60
2014-01-05 02:22:17,    55
2014-01-05 02:22:19,    43
2014-01-05 02:22:21,    13
2014-01-05 02:22:23,    10
2014-01-05 02:22:25,     0
2014-01-05 02:22:27,   -10
2014-01-05 02:22:29,   -42
2014-01-05 02:22:31,   -44
2014-01-05 02:22:33,   -53
2014-01-05 02:22:35,   -63
2014-01-05 02:22:37,   -95
2014-01-05 02:22:39,   -98
2014-01-05 02:22:41,  -106
2014-01-05 02:22:43,  -115
2014-01-05 02:22:45,  -145
2014-01-05 02:22:47,  -148
2014-01-05 02:22:49,  -154
2014-01-05 02:22:51,  -162
2014-01-05 02:22:53,  -187
2014-01-05 02:22:55,  -189
2014-01-05 02:22:57,  -195
2014-01-05 02:22:59,  -201
2014-01-05 02:23:01,  -219
2014-01-05 02:23:03,  -221
2014-01-05 02:23:05,  -225
2014-01-05 02:23:07,  -228
2014-01-05 02:23:09,  -240
2014-01-05 02:23:11,  -240
2014-01-05 02:23:13,  -241
2014-01-05 02:23:15,  -243
2014-01-05 02:23:17,  -246
2014-01-05 02:23:19,  -246
2014-01-05 02:23:21,  -245
2014-01-05 02:23:23,  -243
2014-01-05 02:23:25,  -238
2014-01-05 02:23:27,  -237
2014-01-05 02:23:29,  -234
2014-01-05 02:23:31,  -230
2014-01-05 02:23:33,  -215
2014-01-05 02:23:35,  -215
2014-01-05 02:23:37,  -210
2014-01-05 02:23:39,  -204
2014-01-05 02:23:41,  -180
2014-01-05 02:23:43,  -178
2014-01-05 02:23:45,  -173
2014-01-05 02:23:47,  -165
2014-01-05 02:23:49,  -129
2014-01-05 02:23:51,  -127
2014-01-05 02:23:53,  -113
2014-01-05 02:23:55,  -102
2014-01-05 02:23:57,   -64
2014-01-05 02:23:59,   -55
2014-01-05 02:24:01,   -45
2014-01-05 02:24:03,   -35
2014-01-05 02:24:05,    11
2014-01-05 02:24:07,    15
2014-01-05 02:24:09,    28
2014-01-05 02:24:11,    41
2014-01-05 02:24:13,    82
2014-01-05 02:24:15,    90
2014-01-05 02:24:17,   100
2014-01-05 02:24:19,   111
2014-01-05 02:24:21,   150
2014-01-05 02:24:23,   154
2014-01-05 02:24:25,   165
2014-01-05 02:24:27,   174
2014-01-05 02:24:29,   205
2014-01-05 02:24:31,   209
2014-01-05 02:24:33,   217
2014-01-05 02:24:35,   223
2014-01-05 02:24:37,   243
2014-01-05 02:24:39,   246
2014-01-05 02:24:41,   251
2014-01-05 02:24:43,   255
2014-01-05 02:24:45,   262
2014-01-05 02:24:47,   263
2014-01-05 02:24:49,   263
2014-01-05 02:24:51,   263
2014-01-05 02:24:53,   259
2014-01-05 02:24:55,   258
2014-01-05 02:24:57,   255
2014-01-05 02:24:59,   250
2014-01-05 02:25:01,   234
2014-01-05 02:25:03,   230
2014-01-05 02:25:05,   225
2014-01-05 02:25:07,   219
2014-01-05 02:25:09,   189
2014-01-05 02:25:11,   187
2014-01-05 02:25:13,   177
2014-01-05 02:25:15,   165
2014-01-05 02:25:17,   132
2014-01-05 02:25:19,   124
2014-01-05 02:25:21,   114
2014-01-05 02:25:23,   103
2014-01-05 02:25:25,    58
2014-01-05 02:25:27,    55
2014-01-05 02:25:29,    41
2014-01-05 02:25:31,    27
2014-01-05 02:25:33,   -14
2014-01-05 02:25:35,   -23
2014-01-05 02:25:37,   -35
2014-01-05 02:25:39,   -46
2014-01-05 02:25:41,   -92
2014-01-05 02:25:43,   -96
2014-01-05 02:25:45,  -109
2014-01-05 02:25:47,  -120
2014-01-05 02:25:49,  -157
2014-01-05 02:25:51,  -163
2014-01-05 02:25:53,  -172
2014-01-05 02:25:55,  -181
2014-01-05 02:25:57,  -212
2014-01-05 02:25:59,  -215
2014-01-05 02:26:01,  -223
2014-01-05 02:26:03,  -229
2014-01-05 02:26:05,  -248
2014-01-05 02:26:07,  -250
2014-01-05 02:26:09,  -254
2014-01-05 02:26:11,  -257
2014-01-05 02:26:13,  -266
2014-01-05 02:26:15,  -265
2014-01-05 02:26:17,  -265
2014-01-05 02:26:19,  -264
2014-01-05 02:26:21,  -258
2014-01-05 02:26:23,  -256
2014-01-05 02:26:25,  -254
2014-01-05 02:26:27,  -249
2014-01-05 02:26:29,  -230
2014-01-05 02:26:31,  -228
2014-01-05 02:26:33,  -219
2014-01-05 02:26:35,  -212
2014-01-05 02:26:37,  -185
2014-01-05 02:26:39,  -178
2014-01-05 02:26:41,  -169
2014-01-05 02:26:43,  -160
2014-01-05 02:26:45,  -119
2014-01-05 02:26:47,  -117
2014-01-05 02:26:49,  -103
2014-01-05 02:26:51,   -90
2014-01-05 02:26:53,   -48
2014-01-05 02:26:55,   -39
2014-01-05 02:26:57,   -28
2014-01-05 02:26:59,   -17
2014-01-05 02:27:01,    30
2014-01-05 02:27:03,    36
2014-01-05 02:27:05,    50
2014-01-05 02:27:07,    63
2014-01-05 02:27:09,   105
2014-01-05 02:27:11,   112
2014-01-05 02:27:13,   122
2014-01-05 02:27:15,   133
2014-01-05 02:27:17,   172
2014-01-05 02:27:19,   175
2014-01-05 02:27:21,   185
2014-01-05 02:27:23,   194
2014-01-05 02:27:25,   222
2014-01-05 02:27:27,   225
2014-01-05 02:27:29,   232
2014-01-05 02:27:31,   238
2014-01-05 02:27:33,   255
2014-01-05 02:27:35,   255
2014-01-05 02:27:37,   259
2014-01-05 02:27:39,   261
2014-01-05 02:27:41,   264
2014-01-05 02:27:43,   263
2014-01-05 02:27:45,   263
2014-01-05 02:27:47,   262
2014-01-05 02:27:49,   250
2014-01-05 02:27:51,   249
2014-01-05 02:27:53,   245
2014-01-05 02:27:55,   238
2014-01-05 02:27:57,   218
2014-01-05 02:27:59,   211
2014-01-05 02:28:01,   205
2014-01-05 02:28:03,   196
2014-01-05 02:28:05,   161
2014-01-05 02:28:07,   158
2014-01-05 02:28:09,   146
2014-01-05 02:28:11,   133
2014-01-05 02:28:13,    95
2014-01-05 02:28:15,    87
2014-01-05 02:28:17,    75
2014-01-05 02:28:19,    63
2014-01-05 02:28:21,    15
2014-01-05 02:28:23,    12
2014-01-05 02:28:25,    -3
2014-01-05 02:28:27,   -16
2014-01-05 02:28:29,   -60
2014-01-05 02:28:31,   -68
2014-01-05 02:28:33,   -80
2014-01-05 02:28:35,   -91
2014-01-05 02:28:37,  -133
2014-01-05 02:28:39,  -138
2014-01-05 02:28:41,  -149
2014-01-05 02:28:43,  -160
2014-01-05 02:28:45,  -193
2014-01-05 02:28:47,  -197
2014-01-05 02:28:49,  -206
2014-01-05 02:28:51,  -213
2014-01-05 02:28:53,  -237
2014-01-05 02:28:55,  -239
2014-01-05 02:28:57,  -244
2014-01-05 02:28:59,  -249
2014-01-05 02:29:01,  -259
2014-01-05 02:29:03,  -260
2014-01-05 02:29:05,  -262
2014-01-05 02:29:07,  -262
2014-01-05 02:29:09,  -258
2014-01-05 02:29:11,  -258
2014-01-05 02:29:13,  -255
2014-01-05 02:29:15,  -251
2014-01-05 02:29:17,  -235
2014-01-05 02:29:19,  -232
2014-01-05 02:29:21,  -227
2014-01-05 02:29:23,  -220
2014-01-05 02:29:25,  -191
2014-01-05 02:29:27,  -188
2014-01-05 02:29:29,  -178
2014-01-05 02:29:31,  -168
2014-01-05 02:29:33,  -133
2014-01-05 02:29:35,  -125
2014-01-05 02:29:37,  -116
2014-01-05 02:29:39,  -105
2014-01-05 02:29:41,   -60
2014-01-05 02:29:43,   -56
2014-01-05 02:29:45,   -42
2014-01-05 02:29:47,   -28
2014-01-05 02:29:49,    14
2014-01-05 02:29:51,    22
2014-01-05 02:29:53,    34
2014-01-05 02:29:55,    45
2014-01-05 02:29:57,    90
2014-01-05 02:29:59,    95
2014-01-05 02:30:01,   106
2014-01-05 02:30:03,   118
2014-01-05 02:30:05,   151
2014-01-05 02:30:07,   157
2014-01-05 02:30:09,   166
2014-01-05 02:30:11,   174
2014-01-05 02:30:13,   205
2014-01-05 02:30:15,   208
2014-01-05 02:30:17,   215
2014-01-05 02:30:19,   222
2014-01-05 02:30:21,   240
2014-01-05 02:30:23,   243
2014-01-05 02:30:25,   247
2014-01-05 02:30:27,   250
2014-01-05 02:30:29,   257
2014-01-05 02:30:31,   257
2014-01-05 02:30:33,   258
2014-01-05 02:30:35,   258
2014-01-05 02:30:37,   255
2014-01-05 02:30:39,   254
2014-01-05 02:30:41,   251
2014-01-05 02:30:43,   249
2014-01-05 02:30:45,   233
2014-01-05 02:30:47,   232
2014-01-05 02:30:49,   226
2014-01-05 02:30:51,   219
2014-01-05 02:30:53,   197
2014-01-05 02:30:55,   191
2014-01-05 02:30:57,   185
2014-01-05 02:30:59,   177
2014-01-05 02:31:01,   142
2014-01-05 02:31:03,   140
2014-01-05 02:31:05,   128
2014-01-05 02:31:07,   117
2014-01-05 02:31:09,    82
2014-01-05 02:31:11,    74
2014-01-05 02:31:13,    64
2014-01-05 02:31:15,    54
2014-01-05 02:31:17,    10
2014-01-05 02:31:19,     7
2014-01-05 02:31:21,    -6
2014-01-05 02:31:23,   -18
2014-01-05 02:31:25,   -59
2014-01-05 02:31:27,   -66
2014-01-05 02:31:29,   -76
2014-01-05 02:31:31,   -88
2014-01-05 02:31:33,  -127
2014-01-05 02:31:35,  -130
2014-01-05 02:31:37,  -142
2014-01-05 02:31:39,  -152
2014-01-05 02:31:41,  -183
2014-01-05 02:31:43,  -188
2014-01-05 02:31:45,  -196
2014-01-05 02:31:47,  -203
2014-01-05 02:31:49,  -229
2014-01-05 02:31:51,  -231
2014-01-05 02:31:53,  -237
2014-01-05 02:31:55,  -244
2014-01-05 02:31:57,  -260
2014-01-05 02:31:59,  -262
2014-01-05 02:32:01,  -264
2014-01-05 02:32:03,  -265
2014-01-05 02:32:05,  -265
2014-01-05 02:32:07,  -264
2014-01-05 02:32:09,  -263
2014-01-05 02:32:11,  -261
2014-01-05 02:32:13,  -250
2014-01-05 02:32:15,  -247
2014-01-05 02:32:17,  -242
2014-01-05 02:32:19,  -238
2014-01-05 02:32:21,  -218
2014-01-05 02:32:23,  -215
2014-01-05 02:32:25,  -210
2014-01-05 02:32:27,  -202
2014-01-05 02:32:29,  -175
2014-01-05 02:32:31,  -172
2014-01-05 02:32:33,  -164
2014-01-05 02:32:35,  -152
2014-01-05 02:32:37,  -121
2014-01-05 02:32:39,  -119
2014-01-05 02:32:41,  -107
2014-01-05 02:32:43,   -97
2014-01-05 02:32:45,   -58
2014-01-05 02:32:47,   -55
2014-01-05 02:32:49,   -45
2014-01-05 02:32:51,   -33
2014-01-05 02:32:53,     7
2014-01-05 02:32:55,    12
2014-01-05 02:32:57,    19
2014-01-05 02:32:59,    33
2014-01-05 02:33:01,    72
2014-01-05 02:33:03,    76
2014-01-05 02:33:05,    86
2014-01-05 02:33:07,    98
2014-01-05 02:33:09,   134
2014-01-05 02:33:11,   136
2014-01-05 02:33:13,   145
2014-01-05 02:33:15,   156
2014-01-05 02:33:17,   186
2014-01-05 02:33:19,   190
2014-01-05 02:33:21,   196
2014-01-05 02:33:23,   204
2014-01-05 02:33:25,   228
2014-01-05 02:33:27,   230
2014-01-05 02:33:29,   233
2014-01-05 02:33:31,   239
2014-01-05 02:33:33,   252
2014-01-05 02:33:35,   254
2014-01-05 02:33:37,   256
2014-01-05 02:33:39,   258
2014-01-05 02:33:41,   262
2014-01-05 02:33:43,   261
2014-01-05 02:33:45,   261
2014-01-05 02:33:47,   260
2014-01-05 02:33:49,   252
2014-01-05 02:33:51,   252
2014-01-05 02:33:53,   249
2014-01-05 02:33:55,   244
2014-01-05 02:33:57,   226
2014-01-05 02:33:59,   224
2014-01-05 02:34:01,   221
2014-01-05 02:34:03,   211
2014-01-05 02:34:05,   186
2014-01-05 02:34:07,   182
2014-01-05 02:34:09,   174
2014-01-05 02:34:11,   163
2014-01-05 02:34:13,   130
2014-01-05 02:34:15,   127
2014-01-05 02:34:17,   116
2014-01-05 02:34:19,   105
2014-01-05 02:34:21,    65
2014-01-05 02:34:23,    61
2014-01-05 02:34:25,    52
2014-01-05 02:34:27,    40
2014-01-05 02:34:29,    -1
2014-01-05 02:34:31,    -7
2014-01-05 02:34:33,   -14
2014-01-05 02:34:35,   -30
2014-01-05 02:34:37,   -68
2014-01-05 02:34:39,   -74
2014-01-05 02:34:41,   -82
2014-01-05 02:34:43,   -97
2014-01-05 02:34:45,  -132
2014-01-05 02:34:47,  -134
2014-01-05 02:34:49,  -143
2014-01-05 02:34:51,  -153
2014-01-05 02:34:53,  -183
2014-01-05 02:34:55,  -186
2014-01-05 02:34:57,  -193
2014-01-05 02:34:59,  -201
2014-01-05 02:35:01,  -224
2014-01-05 02:35:03,  -226
2014-01-05 02:35:05,  -230
2014-01-05 02:35:07,  -236
2014-01-05 02:35:09,  -249
2014-01-05 02:35:11,  -250
2014-01-05 02:35:13,  -253
2014-01-05 02:35:15,  -256
2014-01-05 02:35:17,  -258
2014-01-05 02:35:19,  -258
2014-01-05 02:35:21,  -258
2014-01-05 02:35:23,  -256
2014-01-05 02:35:25,  -250
2014-01-05 02:35:27,  -249
2014-01-05 02:35:29,  -247
2014-01-05 02:35:31,  -244
2014-01-05 02:35:33,  -228
2014-01-05 02:35:35,  -226
2014-01-05 02:35:37,  -222
2014-01-05 02:35:39,  -214
2014-01-05 02:35:41,  -193
2014-01-05 02:35:43,  -189
2014-01-05 02:35:45,  -183
2014-01-05 02:35:47,  -172
2014-01-05 02:35:49,  -144
2014-01-05 02:35:51,  -142
2014-01-05 02:35:53,  -133
2014-01-05 02:35:55,  -123
2014-01-05 02:35:57,   -88
2014-01-05 02:35:59,   -86
2014-01-05 02:36:01,   -77
2014-01-05 02:36:03,   -67
2014-01-05 02:36:05,   -30
2014-01-05 02:36:07,   -24
2014-01-05 02:36:09,   -19
2014-01-05 02:36:11,    -4
2014-01-05 02:36:13,    30
2014-01-05 02:36:15,    36
2014-01-05 02:36:17,    44
2014-01-05 02:36:19,    57
2014-01-05 02:36:21,    90
2014-01-05 02:36:23,    93
2014-01-05 02:36:25,   102
2014-01-05 02:36:27,   112
2014-01-05 02:36:29,   144
2014-01-05 02:36:31,   146
2014-01-05 02:36:33,   154
2014-01-05 02:36:35,   162
2014-01-05 02:36:37,   189
2014-01-05 02:36:39,   192
2014-01-05 02:36:41,   196
2014-01-05 02:36:43,   205
2014-01-05 02:36:45,   224
2014-01-05 02:36:47,   226
2014-01-05 02:36:49,   230
2014-01-05 02:36:51,   235
2014-01-05 02:36:53,   248
2014-01-05 02:36:55,   248
2014-01-05 02:36:57,   250
2014-01-05 02:36:59,   253
2014-01-05 02:37:01,   257
2014-01-05 02:37:03,   257
2014-01-05 02:37:05,   256
2014-01-05 02:37:07,   257
2014-01-05 02:37:09,   253
2014-01-05 02:37:11,   252
2014-01-05 02:37:13,   250
2014-01-05 02:37:15,   248
2014-01-05 02:37:17,   236
2014-01-05 02:37:19,   234
2014-01-05 02:37:21,   230
2014-01-05 02:37:23,   224
2014-01-05 02:37:25,   205
2014-01-05 02:37:27,   204
2014-01-05 02:37:29,   196
2014-01-05 02:37:31,   190
2014-01-05 02:37:33,   163
2014-01-05 02:37:35,   161
2014-01-05 02:37:37,   154
2014-01-05 02:37:39,   146
2014-01-05 02:37:41,   114
2014-01-05 02:37:43,   109
2014-01-05 02:37:45,   104
2014-01-05 02:37:47,    91
2014-01-05 02:37:49,    58
2014-01-05 02:37:51,    53
2014-01-05 02:37:53,    44
2014-01-05 02:37:55,    31
2014-01-05 02:37:57,    -4
2014-01-05 02:37:59,    -6
2014-01-05 02:38:01,   -17
2014-01-05 02:38:03,   -29
2014-01-05 02:38:05,   -66
2014-01-05 02:38:07,   -68
2014-01-05 02:38:09,   -77
2014-01-05 02:38:11,   -88
2014-01-05 02:38:13,  -123
2014-01-05 02:38:15,  -126
2014-01-05 02:38:17,  -133
2014-01-05 02:38:19,  -143
2014-01-05 02:38:21,  -172
2014-01-05 02:38:23,  -175
2014-01-05 02:38:25,  -182
2014-01-05 02:38:27,  -191
2014-01-05 02:38:29,  -214
2014-01-05 02:38:31,  -216
2014-01-05 02:38:33,  -222
2014-01-05 02:38:35,  -227
2014-01-05 02:38:37,  -246
2014-01-05 02:38:39,  -247
2014-01-05 02:38:41,  -251
2014-01-05 02:38:43,  -255
2014-01-05 02:38:45,  -262
2014-01-05 02:38:47,  -262
2014-01-05 02:38:49,  -263
2014-01-05 02:38:51,  -262
2014-01-05 02:38:53,  -260
2014-01-05 02:38:55,  -259
2014-01-05 02:38:57,  -258
2014-01-05 02:38:59,  -255
2014-01-05 02:39:01,  -243
2014-01-05 02:39:03,  -242
2014-01-05 02:39:05,  -237
2014-01-05 02:39:07,  -232
2014-01-05 02:39:09,  -210
2014-01-05 02:39:11,  -209
2014-01-05 02:39:13,  -203
2014-01-05 02:39:15,  -196
2014-01-05 02:39:17,  -166
2014-01-05 02:39:19,  -162
2014-01-05 02:39:21,  -158
2014-01-05 02:39:23,  -145
2014-01-05 02:39:25,  -113
2014-01-05 02:39:27,  -108
2014-01-05 02:39:29,  -100
2014-01-05 02:39:31,   -86
2014-01-05 02:39:33,   -49
2014-01-05 02:39:35,   -46
2014-01-05 02:39:37,   -34
2014-01-05 02:39:39,   -22
2014-01-05 02:39:41,    17
2014-01-05 02:39:43,    21
2014-01-05 02:39:45,    30
2014-01-05 02:39:47,    42
2014-01-05 02:39:49,    82
2014-01-05 02:39:51,    86
2014-01-05 02:39:53,    93
2014-01-05 02:39:55,   106
2014-01-05 02:39:57,   140
2014-01-05 02:39:59,   144
2014-01-05 02:40:01,   151
2014-01-05 02:40:03,   163
2014-01-05 02:40:05,   192
2014-01-05 02:40:07,   193
2014-01-05 02:40:09,   201
2014-01-05 02:40:11,   209
2014-01-05 02:40:13,   229
2014-01-05 02:40:15,   232
2014-01-05 02:40:17,   235
2014-01-05 02:40:19,   240
2014-01-05 02:40:21,   252
2014-01-05 02:40:23,   253
2014-01-05 02:40:25,   255
2014-01-05 02:40:27,   256
2014-01-05 02:40:29,   258
2014-01-05 02:40:31,   257
2014-01-05 02:40:33,   257
2014-01-05 02:40:35,   255
2014-01-05 02:40:37,   248
2014-01-05 02:40:39,   247
2014-01-05 02:40:41,   243
2014-01-05 02:40:43,   238
2014-01-05 02:40:45,   220
2014-01-05 02:40:47,   218
2014-01-05 02:40:49,   214
2014-01-05 02:40:51,   206
2014-01-05 02:40:53,   179
2014-01-05 02:40:55,   174
2014-01-05 02:40:57,   170
2014-01-05 02:40:59,   158
2014-01-05 02:41:01,   127
2014-01-05 02:41:03,   121
2014-01-05 02:41:05,   112
2014-01-05 02:41:07,   100
2014-01-05 02:41:09,    63
2014-01-05 02:41:11,    62
2014-01-05 02:41:13,    50
2014-01-05 02:41:15,    38
2014-01-05 02:41:17,    -2
2014-01-05 02:41:19,    -6
2014-01-05 02:41:21,   -14
2014-01-05 02:41:23,   -26
2014-01-05 02:41:25,   -66
2014-01-05 02:41:27,   -70
2014-01-05 02:41:29,   -78
2014-01-05 02:41:31,   -91
2014-01-05 02:41:33,  -125
2014-01-05 02:41:35,  -129
2014-01-05 02:41:37,  -136
2014-01-05 02:41:39,  -148
2014-01-05 02:41:41,  -176
2014-01-05 02:41:43,  -179
2014-01-05 02:41:45,  -186
2014-01-05 02:41:47,  -195
2014-01-05 02:41:49,  -217
2014-01-05 02:41:51,  -219
2014-01-05 02:41:53,  -224
2014-01-05 02:41:55,  -228
2014-01-05 02:41:57,  -244
2014-01-05 02:41:59,  -245
2014-01-05 02:42:01,  -247
2014-01-05 02:42:03,  -251
2014-01-05 02:42:05,  -255
2014-01-05 02:42:07,  -255
2014-01-05 02:42:09,  -255
2014-01-05 02:42:11,  -255
2014-01-05 02:42:13,  -251
2014-01-05 02:42:15,  -251
2014-01-05 02:42:17,  -248
2014-01-05 02:42:19,  -245
2014-01-05 02:42:21,  -232
2014-01-05 02:42:23,  -231
2014-01-05 02:42:25,  -227
2014-01-05 02:42:27,  -222
2014-01-05 02:42:29,  -201
2014-01-05 02:42:31,  -197
2014-01-05 02:42:33,  -193
2014-01-05 02:42:35,  -184
2014-01-05 02:42:37,  -158
2014-01-05 02:42:39,  -155
2014-01-05 02:42:41,  -147
2014-01-05 02:42:43,  -135
2014-01-05 02:42:45,  -105
2014-01-05 02:42:47,  -104
2014-01-05 02:42:49,   -91
2014-01-05 02:42:51,   -81
2014-01-05 02:42:53,   -46
2014-01-05 02:42:55,   -44
2014-01-05 02:42:57,   -34
2014-01-05 02:42:59,   -23
2014-01-05 02:43:01,    14
2014-01-05 02:43:03,    17
2014-01-05 02:43:05,    25
2014-01-05 02:43:07,    39
2014-01-05 02:43:09,    72
2014-01-05 02:43:11,    75
2014-01-05 02:43:13,    85
2014-01-05 02:43:15,    97
2014-01-05 02:43:17,   129
2014-01-05 02:43:19,   130
2014-01-05 02:43:21,   141
2014-01-05 02:43:23,   150
2014-01-05 02:43:25,   177
2014-01-05 02:43:27,   179
2014-01-05 02:43:29,   187
2014-01-05 02:43:31,   194
2014-01-05 02:43:33,   216
2014-01-05 02:43:35,   217
2014-01-05 02:43:37,   222
2014-01-05 02:43:39,   228
2014-01-05 02:43:41,   242
2014-01-05 02:43:43,   242
2014-01-05 02:43:45,   246
2014-01-05 02:43:47,   250
2014-01-05 02:43:49,   255
2014-01-05 02:43:51,   255
2014-01-05 02:43:53,   256
2014-01-05 02:43:55,   256
2014-01-05 02:43:57,   254
2014-01-05 02:43:59,   253
2014-01-05 02:44:01,   252
2014-01-05 02:44:03,   250
2014-01-05 02:44:05,   238
2014-01-05 02:44:07,   237
2014-01-05 02:44:09,   233
2014-01-05 02:44:11,   227
2014-01-05 02:44:13,   210
2014-01-05 02:44:15,   209
2014-01-05 02:44:17,   201
2014-01-05 02:44:19,   192
2014-01-05 02:44:21,   168
2014-01-05 02:44:23,   167
2014-01-05 02:44:25,   157
2014-01-05 02:44:27,   148
2014-01-05 02:44:29,   116
2014-01-05 02:44:31,   114
2014-01-05 02:44:33,   105
2014-01-05 02:44:35,    96
2014-01-05 02:44:37,    60
2014-01-05 02:44:39,    56
2014-01-05 02:44:41,    48
2014-01-05 02:44:43,    35
2014-01-05 02:44:45,     0
2014-01-05 02:44:47,    -3
2014-01-05 02:44:49,   -16
2014-01-05 02:44:51,   -29
2014-01-05 02:44:53,   -63
2014-01-05 02:44:55,   -65
2014-01-05 02:44:57,   -77
2014-01-05 02:44:59,   -88
2014-01-05 02:45:01,  -122
2014-01-05 02:45:03,  -125
2014-01-05 02:45:05,  -133
2014-01-05 02:45:07,  -142
2014-01-05 02:45:09,  -172
2014-01-05 02:45:11,  -174
2014-01-05 02:45:13,  -180
2014-01-05 02:45:15,  -190
2014-01-05 02:45:17,  -213
2014-01-05 02:45:19,  -215
2014-01-05 02:45:21,  -220
2014-01-05 02:45:23,  -227
2014-01-05 02:45:25,  -244
2014-01-05 02:45:27,  -245
2014-01-05 02:45:29,  -249
2014-01-05 02:45:31,  -254
2014-01-05 02:45:33,  -258
2014-01-05 02:45:35,  -259
2014-01-05 02:45:37,  -258
2014-01-05 02:45:39,  -257
2014-01-05 02:45:41,  -255
2014-01-05 02:45:43,  -255
2014-01-05 02:45:45,  -253
2014-01-05 02:45:47,  -250
2014-01-05 02:45:49,  -237
2014-01-05 02:45:51,  -236
2014-01-05 02:45:53,  -230
2014-01-05 02:45:55,  -224
2014-01-05 02:45:57,  -204
2014-01-05 02:45:59,  -203
2014-01-05 02:46:01,  -194
2014-01-05 02:46:03,  -187
2014-01-05 02:46:05,  -157
2014-01-05 02:46:07,  -155
2014-01-05 02:46:09,  -147
2014-01-05 02:46:11,  -138
2014-01-05 02:46:13,  -103
2014-01-05 02:46:15,   -99
2014-01-05 02:46:17,   -91
2014-01-05 02:46:19,   -78
2014-01-05 02:46:21,   -41
2014-01-05 02:46:23,   -38
2014-01-05 02:46:25,   -26
2014-01-05 02:46:27,   -12
2014-01-05 02:46:29,    24
2014-01-05 02:46:31,    26
2014-01-05 02:46:33,    38
2014-01-05 02:46:35,    51
2014-01-05 02:46:37,    88
2014-01-05 02:46:39,    90
2014-01-05 02:46:41,   101
2014-01-05 02:46:43,   111
2014-01-05 02:46:45,   145
2014-01-05 02:46:47,   148
2014-01-05 02:46:49,   155
2014-01-05 02:46:51,   166
2014-01-05 02:46:53,   193
2014-01-05 02:46:55,   195
2014-01-05 02:46:57,   202
2014-01-05 02:46:59,   210
2014-01-05 02:47:01,   230
2014-01-05 02:47:03,   231
2014-01-05 02:47:05,   235
2014-01-05 02:47:07,   240
2014-01-05 02:47:09,   251
2014-01-05 02:47:11,   251
2014-01-05 02:47:13,   254
2014-01-05 02:47:15,   255
2014-01-05 02:47:17,   255
2014-01-05 02:47:19,   256
2014-01-05 02:47:21,   255
2014-01-05 02:47:23,   253
2014-01-05 02:47:25,   245
2014-01-05 02:47:27,   245
2014-01-05 02:47:29,   241
2014-01-05 02:47:31,   235
2014-01-05 02:47:33,   218
2014-01-05 02:47:35,   218
2014-01-05 02:47:37,   210
2014-01-05 02:47:39,   204
2014-01-05 02:47:41,   178
2014-01-05 02:47:43,   176
2014-01-05 02:47:45,   168
2014-01-05 02:47:47,   159
2014-01-05 02:47:49,   128
2014-01-05 02:47:51,   124
2014-01-05 02:47:53,   117
2014-01-05 02:47:55,   104
2014-01-05 02:47:57,    70
2014-01-05 02:47:59,    67
2014-01-05 02:48:01,    55
2014-01-05 02:48:03,    41
2014-01-05 02:48:05,     5
2014-01-05 02:48:07,     3
2014-01-05 02:48:09,    -9
2014-01-05 02:48:11,   -21
2014-01-05 02:48:13,   -59
2014-01-05 02:48:15,   -61
2014-01-05 02:48:17,   -71
2014-01-05 02:48:19,   -82
2014-01-05 02:48:21,  -116
2014-01-05 02:48:23,  -119
2014-01-05 02:48:25,  -127
2014-01-05 02:48:27,  -138
2014-01-05 02:48:29,  -166
2014-01-05 02:48:31,  -169
2014-01-05 02:48:33,  -177
2014-01-05 02:48:35,  -187
2014-01-05 02:48:37,  -209
2014-01-05 02:48:39,  -210
2014-01-05 02:48:41,  -217
2014-01-05 02:48:43,  -223
2014-01-05 02:48:45,  -237
2014-01-05 02:48:47,  -239
2014-01-05 02:48:49,  -241
2014-01-05 02:48:51,  -245
2014-01-05 02:48:53,  -250
2014-01-05 02:48:55,  -251
2014-01-05 02:48:57,  -253
2014-01-05 02:48:59,  -253
2014-01-05 02:49:01,  -251
2014-01-05 02:49:03,  -250
2014-01-05 02:49:05,  -248
2014-01-05 02:49:07,  -246
2014-01-05 02:49:09,  -235
2014-01-05 02:49:11,  -235
2014-01-05 02:49:13,  -230
2014-01-05 02:49:15,  -225
2014-01-05 02:49:17,  -206
2014-01-05 02:49:19,  -205
2014-01-05 02:49:21,  -200
2014-01-05 02:49:23,  -193
2014-01-05 02:49:25,  -167
2014-01-05 02:49:27,  -164
2014-01-05 02:49:29,  -158
2014-01-05 02:49:31,  -147
2014-01-05 02:49:33,  -118
2014-01-05 02:49:35,  -115
2014-01-05 02:49:37,  -105
2014-01-05 02:49:39,   -92
2014-01-05 02:49:41,   -60
2014-01-05 02:49:43,   -58
2014-01-05 02:49:45,   -46
2014-01-05 02:49:47,   -34
2014-01-05 02:49:49,     1
2014-01-05 02:49:51,     3
2014-01-05 02:49:53,    14
2014-01-05 02:49:55,    24
2014-01-05 02:49:57,    60
2014-01-05 02:49:59,    64
2014-01-05 02:50:01,    72
2014-01-05 02:50:03,    84
2014-01-05 02:50:05,   117
2014-01-05 02:50:07,   120
2014-01-05 02:50:09,   128
2014-01-05 02:50:11,   139
2014-01-05 02:50:13,   167
2014-01-05 02:50:15,   169
2014-01-05 02:50:17,   178
2014-01-05 02:50:19,   186
2014-01-05 02:50:21,   208
2014-01-05 02:50:23,   210
2014-01-05 02:50:25,   216
2014-01-05 02:50:27,   222
2014-01-05 02:50:29,   238
2014-01-05 02:50:31,   239
2014-01-05 02:50:33,   242
2014-01-05 02:50:35,   246
2014-01-05 02:50:37,   253
2014-01-05 02:50:39,   253
2014-01-05 02:50:41,   255
2014-01-05 02:50:43,   255
2014-01-05 02:50:45,   254
2014-01-05 02:50:47,   254
2014-01-05 02:50:49,   252
2014-01-05 02:50:51,   250
2014-01-05 02:50:53,   240
2014-01-05 02:50:55,   239
2014-01-05 02:50:57,   235
2014-01-05 02:50:59,   230
2014-01-05 02:51:01,   213
2014-01-05 02:51:03,   211
2014-01-05 02:51:05,   206
2014-01-05 02:51:07,   197
2014-01-05 02:51:09,   173
2014-01-05 02:51:11,   171
2014-01-05 02:51:13,   162
2014-01-05 02:51:15,   151
2014-01-05 02:51:17,   121
2014-01-05 02:51:19,   120
2014-01-05 02:51:21,   108
2014-01-05 02:51:23,    98
2014-01-05 02:51:25,    63
2014-01-05 02:51:27,    60
2014-01-05 02:51:29,    50
2014-01-05 02:51:31,    39
2014-01-05 02:51:33,     1
2014-01-05 02:51:35,    -1
2014-01-05 02:51:37,   -10
2014-01-05 02:51:39,   -24
2014-01-05 02:51:41,   -59
2014-01-05 02:51:43,   -62
2014-01-05 02:51:45,   -73
2014-01-05 02:51:47,   -86
2014-01-05 02:51:49,  -119
2014-01-05 02:51:51,  -120
2014-01-05 02:51:53,  -131
2014-01-05 02:51:55,  -141
2014-01-05 02:51:57,  -170
2014-01-05 02:51:59,  -172
2014-01-05 02:52:01,  -180
2014-01-05 02:52:03,  -188
2014-01-05 02:52:05,  -211
2014-01-05 02:52:07,  -213
2014-01-05 02:52:09,  -218
2014-01-05 02:52:11,  -224
2014-01-05 02:52:13,  -241
2014-01-05 02:52:15,  -242
2014-01-05 02:52:17,  -247
2014-01-05 02:52:19,  -251
2014-01-05 02:52:21,  -255
2014-01-05 02:52:23,  -255
2014-01-05 02:52:25,  -255
2014-01-05 02:52:27,  -255
2014-01-05 02:52:29,  -252
2014-01-05 02:52:31,  -252
2014-01-05 02:52:33,  -249
2014-01-05 02:52:35,  -247
2014-01-05 02:52:37,  -233
2014-01-05 02:52:39,  -232
2014-01-05 02:52:41,  -228
2014-01-05 02:52:43,  -221
2014-01-05 02:52:45,  -201
2014-01-05 02:52:47,  -200
2014-01-05 02:52:49,  -192
2014-01-05 02:52:51,  -181
2014-01-05 02:52:53,  -154
2014-01-05 02:52:55,  -153
2014-01-05 02:52:57,  -142
2014-01-05 02:52:59,  -132
2014-01-05 02:53:01,   -97
2014-01-05 02:53:03,   -96
2014-01-05 02:53:05,   -85
2014-01-05 02:53:07,   -75
2014-01-05 02:53:09,   -37
2014-01-05 02:53:11,   -33
2014-01-05 02:53:13,   -25
2014-01-05 02:53:15,   -11
2014-01-05 02:53:17,    24
2014-01-05 02:53:19,    29
2014-01-05 02:53:21,    39
2014-01-05 02:53:23,    53
2014-01-05 02:53:25,    89
2014-01-05 02:53:27,    90
2014-01-05 02:53:29,   102
2014-01-05 02:53:31,   114
2014-01-05 02:53:33,   145
2014-01-05 02:53:35,   147
2014-01-05 02:53:37,   156
2014-01-05 02:53:39,   165
2014-01-05 02:53:41,   193
2014-01-05 02:53:43,   195
2014-01-05 02:53:45,   200
2014-01-05 02:53:47,   208
2014-01-05 02:53:49,   227
2014-01-05 02:53:51,   228
2014-01-05 02:53:53,   233
2014-01-05 02:53:55,   238
2014-01-05 02:53:57,   249
2014-01-05 02:53:59,   249
2014-01-05 02:54:01,   251
2014-01-05 02:54:03,   253
2014-01-05 02:54:05,   254
2014-01-05 02:54:07,   254
2014-01-05 02:54:09,   253
2014-01-05 02:54:11,   252
2014-01-05 02:54:13,   244
2014-01-05 02:54:15,   242
2014-01-05 02:54:17,   240
2014-01-05 02:54:19,   236
2014-01-05 02:54:21,   219
2014-01-05 02:54:23,   218
2014-01-05 02:54:25,   212
2014-01-05 02:54:27,   203
2014-01-05 02:54:29,   180
2014-01-05 02:54:31,   180
2014-01-05 02:54:33,   169
2014-01-05 02:54:35,   161
2014-01-05 02:54:37,   130
2014-01-05 02:54:39,   128
2014-01-05 02:54:41,   120
2014-01-05 02:54:43,   111
2014-01-05 02:54:45,    75
2014-01-05 02:54:47,    71
2014-01-05 02:54:49,    64
2014-01-05 02:54:51,    49
2014-01-05 02:54:53,    15
2014-01-05 02:54:55,    11
2014-01-05 02:54:57,     0
2014-01-05 02:54:59,   -14
2014-01-05 02:55:01,   -48
2014-01-05 02:55:03,   -50
2014-01-05 02:55:05,   -61
2014-01-05 02:55:07,   -73
2014-01-05 02:55:09,  -106
2014-01-05 02:55:11,  -109
2014-01-05 02:55:13,  -119
2014-01-05 02:55:15,  -128
2014-01-05 02:55:17,  -158
2014-01-05 02:55:19,  -160
2014-01-05 02:55:21,  -167
2014-01-05 02:55:23,  -177
2014-01-05 02:55:25,  -200
2014-01-05 02:55:27,  -201