2014-01-05 02:00:01,     132
2014-01-05 02:00:03,     136
2014-01-05 02:00:05,     146
2014-01-05 02:00:07,     148
2014-01-05 02:00:09,     154
2014-01-05 02:00:11,     159
2014-01-05 02:00:13,     161
2014-01-05 02:00:15,     163
2014-01-05 02:00:17,     167
2014-01-05 02:00:19,     169
2014-01-05 02:00:21,     169
2014-01-05 02:00:23,     167
2014-01-05 02:00:25,     169
2014-01-05 02:00:27,     169
2014-01-05 02:00:29,     169
2014-01-05 02:00:31,     163
2014-01-05 02:00:33,     161
2014-01-05 02:00:35,     156
2014-01-05 02:00:37,     154
2014-01-05 02:00:39,     146
2014-01-05 02:00:41,     140
2014-01-05 02:00:43,     134
2014-01-05 02:00:45,     123
2014-01-05 02:00:47,     117
2014-01-05 02:00:49,     107
2014-01-05 02:00:51,      94
2014-01-05 02:00:53,      86
2014-01-05 02:00:55,      75
2014-01-05 02:00:57,      63
2014-01-05 02:00:59,      50
2014-01-05 02:01:01,      38
2014-01-05 02:01:03,      21
2014-01-05 02:01:05,       7
2014-01-05 02:01:07,      -3
2014-01-05 02:01:09,     -17
2014-01-05 02:01:11,     -28
2014-01-05 02:01:13,     -44
2014-01-05 02:01:15,     -57
2014-01-05 02:01:17,     -69
2014-01-05 02:01:19,     -80
2014-01-05 02:01:21,     -96
2014-01-05 02:01:23,    -105
2014-01-05 02:01:25,    -115
2014-01-05 02:01:27,    -127
2014-01-05 02:01:29,    -134
2014-01-05 02:01:31,    -144
2014-01-05 02:01:33,    -150
2014-01-05 02:01:35,    -161
2014-01-05 02:01:37,    -169
2014-01-05 02:01:39,    -173
2014-01-05 02:01:41,    -179
2014-01-05 02:01:43,    -184
2014-01-05 02:01:45,    -188
2014-01-05 02:01:47,    -192
2014-01-05 02:01:49,    -194
2014-01-05 02:01:51,    -198
2014-01-05 02:01:53,    -200
2014-01-05 02:01:55,    -202
2014-01-05 02:01:57,    -204
2014-01-05 02:01:59,    -204
2014-01-05 02:02:01,    -202
2014-01-05 02:02:03,    -200
2014-01-05 02:02:05,    -196
2014-01-05 02:02:07,    -196
2014-01-05 02:02:09,    -194
2014-01-05 02:02:11,    -190
2014-01-05 02:02:13,    -184
2014-01-05 02:02:15,    -181
2014-01-05 02:02:17,    -173
2014-01-05 02:02:19,    -167
2014-01-05 02:02:21,    -158
2014-01-05 02:02:23,    -150
2014-01-05 02:02:25,    -140
2014-01-05 02:02:27,    -129
2014-01-05 02:02:29,    -117
2014-01-05 02:02:31,    -102
2014-01-05 02:02:33,     -90
2014-01-05 02:02:35,     -80
2014-01-05 02:02:37,     -67
2014-01-05 02:02:39,     -57
2014-01-05 02:02:41,     -44
2014-01-05 02:02:43,     -26
2014-01-05 02:02:45,     -15
2014-01-05 02:02:47,       0
2014-01-05 02:02:49,      13
2014-01-05 02:02:51,      26
2014-01-05 02:02:53,      40
2014-01-05 02:02:55,      52
2014-01-05 02:02:57,      61
2014-01-05 02:02:59,      71
2014-01-05 02:03:01,      86
2014-01-05 02:03:03,      94
2014-01-05 02:03:05,     107
2014-01-05 02:03:07,     115
2014-01-05 02:03:09,     123
2014-01-05 02:03:11,     129
2014-01-05 02:03:13,     134
2014-01-05 02:03:15,     142
2014-01-05 02:03:17,     150
2014-01-05 02:03:19,     152
2014-01-05 02:03:21,     158
2014-01-05 02:03:23,     161
2014-01-05 02:03:25,     165
2014-01-05 02:03:27,     165
2014-01-05 02:03:29,     169
2014-01-05 02:03:31,     173
2014-01-05 02:03:33,     173
2014-01-05 02:03:35,     169
2014-01-05 02:03:37,     169
2014-01-05 02:03:39,     169
2014-01-05 02:03:41,     167
2014-01-05 02:03:43,     165
2014-01-05 02:03:45,     163
2014-01-05 02:03:47,     161
2014-01-05 02:03:49,     158
2014-01-05 02:03:51,     150
2014-01-05 02:03:53,     142
2014-01-05 02:03:55,     132
2014-01-05 02:03:57,     129
2014-01-05 02:03:59,     117
2014-01-05 02:04:01,     113
2014-01-05 02:04:03,     102
2014-01-05 02:04:05,      86
2014-01-05 02:04:07,      73
2014-01-05 02:04:09,      63
2014-01-05 02:04:11,      52
2014-01-05 02:04:13,      40
2014-01-05 02:04:15,      25
2014-01-05 02:04:17,       9
2014-01-05 02:04:19,      -5
2014-01-05 02:04:21,     -19
2014-01-05 02:04:23,     -32
2014-01-05 02:04:25,     -46
2014-01-05 02:04:27,     -55
2014-01-05 02:04:29,     -69
2014-01-05 02:04:31,     -84
2014-01-05 02:04:33,     -98
2014-01-05 02:04:35,    -107
2014-01-05 02:04:37,    -119
2014-01-05 02:04:39,    -129
2014-01-05 02:04:41,    -138
2014-01-05 02:04:43,    -148
2014-01-05 02:04:45,    -156
2014-01-05 02:04:47,    -165
2014-01-05 02:04:49,    -173
2014-01-05 02:04:51,    -179
2014-01-05 02:04:53,    -181
2014-01-05 02:04:55,    -188
2014-01-05 02:04:57,    -194
2014-01-05 02:04:59,    -196
2014-01-05 02:05:01,    -200
2014-01-05 02:05:03,    -204
2014-01-05 02:05:05,    -206
2014-01-05 02:05:07,    -208
2014-01-05 02:05:09,    -210
2014-01-05 02:05:11,    -208
2014-01-05 02:05:13,    -206
2014-01-05 02:05:15,    -204
2014-01-05 02:05:17,    -204
2014-01-05 02:05:19,    -200
2014-01-05 02:05:21,    -198
2014-01-05 02:05:23,    -194
2014-01-05 02:05:25,    -188
2014-01-05 02:05:27,    -181
2014-01-05 02:05:29,    -175
2014-01-05 02:05:31,    -171
2014-01-05 02:05:33,    -163
2014-01-05 02:05:35,    -156
2014-01-05 02:05:37,    -144
2014-01-05 02:05:39,    -131
2014-01-05 02:05:41,    -121
2014-01-05 02:05:43,    -105
2014-01-05 02:05:45,     -98
2014-01-05 02:05:47,     -86
2014-01-05 02:05:49,     -71
2014-01-05 02:05:51,     -55
2014-01-05 02:05:53,     -40
2014-01-05 02:05:55,     -28
2014-01-05 02:05:57,     -15
2014-01-05 02:05:59,      -1
2014-01-05 02:06:01,      11
2014-01-05 02:06:03,      21
2014-01-05 02:06:05,      36
2014-01-05 02:06:07,      52
2014-01-05 02:06:09,      63
2014-01-05 02:06:11,      71
2014-01-05 02:06:13,      82
2014-01-05 02:06:15,      94
2014-01-05 02:06:17,     104
2014-01-05 02:06:19,     115
2014-01-05 02:06:21,     119
2014-01-05 02:06:23,     129
2014-01-05 02:06:25,     136
2014-01-05 02:06:27,     144
2014-01-05 02:06:29,     150
2014-01-05 02:06:31,     154
2014-01-05 02:06:33,     159
2014-01-05 02:06:35,     161
2014-01-05 02:06:37,     161
2014-01-05 02:06:39,     169
2014-01-05 02:06:41,     171
2014-01-05 02:06:43,     173
2014-01-05 02:06:45,     177
2014-01-05 02:06:47,     177
2014-01-05 02:06:49,     171
2014-01-05 02:06:51,     169
2014-01-05 02:06:53,     169
2014-01-05 02:06:55,     165
2014-01-05 02:06:57,     165
2014-01-05 02:06:59,     159
2014-01-05 02:07:01,     156
2014-01-05 02:07:03,     150
2014-01-05 02:07:05,     142
2014-01-05 02:07:07,     138
2014-01-05 02:07:09,     129
2014-01-05 02:07:11,     119
2014-01-05 02:07:13,     111
2014-01-05 02:07:15,     100
2014-01-05 02:07:17,      92
2014-01-05 02:07:19,      79
2014-01-05 02:07:21,      65
2014-01-05 02:07:23,      55
2014-01-05 02:07:25,      40
2014-01-05 02:07:27,      26
2014-01-05 02:07:29,      11
2014-01-05 02:07:31,      -1
2014-01-05 02:07:33,     -15
2014-01-05 02:07:35,     -28
2014-01-05 02:07:37,     -38
2014-01-05 02:07:39,     -53
2014-01-05 02:07:41,     -63
2014-01-05 02:07:43,     -80
2014-01-05 02:07:45,     -90
2014-01-05 02:07:47,    -105
2014-01-05 02:07:49,    -113
2014-01-05 02:07:51,    -123
2014-01-05 02:07:53,    -134
2014-01-05 02:07:55,    -146
2014-01-05 02:07:57,    -158
2014-01-05 02:07:59,    -169
2014-01-05 02:08:01,    -171
2014-01-05 02:08:03,    -175
2014-01-05 02:08:05,    -183
2014-01-05 02:08:07,    -184
2014-01-05 02:08:09,    -190
2014-01-05 02:08:11,    -194
2014-01-05 02:08:13,    -200
2014-01-05 02:08:15,    -204
2014-01-05 02:08:17,    -204
2014-01-05 02:08:19,    -204
2014-01-05 02:08:21,    -208
2014-01-05 02:08:23,    -206
2014-01-05 02:08:25,    -210
2014-01-05 02:08:27,    -202
2014-01-05 02:08:29,    -204
2014-01-05 02:08:31,    -198
2014-01-05 02:08:33,    -196
2014-01-05 02:08:35,    -192
2014-01-05 02:08:37,    -190
2014-01-05 02:08:39,    -184
2014-01-05 02:08:41,    -175
2014-01-05 02:08:43,    -169
2014-01-05 02:08:45,    -161
2014-01-05 02:08:47,    -154
2014-01-05 02:08:49,    -144
2014-01-05 02:08:51,    -134
2014-01-05 02:08:53,    -121
2014-01-05 02:08:55,    -109
2014-01-05 02:08:57,    -100
2014-01-05 02:08:59,     -82
2014-01-05 02:09:01,     -77
2014-01-05 02:09:03,     -65
2014-01-05 02:09:05,     -48
2014-01-05 02:09:07,     -32
2014-01-05 02:09:09,     -19
2014-01-05 02:09:11,      -3
2014-01-05 02:09:13,       5
2014-01-05 02:09:15,      21
2014-01-05 02:09:17,      34
2014-01-05 02:09:19,      48
2014-01-05 02:09:21,      59
2014-01-05 02:09:23,      71
2014-01-05 02:09:25,      80
2014-01-05 02:09:27,      92
2014-01-05 02:09:29,     102
2014-01-05 02:09:31,     115
2014-01-05 02:09:33,     123
2014-01-05 02:09:35,     131
2014-01-05 02:09:37,     136
2014-01-05 02:09:39,     142
2014-01-05 02:09:41,     146
2014-01-05 02:09:43,     154
2014-01-05 02:09:45,     158
2014-01-05 02:09:47,     163
2014-01-05 02:09:49,     169
2014-01-05 02:09:51,     169
2014-01-05 02:09:53,     171
2014-01-05 02:09:55,     173
2014-01-05 02:09:57,     175
2014-01-05 02:09:59,     175
2014-01-05 02:10:01,     179
2014-01-05 02:10:03,     183
2014-01-05 02:10:05,     177
2014-01-05 02:10:07,     169
2014-01-05 02:10:09,     158
2014-01-05 02:10:11,     154
2014-01-05 02:10:13,     158
2014-01-05 02:10:15,     161
2014-01-05 02:10:17,     159
2014-01-05 02:10:19,     144
2014-01-05 02:10:21,     125
2014-01-05 02:10:23,     111
2014-01-05 02:10:25,     107
2014-01-05 02:10:27,     107
2014-01-05 02:10:29,     102
2014-01-05 02:10:31,      86
2014-01-05 02:10:33,      71
2014-01-05 02:10:35,      53
2014-01-05 02:10:37,      36
2014-01-05 02:10:39,      28
2014-01-05 02:10:41,      13
2014-01-05 02:10:43,       1
2014-01-05 02:10:45,      -7
2014-01-05 02:10:47,     -23
2014-01-05 02:10:49,     -40
2014-01-05 02:10:51,     -53
2014-01-05 02:10:53,     -67
2014-01-05 02:10:55,     -75
2014-01-05 02:10:57,     -90
2014-01-05 02:10:59,    -102
2014-01-05 02:11:01,    -113
2014-01-05 02:11:03,    -125
2014-01-05 02:11:05,    -134
2014-01-05 02:11:07,    -144
2014-01-05 02:11:09,    -156
2014-01-05 02:11:11,    -161
2014-01-05 02:11:13,    -167
2014-01-05 02:11:15,    -175
2014-01-05 02:11:17,    -183
2014-01-05 02:11:19,    -190
2014-01-05 02:11:21,    -194
2014-01-05 02:11:23,    -196
2014-01-05 02:11:25,    -200
2014-01-05 02:11:27,    -204
2014-01-05 02:11:29,    -206
2014-01-05 02:11:31,    -208
2014-01-05 02:11:33,    -206
2014-01-05 02:11:35,    -208
2014-01-05 02:11:37,    -204
2014-01-05 02:11:39,    -206
2014-01-05 02:11:41,    -202
2014-01-05 02:11:43,    -202
2014-01-05 02:11:45,    -204
2014-01-05 02:11:47,    -198
2014-01-05 02:11:49,    -192
2014-01-05 02:11:51,    -184
2014-01-05 02:11:53,    -179
2014-01-05 02:11:55,    -171
2014-01-05 02:11:57,    -165
2014-01-05 02:11:59,    -158
2014-01-05 02:12:01,    -148
2014-01-05 02:12:03,    -136
2014-01-05 02:12:05,    -125
2014-01-05 02:12:07,    -115
2014-01-05 02:12:09,    -102
2014-01-05 02:12:11,     -88
2014-01-05 02:12:13,     -75
2014-01-05 02:12:15,     -59
2014-01-05 02:12:17,     -46
2014-01-05 02:12:19,     -32
2014-01-05 02:12:21,     -21
2014-01-05 02:12:23,      -5
2014-01-05 02:12:25,       7
2014-01-05 02:12:27,      21
2014-01-05 02:12:29,      36
2014-01-05 02:12:31,      52
2014-01-05 02:12:33,      61
2014-01-05 02:12:35,      71
2014-01-05 02:12:37,      82
2014-01-05 02:12:39,      92
2014-01-05 02:12:41,     102
2014-01-05 02:12:43,     111
2014-01-05 02:12:45,     121
2014-01-05 02:12:47,     131
2014-01-05 02:12:49,     136
2014-01-05 02:12:51,     142
2014-01-05 02:12:53,     150
2014-01-05 02:12:55,     154
2014-01-05 02:12:57,     159
2014-01-05 02:12:59,     163
2014-01-05 02:13:01,     165
2014-01-05 02:13:03,     167
2014-01-05 02:13:05,     171
2014-01-05 02:13:07,     173
2014-01-05 02:13:09,     173
2014-01-05 02:13:11,     173
2014-01-05 02:13:13,     179
2014-01-05 02:13:15,     177
2014-01-05 02:13:17,     173
2014-01-05 02:13:19,     167
2014-01-05 02:13:21,     163
2014-01-05 02:13:23,     159
2014-01-05 02:13:25,     158
2014-01-05 02:13:27,     150
2014-01-05 02:13:29,     142
2014-01-05 02:13:31,     138
2014-01-05 02:13:33,     131
2014-01-05 02:13:35,     123
2014-01-05 02:13:37,     115
2014-01-05 02:13:39,     104
2014-01-05 02:13:41,      92
2014-01-05 02:13:43,      79
2014-01-05 02:13:45,      65
2014-01-05 02:13:47,      53
2014-01-05 02:13:49,      42
2014-01-05 02:13:51,      28
2014-01-05 02:13:53,      11
2014-01-05 02:13:55,      -3
2014-01-05 02:13:57,     -15
2014-01-05 02:13:59,     -25
2014-01-05 02:14:01,     -36
2014-01-05 02:14:03,     -52
2014-01-05 02:14:05,     -67
2014-01-05 02:14:07,     -80
2014-01-05 02:14:09,     -96
2014-01-05 02:14:11,    -104
2014-01-05 02:14:13,    -111
2014-01-05 02:14:15,    -125
2014-01-05 02:14:17,    -134
2014-01-05 02:14:19,    -142
2014-01-05 02:14:21,    -156
2014-01-05 02:14:23,    -165
2014-01-05 02:14:25,    -169
2014-01-05 02:14:27,    -177
2014-01-05 02:14:29,    -181
2014-01-05 02:14:31,    -183
2014-01-05 02:14:33,    -190
2014-01-05 02:14:35,    -196
2014-01-05 02:14:37,    -198
2014-01-05 02:14:39,    -200
2014-01-05 02:14:41,    -202
2014-01-05 02:14:43,    -206
2014-01-05 02:14:45,    -208
2014-01-05 02:14:47,    -210
2014-01-05 02:14:49,    -208
2014-01-05 02:14:51,    -208
2014-01-05 02:14:53,    -202
2014-01-05 02:14:55,    -200
2014-01-05 02:14:57,    -200
2014-01-05 02:14:59,    -192
2014-01-05 02:15:01,    -190
2014-01-05 02:15:03,    -184
2014-01-05 02:15:05,    -179
2014-01-05 02:15:07,    -171
2014-01-05 02:15:09,    -163
2014-01-05 02:15:11,    -158
2014-01-05 02:15:13,    -148
2014-01-05 02:15:15,    -138
2014-01-05 02:15:17,    -125
2014-01-05 02:15:19,    -113
2014-01-05 02:15:21,    -100
2014-01-05 02:15:23,     -88
2014-01-05 02:15:25,     -77
2014-01-05 02:15:27,     -61
2014-01-05 02:15:29,     -50
2014-01-05 02:15:31,     -38
2014-01-05 02:15:33,     -19
2014-01-05 02:15:35,      -7
2014-01-05 02:15:37,       7
2014-01-05 02:15:39,      19
2014-01-05 02:15:41,      36
2014-01-05 02:15:43,      48
2014-01-05 02:15:45,      57
2014-01-05 02:15:47,      71
2014-01-05 02:15:49,      80
2014-01-05 02:15:51,      88
2014-01-05 02:15:53,     104
2014-01-05 02:15:55,     115
2014-01-05 02:15:57,     123
2014-01-05 02:15:59,     129
2014-01-05 02:16:01,     136
2014-01-05 02:16:03,     140
2014-01-05 02:16:05,     150
2014-01-05 02:16:07,     158
2014-01-05 02:16:09,     159
2014-01-05 02:16:11,     163
2014-01-05 02:16:13,     163
2014-01-05 02:16:15,     169
2014-01-05 02:16:17,     167
2014-01-05 02:16:19,     173
2014-01-05 02:16:21,     175
2014-01-05 02:16:23,     177
2014-01-05 02:16:25,     177
2014-01-05 02:16:27,     175
2014-01-05 02:16:29,     171
2014-01-05 02:16:31,     167
2014-01-05 02:16:33,     163
2014-01-05 02:16:35,     161
2014-01-05 02:16:37,     152
2014-01-05 02:16:39,     154
2014-01-05 02:16:41,     146
2014-01-05 02:16:43,     138
2014-01-05 02:16:45,     131
2014-01-05 02:16:47,     123
2014-01-05 02:16:49,     113
2014-01-05 02:16:51,     104
2014-01-05 02:16:53,      90
2014-01-05 02:16:55,      79
2014-01-05 02:16:57,      65
2014-01-05 02:16:59,      53
2014-01-05 02:17:01,      42
2014-01-05 02:17:03,      26
2014-01-05 02:17:05,      13
2014-01-05 02:17:07,      -3
2014-01-05 02:17:09,     -11
2014-01-05 02:17:11,     -26
2014-01-05 02:17:13,     -42
2014-01-05 02:17:15,     -52
2014-01-05 02:17:17,     -69
2014-01-05 02:17:19,     -82
2014-01-05 02:17:21,     -92
2014-01-05 02:17:23,    -105
2014-01-05 02:17:25,    -117
2014-01-05 02:17:27,    -125
2014-01-05 02:17:29,    -136
2014-01-05 02:17:31,    -144
2014-01-05 02:17:33,    -152
2014-01-05 02:17:35,    -163
2014-01-05 02:17:37,    -171
2014-01-05 02:17:39,    -177
2014-01-05 02:17:41,    -183
2014-01-05 02:17:43,    -188
2014-01-05 02:17:45,    -192
2014-01-05 02:17:47,    -198
2014-01-05 02:17:49,    -200
2014-01-05 02:17:51,    -204
2014-01-05 02:17:53,    -204
2014-01-05 02:17:55,    -208
2014-01-05 02:17:57,    -208
2014-01-05 02:17:59,    -210
2014-01-05 02:18:01,    -208
2014-01-05 02:18:03,    -206
2014-01-05 02:18:05,    -204
2014-01-05 02:18:07,    -204
2014-01-05 02:18:09,    -200
2014-01-05 02:18:11,    -200
2014-01-05 02:18:13,    -188
2014-01-05 02:18:15,    -183
2014-01-05 02:18:17,    -175
2014-01-05 02:18:19,    -171
2014-01-05 02:18:21,    -167
2014-01-05 02:18:23,    -161
2014-01-05 02:18:25,    -148
2014-01-05 02:18:27,    -136
2014-01-05 02:18:29,    -127
2014-01-05 02:18:31,    -113
2014-01-05 02:18:33,     -98
2014-01-05 02:18:35,     -90
2014-01-05 02:18:37,     -79
2014-01-05 02:18:39,     -65
2014-01-05 02:18:41,     -46
2014-01-05 02:18:43,     -30
2014-01-05 02:18:45,     -21
2014-01-05 02:18:47,      -9
2014-01-05 02:18:49,       7
2014-01-05 02:18:51,      15
2014-01-05 02:18:53,      30
2014-01-05 02:18:55,      44
2014-01-05 02:18:57,      55
2014-01-05 02:18:59,      65
2014-01-05 02:19:01,      79
2014-01-05 02:19:03,      88
2014-01-05 02:19:05,      96
2014-01-05 02:19:07,     107
2014-01-05 02:19:09,     113
2014-01-05 02:19:11,     125
2014-01-05 02:19:13,     129
2014-01-05 02:19:15,     138
2014-01-05 02:19:17,     142
2014-01-05 02:19:19,     150
2014-01-05 02:19:21,     154
2014-01-05 02:19:23,     158
2014-01-05 02:19:25,     163
2014-01-05 02:19:27,     163
2014-01-05 02:19:29,     169
2014-01-05 02:19:31,     167
2014-01-05 02:19:33,     171
2014-01-05 02:19:35,     173
2014-01-05 02:19:37,     173
2014-01-05 02:19:39,     173
2014-01-05 02:19:41,     169
2014-01-05 02:19:43,     169
2014-01-05 02:19:45,     167
2014-01-05 02:19:47,     165
2014-01-05 02:19:49,     161
2014-01-05 02:19:51,     158
2014-01-05 02:19:53,     150
2014-01-05 02:19:55,     144
2014-01-05 02:19:57,     136
2014-01-05 02:19:59,     129
2014-01-05 02:20:01,     119
2014-01-05 02:20:03,     109
2014-01-05 02:20:05,     102
2014-01-05 02:20:07,      90
2014-01-05 02:20:09,      79
2014-01-05 02:20:11,      67
2014-01-05 02:20:13,      55
2014-01-05 02:20:15,      44
2014-01-05 02:20:17,      28
2014-01-05 02:20:19,      11
2014-01-05 02:20:21,      -1
2014-01-05 02:20:23,     -15
2014-01-05 02:20:25,     -25
2014-01-05 02:20:27,     -40
2014-01-05 02:20:29,     -52
2014-01-05 02:20:31,     -63
2014-01-05 02:20:33,     -79
2014-01-05 02:20:35,     -90
2014-01-05 02:20:37,    -102
2014-01-05 02:20:39,    -113
2014-01-05 02:20:41,    -123
2014-01-05 02:20:43,    -132
2014-01-05 02:20:45,    -144
2014-01-05 02:20:47,    -154
2014-01-05 02:20:49,    -165
2014-01-05 02:20:51,    -173
2014-01-05 02:20:53,    -173
2014-01-05 02:20:55,    -181
2014-01-05 02:20:57,    -186
2014-01-05 02:20:59,    -188
2014-01-05 02:21:01,    -196
2014-01-05 02:21:03,    -198
2014-01-05 02:21:05,    -204
2014-01-05 02:21:07,    -204
2014-01-05 02:21:09,    -204
2014-01-05 02:21:11,    -206
2014-01-05 02:21:13,    -204
2014-01-05 02:21:15,    -206
2014-01-05 02:21:17,    -204
2014-01-05 02:21:19,    -206
2014-01-05 02:21:21,    -202
2014-01-05 02:21:23,    -198
2014-01-05 02:21:25,    -196
2014-01-05 02:21:27,    -188
2014-01-05 02:21:29,    -184
2014-01-05 02:21:31,    -175
2014-01-05 02:21:33,    -171
2014-01-05 02:21:35,    -163
2014-01-05 02:21:37,    -152
2014-01-05 02:21:39,    -144
2014-01-05 02:21:41,    -132
2014-01-05 02:21:43,    -125
2014-01-05 02:21:45,    -109
2014-01-05 02:21:47,     -96
2014-01-05 02:21:49,     -86
2014-01-05 02:21:51,     -73
2014-01-05 02:21:53,     -59
2014-01-05 02:21:55,     -46
2014-01-05 02:21:57,     -32
2014-01-05 02:21:59,     -15
2014-01-05 02:22:01,      -1
2014-01-05 02:22:03,      11
2014-01-05 02:22:05,      25
2014-01-05 02:22:07,      38
2014-01-05 02:22:09,      50
2014-01-05 02:22:11,      63
2014-01-05 02:22:13,      75
2014-01-05 02:22:15,      88
2014-01-05 02:22:17,      96
2014-01-05 02:22:19,     109
2014-01-05 02:22:21,     119
2014-01-05 02:22:23,     129
2014-01-05 02:22:25,     136
2014-01-05 02:22:27,     140
2014-01-05 02:22:29,     146
2014-01-05 02:22:31,     154
2014-01-05 02:22:33,     159
2014-01-05 02:22:35,     165
2014-01-05 02:22:37,     165
2014-01-05 02:22:39,     169
2014-01-05 02:22:41,     167
2014-01-05 02:22:43,     173
2014-01-05 02:22:45,     175
2014-01-05 02:22:47,     175
2014-01-05 02:22:49,     175
2014-01-05 02:22:51,     171
2014-01-05 02:22:53,     173
2014-01-05 02:22:55,     167
2014-01-05 02:22:57,     163
2014-01-05 02:22:59,     159
2014-01-05 02:23:01,     158
2014-01-05 02:23:03,     152
2014-01-05 02:23:05,     148
2014-01-05 02:23:07,     138
2014-01-05 02:23:09,     131
2014-01-05 02:23:11,     123
2014-01-05 02:23:13,     111
2014-01-05 02:23:15,     104
2014-01-05 02:23:17,      92
2014-01-05 02:23:19,      80
2014-01-05 02:23:21,      67
2014-01-05 02:23:23,      53
2014-01-05 02:23:25,      40
2014-01-05 02:23:27,      26
2014-01-05 02:23:29,      11
2014-01-05 02:23:31,      -1
2014-01-05 02:23:33,     -13
2014-01-05 02:23:35,     -28
2014-01-05 02:23:37,     -44
2014-01-05 02:23:39,     -53
2014-01-05 02:23:41,     -71
2014-01-05 02:23:43,     -84
2014-01-05 02:23:45,     -94
2014-01-05 02:23:47,    -104
2014-01-05 02:23:49,    -115
2014-01-05 02:23:51,    -129
2014-01-05 02:23:53,    -138
2014-01-05 02:23:55,    -146
2014-01-05 02:23:57,    -156
2014-01-05 02:23:59,    -163
2014-01-05 02:24:01,    -171
2014-01-05 02:24:03,    -179
2014-01-05 02:24:05,    -184
2014-01-05 02:24:07,    -184
2014-01-05 02:24:09,    -192
2014-01-05 02:24:11,    -198
2014-01-05 02:24:13,    -198
2014-01-05 02:24:15,    -200
2014-01-05 02:24:17,    -202
2014-01-05 02:24:19,    -206
2014-01-05 02:24:21,    -208
2014-01-05 02:24:23,    -206
2014-01-05 02:24:25,    -210
2014-01-05 02:24:27,    -204
2014-01-05 02:24:29,    -202
2014-01-05 02:24:31,    -200
2014-01-05 02:24:33,    -202
2014-01-05 02:24:35,    -200
2014-01-05 02:24:37,    -192
2014-01-05 02:24:39,    -186
2014-01-05 02:24:41,    -179
2014-01-05 02:24:43,    -173
2014-01-05 02:24:45,    -163
2014-01-05 02:24:47,    -161
2014-01-05 02:24:49,    -150
2014-01-05 02:24:51,    -138
2014-01-05 02:24:53,    -129
2014-01-05 02:24:55,    -115
2014-01-05 02:24:57,    -104
2014-01-05 02:24:59,     -92
2014-01-05 02:25:01,     -79
2014-01-05 02:25:03,     -65
2014-01-05 02:25:05,     -52
2014-01-05 02:25:07,     -34
2014-01-05 02:25:09,     -21
2014-01-05 02:25:11,     -11
2014-01-05 02:25:13,       1
2014-01-05 02:25:15,      15
2014-01-05 02:25:17,      26
2014-01-05 02:25:19,      42
2014-01-05 02:25:21,      52
2014-01-05 02:25:23,      65
2014-01-05 02:25:25,      77
2014-01-05 02:25:27,      86
2014-01-05 02:25:29,      96
2014-01-05 02:25:31,     105
2014-01-05 02:25:33,     115
2014-01-05 02:25:35,     123
2014-01-05 02:25:37,     129
2014-01-05 02:25:39,     134
2014-01-05 02:25:41,     140
2014-01-05 02:25:43,     148
2014-01-05 02:25:45,     152
2014-01-05 02:25:47,     161
2014-01-05 02:25:49,     165
2014-01-05 02:25:51,     167
2014-01-05 02:25:53,     165
2014-01-05 02:25:55,     165
2014-01-05 02:25:57,     171
2014-01-05 02:25:59,     179
2014-01-05 02:26:01,     177
2014-01-05 02:26:03,     169
2014-01-05 02:26:05,     167
2014-01-05 02:26:07,     167
2014-01-05 02:26:09,     169
2014-01-05 02:26:11,     169
2014-01-05 02:26:13,     165
2014-01-05 02:26:15,     159
2014-01-05 02:26:17,     150
2014-01-05 02:26:19,     142
2014-01-05 02:26:21,     136
2014-01-05 02:26:23,     131
2014-01-05 02:26:25,     121
2014-01-05 02:26:27,     109
2014-01-05 02:26:29,     100
2014-01-05 02:26:31,      86
2014-01-05 02:26:33,      77
2014-01-05 02:26:35,      63
2014-01-05 02:26:37,      55
2014-01-05 02:26:39,      40
2014-01-05 02:26:41,      26
2014-01-05 02:26:43,       7
2014-01-05 02:26:45,      -5
2014-01-05 02:26:47,     -15
2014-01-05 02:26:49,     -26
2014-01-05 02:26:51,     -40
2014-01-05 02:26:53,     -55
2014-01-05 02:26:55,     -71
2014-01-05 02:26:57,     -84
2014-01-05 02:26:59,     -96
2014-01-05 02:27:01,    -105
2014-01-05 02:27:03,    -113
2014-01-05 02:27:05,    -127
2014-01-05 02:27:07,    -134
2014-01-05 02:27:09,    -146
2014-01-05 02:27:11,    -158
2014-01-05 02:27:13,    -167
2014-01-05 02:27:15,    -169
2014-01-05 02:27:17,    -175
2014-01-05 02:27:19,    -184
2014-01-05 02:27:21,    -186
2014-01-05 02:27:23,    -190
2014-01-05 02:27:25,    -194
2014-01-05 02:27:27,    -200
2014-01-05 02:27:29,    -204
2014-01-05 02:27:31,    -204
2014-01-05 02:27:33,    -204
2014-01-05 02:27:35,    -206
2014-01-05 02:27:37,    -206
2014-01-05 02:27:39,    -204
2014-01-05 02:27:41,    -206
2014-01-05 02:27:43,    -202
2014-01-05 02:27:45,    -200
2014-01-05 02:27:47,    -198
2014-01-05 02:27:49,    -190
2014-01-05 02:27:51,    -186
2014-01-05 02:27:53,    -181
2014-01-05 02:27:55,    -171
2014-01-05 02:27:57,    -165
2014-01-05 02:27:59,    -158
2014-01-05 02:28:01,    -148
2014-01-05 02:28:03,    -140
2014-01-05 02:28:05,    -129
2014-01-05 02:28:07,    -113
2014-01-05 02:28:09,    -105
2014-01-05 02:28:11,     -92
2014-01-05 02:28:13,     -79
2014-01-05 02:28:15,     -65
2014-01-05 02:28:17,     -55
2014-01-05 02:28:37,     -42
2014-01-05 02:28:39,     -28
2014-01-05 02:28:41,     -11
2014-01-05 02:28:43,       1
2014-01-05 02:28:45,      17
2014-01-05 02:28:47,      30
2014-01-05 02:28:49,      44
2014-01-05 02:28:51,      57
2014-01-05 02:28:53,      67
2014-01-05 02:28:55,      77
2014-01-05 02:28:57,      88
2014-01-05 02:28:59,     100
2014-01-05 02:29:01,     109
2014-01-05 02:29:03,     121
2014-01-05 02:29:05,     127
2014-01-05 02:29:11,     134
2014-01-05 02:29:13,     142
2014-01-05 02:29:15,     148
2014-01-05 02:29:17,     152
2014-01-05 02:29:19,     158
2014-01-05 02:29:21,     161
2014-01-05 02:29:23,     163
2014-01-05 02:29:25,     169
2014-01-05 02:29:27,     173
2014-01-05 02:29:29,     175
2014-01-05 02:29:33,     175
2014-01-05 02:29:35,     177
2014-01-05 02:29:37,     175
2014-01-05 02:29:39,     175
2014-01-05 02:29:41,    -343
2014-01-05 02:29:43,   -3110
2014-01-05 02:29:45,  -11055
2014-01-05 02:29:47,  -21347
2014-01-05 02:29:49,  -28373
2014-01-05 02:29:51,  -31034
2014-01-05 02:29:53,  -27610
2014-01-05 02:29:55,  -16994
2014-01-05 02:29:59,   -5757
2014-01-05 02:30:01,   -1541
2014-01-05 02:30:03,   -5380
2014-01-05 02:30:04,  -15803
2014-01-05 02:30:05,  -28225
2014-01-05 02:30:06,  -32767
2014-01-05 02:30:07,  -25477
2014-01-05 02:30:08,  -13616
2014-01-05 02:30:09,   -4146
2014-01-05 02:30:10,     343
2014-01-05 02:30:11,   -3248
2014-01-05 02:30:12,  -13519
2014-01-05 02:30:13,  -21804
2014-01-05 02:30:14,  -22415
2014-01-05 02:30:15,  -16626
2014-01-05 02:30:16,   -7120
2014-01-05 02:30:17,    1697
2014-01-05 02:30:18,    4033
2014-01-05 02:30:19,     111
2014-01-05 02:30:20,   -5162
2014-01-05 02:30:21,   -9430
2014-01-05 02:30:22,  -10737
2014-01-05 02:30:24,   -5983
2014-01-05 02:30:25,    2418
2014-01-05 02:30:26,    8110
2014-01-05 02:30:27,    9579
2014-01-05 02:30:28,    8496
2014-01-05 02:30:29,    5081
2014-01-05 02:30:30,    1489
2014-01-05 02:30:32,    1636
2014-01-05 02:30:34,    5366
2014-01-05 02:30:36,   10087
2014-01-05 02:30:38,   14699
2014-01-05 02:30:40,   17308
2014-01-05 02:30:42,   15942
2014-01-05 02:30:44,   12953
2014-01-05 02:30:46,   11589
2014-01-05 02:30:48,   11546
2014-01-05 02:30:50,   12747
2014-01-05 02:30:52,   16370
2014-01-05 02:30:54,   20310
2014-01-05 02:30:56,   21405
2014-01-05 02:30:58,   20351
2014-01-05 02:31:00,   18838
2014-01-05 02:31:02,   16936
2014-01-05 02:31:04,   15892
2014-01-05 02:31:06,   17156
2014-01-05 02:31:08,   19289
2014-01-05 02:31:10,   20753
2014-01-05 02:31:12,   21738
2014-01-05 02:31:14,   21397
2014-01-05 02:31:16,   19000
2014-01-05 02:31:18,   16732
2014-01-05 02:31:20,   16237
2014-01-05 02:31:22,   16287
2014-01-05 02:31:24,   16512
2014-01-05 02:31:26,   17551
2014-01-05 02:31:28,   17984
2014-01-05 02:31:30,   16533
2014-01-05 02:31:32,   14475
2014-01-05 02:31:34,   12731
2014-01-05 02:31:36,   11043
2014-01-05 02:31:38,   10201
2014-01-05 02:31:40,   10504
2014-01-05 02:31:42,   10430
2014-01-05 02:31:44,    9517
2014-01-05 02:31:46,    8502
2014-01-05 02:31:48,    6852
2014-01-05 02:31:50,    4337
2014-01-05 02:31:52,    2574
2014-01-05 02:31:54,    2004
2014-01-05 02:31:56,    1348
2014-01-05 02:31:58,     547
2014-01-05 02:32:00,       9
2014-01-05 02:32:02,   -1185
2014-01-05 02:32:04,   -3204
2014-01-05 02:32:06,   -4942
2014-01-05 02:32:08,   -6293
2014-01-05 02:32:10,   -7577
2014-01-05 02:32:12,   -8201
2014-01-05 02:32:14,   -8411
2014-01-05 02:32:16,   -9301
2014-01-05 02:32:18,  -10575
2014-01-05 02:32:20,  -11562
2014-01-05 02:32:22,  -12812
2014-01-05 02:32:24,  -14261
2014-01-05 02:32:26,  -14897
2014-01-05 02:32:28,  -14999
2014-01-05 02:32:30,  -15421
2014-01-05 02:32:32,  -15847
2014-01-05 02:32:34,  -16142
2014-01-05 02:32:36,  -16886
2014-01-05 02:32:38,  -17716
2014-01-05 02:32:40,  -18006
2014-01-05 02:32:42,  -18152
2014-01-05 02:32:44,  -18243
2014-01-05 02:32:46,  -17830
2014-01-05 02:32:48,  -17427
2014-01-05 02:32:50,  -17562
2014-01-05 02:32:52,  -17599
2014-01-05 02:32:54,  -17291
2014-01-05 02:32:56,  -17152
2014-01-05 02:32:58,  -16880
2014-01-05 02:33:00,  -16027
2014-01-05 02:33:02,  -15161
2014-01-05 02:33:04,  -14556
2014-01-05 02:33:06,  -13791
2014-01-05 02:33:08,  -13040
2014-01-05 02:33:10,  -12521
2014-01-05 02:33:12,  -11723
2014-01-05 02:33:14,  -10592
2014-01-05 02:33:16,   -9594
2014-01-05 02:33:18,   -8505
2014-01-05 02:33:20,   -7147
2014-01-05 02:33:22,   -6043
2014-01-05 02:33:24,   -5199
2014-01-05 02:33:26,   -4058
2014-01-05 02:33:28,   -2811
2014-01-05 02:33:30,   -1736
2014-01-05 02:33:32,    -448
2014-01-05 02:33:34,    1007
2014-01-05 02:33:36,    2198
2014-01-05 02:33:38,    3299
2014-01-05 02:33:40,    4528
2014-01-05 02:33:42,    5599
2014-01-05 02:33:44,    6603
2014-01-05 02:33:46,    7864
2014-01-05 02:33:48,    9076
2014-01-05 02:33:50,   10051
2014-01-05 02:33:52,   11130
2014-01-05 02:33:54,   12219
2014-01-05 02:33:56,   12982
2014-01-05 02:33:58,   13714
2014-01-05 02:34:00,   14618
2014-01-05 02:34:02,   15362
2014-01-05 02:34:04,   15982
2014-01-05 02:34:06,   16718
2014-01-05 02:34:08,   17318
2014-01-05 02:34:10,   17674
2014-01-05 02:34:12,   18063
2014-01-05 02:34:14,   18401
2014-01-05 02:34:16,   18510
2014-01-05 02:34:18,   18667
2014-01-05 02:34:20,   18882
2014-01-05 02:34:22,   18859
2014-01-05 02:34:24,   18709
2014-01-05 02:34:26,   18624
2014-01-05 02:34:28,   18366
2014-01-05 02:34:30,   17903
2014-01-05 02:34:32,   17524
2014-01-05 02:34:34,   17119
2014-01-05 02:34:36,   16518
2014-01-05 02:34:38,   15911
2014-01-05 02:34:40,   15310
2014-01-05 02:34:42,   14495
2014-01-05 02:34:44,   13616
2014-01-05 02:34:46,   12795
2014-01-05 02:34:48,   11847
2014-01-05 02:34:50,   10804
2014-01-05 02:34:52,    9860
2014-01-05 02:34:54,    8860
2014-01-05 02:34:56,    7692
2014-01-05 02:34:58,    6555
2014-01-05 02:35:00,    5453
2014-01-05 02:35:02,    4214
2014-01-05 02:35:04,    2965
2014-01-05 02:35:06,    1824
2014-01-05 02:35:08,     612
2014-01-05 02:35:10,    -643
2014-01-05 02:35:12,   -1807
2014-01-05 02:35:14,   -2996
2014-01-05 02:35:16,   -4256
2014-01-05 02:35:18,   -5420
2014-01-05 02:35:20,   -6521
2014-01-05 02:35:22,   -7679
2014-01-05 02:35:24,   -8766
2014-01-05 02:35:26,   -9725
2014-01-05 02:35:28,  -10719
2014-01-05 02:35:30,  -11731
2014-01-05 02:35:32,  -12600
2014-01-05 02:35:34,  -13425
2014-01-05 02:35:36,  -14259
2014-01-05 02:35:38,  -14967
2014-01-05 02:35:40,  -15572
2014-01-05 02:35:42,  -16183
2014-01-05 02:35:44,  -16714
2014-01-05 02:35:46,  -17136
2014-01-05 02:35:48,  -17551
2014-01-05 02:35:50,  -17892
2014-01-05 02:35:52,  -18050
2014-01-05 02:35:54,  -18144
2014-01-05 02:35:56,  -18237
2014-01-05 02:35:58,  -18202
2014-01-05 02:36:00,  -18069
2014-01-05 02:36:02,  -17934
2014-01-05 02:36:04,  -17703
2014-01-05 02:36:06,  -17327
2014-01-05 02:36:08,  -16926
2014-01-05 02:36:10,  -16472
2014-01-05 02:36:12,  -15895
2014-01-05 02:36:14,  -15265
2014-01-05 02:36:16,  -14620
2014-01-05 02:36:18,  -13861
2014-01-05 02:36:20,  -13026
2014-01-05 02:36:22,  -12196
2014-01-05 02:36:24,  -11305
2014-01-05 02:36:26,  -10309
2014-01-05 02:36:28,   -9303
2014-01-05 02:36:30,   -8293
2014-01-05 02:36:32,   -7187
2014-01-05 02:36:34,   -6058
2014-01-05 02:36:36,   -4952
2014-01-05 02:36:38,   -3790
2014-01-05 02:36:40,   -2584
2014-01-05 02:36:42,   -1416
2014-01-05 02:36:44,    -231
2014-01-05 02:36:46,     994
2014-01-05 02:36:48,    2185
2014-01-05 02:36:50,    3345
2014-01-05 02:36:52,    4532
2014-01-05 02:36:54,    5700
2014-01-05 02:36:56,    6798
2014-01-05 02:36:58,    7906
2014-01-05 02:37:00,    9008
2014-01-05 02:37:02,   10014
2014-01-05 02:37:04,   10982
2014-01-05 02:37:06,   11949
2014-01-05 02:37:08,   12841
2014-01-05 02:37:10,   13650
2014-01-05 02:37:12,   14444
2014-01-05 02:37:14,   15186
2014-01-05 02:37:16,   15828
2014-01-05 02:37:18,   16410
2014-01-05 02:37:20,   16953
2014-01-05 02:37:22,   17391
2014-01-05 02:37:24,   17755
2014-01-05 02:37:26,   18081
2014-01-05 02:37:28,   18310
2014-01-05 02:37:30,   18437
2014-01-05 02:37:32,   18514
2014-01-05 02:37:34,   18524
2014-01-05 02:37:36,   18420
2014-01-05 02:37:38,   18254
2014-01-05 02:37:40,   18034
2014-01-05 02:37:42,   17709
2014-01-05 02:37:44,   17306
2014-01-05 02:37:46,   16857
2014-01-05 02:37:48,   16323
2014-01-05 02:37:50,   15703
2014-01-05 02:37:52,   15040
2014-01-05 02:37:54,   14317
2014-01-05 02:37:56,   13504
2014-01-05 02:37:58,   12647
2014-01-05 02:38:00,   11758
2014-01-05 02:38:02,   10795
2014-01-05 02:38:04,    9785
2014-01-05 02:38:06,    8756
2014-01-05 02:38:08,    7681
2014-01-05 02:38:10,    6555
2014-01-05 02:38:12,    5422
2014-01-05 02:38:14,    4270
2014-01-05 02:38:16,    3079
2014-01-05 02:38:18,    1876
2014-01-05 02:38:20,     684
2014-01-05 02:38:22,    -529
2014-01-05 02:38:24,   -1745
2014-01-05 02:38:26,   -2927
2014-01-05 02:38:28,   -4098
2014-01-05 02:38:30,   -5274
2014-01-05 02:38:32,   -6409
2014-01-05 02:38:34,   -7513
2014-01-05 02:38:36,   -8604
2014-01-05 02:38:38,   -9648
2014-01-05 02:38:40,  -10637
2014-01-05 02:38:42,  -11596
2014-01-05 02:38:44,  -12508
2014-01-05 02:38:46,  -13348
2014-01-05 02:38:48,  -14140
2014-01-05 02:38:50,  -14886
2014-01-05 02:38:52,  -15556
2014-01-05 02:38:54,  -16156
2014-01-05 02:38:56,  -16691
2014-01-05 02:38:58,  -17150
2014-01-05 02:39:00,  -17526
2014-01-05 02:39:02,  -17844
2014-01-05 02:39:04,  -18081
2014-01-05 02:39:06,  -18227
2014-01-05 02:39:08,  -18304
2014-01-05 02:39:10,  -18316
2014-01-05 02:39:12,  -18229
2014-01-05 02:39:14,  -18061
2014-01-05 02:39:16,  -17828
2014-01-05 02:39:18,  -17514
2014-01-05 02:39:20,  -17117
2014-01-05 02:39:22,  -16659
2014-01-05 02:39:24,  -16125
2014-01-05 02:39:26,  -15508
2014-01-05 02:39:28,  -14832
2014-01-05 02:39:30,  -14099
2014-01-05 02:39:32,  -13298
2014-01-05 02:39:34,  -12440
2014-01-05 02:39:36,  -11533
2014-01-05 02:39:38,  -10573
2014-01-05 02:39:40,   -9559
2014-01-05 02:39:42,   -8515
2014-01-05 02:39:44,   -7434
2014-01-05 02:39:46,   -6312
2014-01-05 02:39:48,   -5164
2014-01-05 02:39:50,   -4000
2014-01-05 02:39:52,   -2807
2014-01-05 02:39:54,   -1605
2014-01-05 02:39:56,    -402
2014-01-05 02:39:58,     801
2014-01-05 02:40:00,    1998
2014-01-05 02:40:02,    3171
2014-01-05 02:40:04,    4345
2014-01-05 02:40:06,    5518
2014-01-05 02:40:08,    6669
2014-01-05 02:40:10,    7787
2014-01-05 02:40:12,    8866
2014-01-05 02:40:14,    9899
2014-01-05 02:40:16,   10887
2014-01-05 02:40:18,   11833
2014-01-05 02:40:20,   12739
2014-01-05 02:40:22,   13583
2014-01-05 02:40:24,   14365
2014-01-05 02:40:26,   15092
2014-01-05 02:40:28,   15741
2014-01-05 02:40:30,   16323
2014-01-05 02:40:32,   16847
2014-01-05 02:40:34,   17294
2014-01-05 02:40:36,   17663
2014-01-05 02:40:38,   17954
2014-01-05 02:40:40,   18173
2014-01-05 02:40:42,   18304
2014-01-05 02:40:44,   18360
2014-01-05 02:40:46,   18341
2014-01-05 02:40:48,   18239
2014-01-05 02:40:50,   18056
2014-01-05 02:40:52,   17799
2014-01-05 02:40:54,   17460
2014-01-05 02:40:56,   17044
2014-01-05 02:40:58,   16560
2014-01-05 02:41:00,   16007
2014-01-05 02:41:02,   15379
2014-01-05 02:41:04,   14681
2014-01-05 02:41:06,   13926
2014-01-05 02:41:08,   13113
2014-01-05 02:41:10,   12240
2014-01-05 02:41:12,   11319
2014-01-05 02:41:14,   10350
2014-01-05 02:41:16,    9336
2014-01-05 02:41:18,    8280
2014-01-05 02:41:20,    7191
2014-01-05 02:41:22,    6062
2014-01-05 02:41:24,    4913
2014-01-05 02:41:26,    3748
2014-01-05 02:41:28,    2561
2014-01-05 02:41:30,    1360
2014-01-05 02:41:32,     156
2014-01-05 02:41:34,   -1046
2014-01-05 02:41:36,   -2248
2014-01-05 02:41:38,   -3441
2014-01-05 02:41:40,   -4609
2014-01-05 02:41:42,   -5759
2014-01-05 02:41:44,   -6879
2014-01-05 02:41:46,   -7968
2014-01-05 02:41:48,   -9031
2014-01-05 02:41:50,  -10059
2014-01-05 02:41:52,  -11036
2014-01-05 02:41:54,  -11968
2014-01-05 02:41:56,  -12849
2014-01-05 02:41:58,  -13670
2014-01-05 02:42:00,  -14433
2014-01-05 02:42:02,  -15138
2014-01-05 02:42:04,  -15778
2014-01-05 02:42:06,  -16346
2014-01-05 02:42:08,  -16813
2014-01-05 02:42:10,  -17206
2014-01-05 02:42:12,  -17634
2014-01-05 02:42:14,  -17977
2014-01-05 02:42:16,  -18135
2014-01-05 02:42:18,  -18225
2014-01-05 02:42:20,  -18287
2014-01-05 02:42:22,  -18225
2014-01-05 02:42:24,  -18083
2014-01-05 02:42:26,  -17950
2014-01-05 02:42:28,  -17707
2014-01-05 02:42:30,  -17329
2014-01-05 02:42:32,  -16923
2014-01-05 02:42:34,  -16450
2014-01-05 02:42:36,  -15855
2014-01-05 02:42:38,  -15227
2014-01-05 02:42:40,  -14579
2014-01-05 02:42:42,  -13812
2014-01-05 02:42:44,  -12982
2014-01-05 02:42:46,  -12151
2014-01-05 02:42:48,  -11238
2014-01-05 02:42:50,  -10236
2014-01-05 02:42:52,   -9241
2014-01-05 02:42:54,   -8224
2014-01-05 02:42:56,   -7114
2014-01-05 02:42:58,   -5994
2014-01-05 02:43:00,   -4888
2014-01-05 02:43:02,   -3721
2014-01-05 02:43:04,   -2520
2014-01-05 02:43:06,   -1358
2014-01-05 02:43:08,    -169
2014-01-05 02:43:10,    1054
2014-01-05 02:43:12,    2229
2014-01-05 02:43:14,    3383
2014-01-05 02:43:16,    4567
2014-01-05 02:43:18,    5713
2014-01-05 02:43:20,    6806
2014-01-05 02:43:22,    7910
2014-01-05 02:43:24,    8987
2014-01-05 02:43:26,    9981
2014-01-05 02:43:28,   10945
2014-01-05 02:43:30,   11893
2014-01-05 02:43:32,   12762
2014-01-05 02:43:34,   13564
2014-01-05 02:43:36,   14348
2014-01-05 02:43:38,   15059
2014-01-05 02:43:40,   15678
2014-01-05 02:43:42,   16260
2014-01-05 02:43:44,   16780
2014-01-05 02:43:46,   17192
2014-01-05 02:43:48,   17543
2014-01-05 02:43:50,   17848
2014-01-05 02:43:52,   18046
2014-01-05 02:43:54,   18158
2014-01-05 02:43:56,   18223
2014-01-05 02:43:58,   18210
2014-01-05 02:44:00,   18081
2014-01-05 02:44:02,   17909
2014-01-05 02:44:04,   17666
2014-01-05 02:44:06,   17320
2014-01-05 02:44:08,   16903
2014-01-05 02:44:10,   16441
2014-01-05 02:44:12,   15880
2014-01-05 02:44:14,   15252
2014-01-05 02:44:16,   14581
2014-01-05 02:44:18,   13837
2014-01-05 02:44:20,   13017
2014-01-05 02:44:22,   12157
2014-01-05 02:44:24,   11255
2014-01-05 02:44:26,   10282
2014-01-05 02:44:28,    9268
2014-01-05 02:44:30,    8241
2014-01-05 02:44:32,    7158
2014-01-05 02:44:34,    6033
2014-01-05 02:44:36,    4908
2014-01-05 02:44:38,    3749
2014-01-05 02:44:40,    2551
2014-01-05 02:44:42,    1368
2014-01-05 02:44:44,     181
2014-01-05 02:44:46,   -1023
2014-01-05 02:44:48,   -2216
2014-01-05 02:44:50,   -3381
2014-01-05 02:44:52,   -4555
2014-01-05 02:44:54,   -5713
2014-01-05 02:44:56,   -6825
2014-01-05 02:44:58,   -7918
2014-01-05 02:45:00,   -8985
2014-01-05 02:45:02,   -9999
2014-01-05 02:45:03,  -10968
2014-01-05 02:45:05,  -11907
2014-01-05 02:45:07,  -12783
2014-01-05 02:45:09,  -13604
2014-01-05 02:45:11,  -14379
2014-01-05 02:45:13,  -15092
2014-01-05 02:45:15,  -15720
2014-01-05 02:45:17,  -16291
2014-01-05 02:45:19,  -16795
2014-01-05 02:45:21,  -17223
2014-01-05 02:45:23,  -17574
2014-01-05 02:45:25,  -17865
2014-01-05 02:45:27,  -18069
2014-01-05 02:45:29,  -18187
2014-01-05 02:45:31,  -18237
2014-01-05 02:45:33,  -18210
2014-01-05 02:45:35,  -18092
2014-01-05 02:45:37,  -17905
2014-01-05 02:45:39,  -17649
2014-01-05 02:45:41,  -17302
2014-01-05 02:45:43,  -16882
2014-01-05 02:45:45,  -16400
2014-01-05 02:45:47,  -15840
2014-01-05 02:45:49,  -15206
2014-01-05 02:45:51,  -14518
2014-01-05 02:45:53,  -13770
2014-01-05 02:45:55,  -12949
2014-01-05 02:45:57,  -12078
2014-01-05 02:45:59,  -11161
2014-01-05 02:46:01,  -10182
2014-01-05 02:46:03,   -9166
2014-01-05 02:46:05,   -8120
2014-01-05 02:46:07,   -7031
2014-01-05 02:46:09,   -5908
2014-01-05 02:46:11,   -4769
2014-01-05 02:46:13,   -3611
2014-01-05 02:46:15,   -2426
2014-01-05 02:46:17,   -1235
2014-01-05 02:46:19,     -36
2014-01-05 02:46:21,    1160
2014-01-05 02:46:23,    2341
2014-01-05 02:46:25,    3501
2014-01-05 02:46:27,    4661
2014-01-05 02:46:29,    5815
2014-01-05 02:46:31,    6943
2014-01-05 02:46:33,    8035
2014-01-05 02:46:35,    9087
2014-01-05 02:46:37,   10093
2014-01-05 02:46:39,   11051
2014-01-05 02:46:41,   11976
2014-01-05 02:46:43,   12853
2014-01-05 02:46:45,   13666
2014-01-05 02:46:47,   14423
2014-01-05 02:46:49,   15117
2014-01-05 02:46:51,   15734
2014-01-05 02:46:53,   16294
2014-01-05 02:46:55,   16782
2014-01-05 02:46:57,   17198
2014-01-05 02:46:59,   17537
2014-01-05 02:47:01,   17803
2014-01-05 02:47:03,   17992
2014-01-05 02:47:05,   18094
2014-01-05 02:47:07,   18125
2014-01-05 02:47:09,   18079
2014-01-05 02:47:11,   17954
2014-01-05 02:47:13,   17749
2014-01-05 02:47:15,   17474
2014-01-05 02:47:17,   17117
2014-01-05 02:47:19,   16686
2014-01-05 02:47:21,   16183
2014-01-05 02:47:23,   15612
2014-01-05 02:47:25,   14974
2014-01-05 02:47:27,   14271
2014-01-05 02:47:29,   13508
2014-01-05 02:47:31,   12685
2014-01-05 02:47:33,   11814
2014-01-05 02:47:35,   10895
2014-01-05 02:47:37,    9924
2014-01-05 02:47:39,    8910
2014-01-05 02:47:41,    7856
2014-01-05 02:47:43,    6771
2014-01-05 02:47:45,    5651
2014-01-05 02:47:47,    4516
2014-01-05 02:47:49,    3358
2014-01-05 02:47:51,    2179
2014-01-05 02:47:53,     992
2014-01-05 02:47:55,    -192
2014-01-05 02:47:57,   -1383
2014-01-05 02:47:59,   -2566
2014-01-05 02:48:01,   -3732
2014-01-05 02:48:03,   -4886
2014-01-05 02:48:05,   -6014
2014-01-05 02:48:07,   -7120
2014-01-05 02:48:09,   -8191
2014-01-05 02:48:11,   -9236
2014-01-05 02:48:13,  -10238
2014-01-05 02:48:15,  -11195
2014-01-05 02:48:17,  -12103
2014-01-05 02:48:19,  -12963
2014-01-05 02:48:21,  -13760
2014-01-05 02:48:23,  -14504
2014-01-05 02:48:25,  -15188
2014-01-05 02:48:27,  -15807
2014-01-05 02:48:29,  -16348
2014-01-05 02:48:31,  -16782
2014-01-05 02:48:33,  -17177
2014-01-05 02:48:35,  -17603
2014-01-05 02:48:37,  -17909
2014-01-05 02:48:39,  -18034
2014-01-05 02:48:41,  -18129
2014-01-05 02:48:43,  -18171
2014-01-05 02:48:45,  -18069
2014-01-05 02:48:47,  -17938
2014-01-05 02:48:49,  -17794
2014-01-05 02:48:51,  -17518
2014-01-05 02:48:53,  -17125
2014-01-05 02:48:55,  -16724
2014-01-05 02:48:57,  -16231
2014-01-05 02:48:59,  -15628
2014-01-05 02:49:01,  -15005
2014-01-05 02:49:03,  -14340
2014-01-05 02:49:05,  -13556
2014-01-05 02:49:07,  -12726
2014-01-05 02:49:09,  -11895
2014-01-05 02:49:11,  -10964
2014-01-05 02:49:13,   -9966
2014-01-05 02:49:15,   -8985
2014-01-05 02:49:17,   -7954
2014-01-05 02:49:19,   -6837
2014-01-05 02:49:21,   -5736
2014-01-05 02:49:23,   -4628
2014-01-05 02:49:25,   -3455
2014-01-05 02:49:27,   -2271
2014-01-05 02:49:29,   -1123
2014-01-05 02:49:31,      67
2014-01-05 02:49:33,    1279
2014-01-05 02:49:35,    2437
2014-01-05 02:49:37,    3591
2014-01-05 02:49:39,    4771
2014-01-05 02:49:41,    5890
2014-01-05 02:49:43,    6970
2014-01-05 02:49:45,    8068
2014-01-05 02:49:47,    9118
2014-01-05 02:49:49,   10091
2014-01-05 02:49:51,   11053
2014-01-05 02:49:53,   11982
2014-01-05 02:49:55,   12820
2014-01-05 02:49:57,   13612
2014-01-05 02:49:59,   14379
2014-01-05 02:50:01,   15059
2014-01-05 02:50:03,   15660
2014-01-05 02:50:05,   16231
2014-01-05 02:50:07,   16716
2014-01-05 02:50:09,   17100
2014-01-05 02:50:11,   17441
2014-01-05 02:50:13,   17724
2014-01-05 02:50:15,   17892
2014-01-05 02:50:17,   17988
2014-01-05 02:50:19,   18038
2014-01-05 02:50:21,   17986
2014-01-05 02:50:23,   17846
2014-01-05 02:50:25,   17661
2014-01-05 02:50:27,   17387
2014-01-05 02:50:29,   17021
2014-01-05 02:50:31,   16599
2014-01-05 02:50:33,   16113
2014-01-05 02:50:35,   15533
2014-01-05 02:50:37,   14897
2014-01-05 02:50:39,   14217
2014-01-05 02:50:41,   13452
2014-01-05 02:50:43,   12620
2014-01-05 02:50:45,   11766
2014-01-05 02:50:47,   10851
2014-01-05 02:50:49,    9866
2014-01-05 02:50:51,    8860
2014-01-05 02:50:53,    7825
2014-01-05 02:50:55,    6731
2014-01-05 02:50:57,    5615
2014-01-05 02:50:59,    4489
2014-01-05 02:51:01,    3329
2014-01-05 02:51:03,    2144
2014-01-05 02:51:05,     973
2014-01-05 02:51:07,    -204
2014-01-05 02:51:09,   -1400
2014-01-05 02:51:11,   -2570
2014-01-05 02:51:13,   -3728
2014-01-05 02:51:15,   -4894
2014-01-05 02:51:17,   -6025
2014-01-05 02:51:19,   -7118
2014-01-05 02:51:21,   -8195
2014-01-05 02:51:23,   -9241
2014-01-05 02:51:25,  -10226
2014-01-05 02:51:27,  -11184
2014-01-05 02:51:29,  -12097
2014-01-05 02:51:31,  -12947
2014-01-05 02:51:33,  -13737
2014-01-05 02:51:35,  -14483
2014-01-05 02:51:37,  -15165
2014-01-05 02:51:39,  -15768
2014-01-05 02:51:41,  -16319
2014-01-05 02:51:43,  -16801
2014-01-05 02:51:45,  -17196
2014-01-05 02:51:47,  -17522
2014-01-05 02:51:49,  -17784
2014-01-05 02:51:51,  -17957
2014-01-05 02:51:53,  -18054
2014-01-05 02:51:55,  -18088
2014-01-05 02:51:57,  -18034
2014-01-05 02:51:59,  -17894
2014-01-05 02:52:01,  -17686
2014-01-05 02:52:03,  -17404
2014-01-05 02:52:05,  -17040
2014-01-05 02:52:07,  -16605
2014-01-05 02:52:09,  -16111
2014-01-05 02:52:11,  -15531
2014-01-05 02:52:13,  -14884
2014-01-05 02:52:15,  -14186
2014-01-05 02:52:17,  -13423
2014-01-05 02:52:19,  -12598
2014-01-05 02:52:21,  -11722
2014-01-05 02:52:23,  -10800
2014-01-05 02:52:25,   -9822
2014-01-05 02:52:27,   -8808
2014-01-05 02:52:29,   -7763
2014-01-05 02:52:31,   -6675
2014-01-05 02:52:33,   -5557
2014-01-05 02:52:35,   -4426
2014-01-05 02:52:37,   -3268
2014-01-05 02:52:39,   -2092
2014-01-05 02:52:41,    -917
2014-01-05 02:52:43,     262
2014-01-05 02:52:45,    1439
2014-01-05 02:52:47,    2593
2014-01-05 02:52:49,    3744
2014-01-05 02:52:51,    4894
2014-01-05 02:52:53,    6033
2014-01-05 02:52:55,    7137
2014-01-05 02:52:57,    8205
2014-01-05 02:52:59,    9236
2014-01-05 02:53:01,   10220
2014-01-05 02:53:03,   11159
2014-01-05 02:53:05,   12065
2014-01-05 02:53:07,   12914
2014-01-05 02:53:09,   13706
2014-01-05 02:53:11,   14441
2014-01-05 02:53:13,   15111
2014-01-05 02:53:15,   15709
2014-01-05 02:53:17,   16248
2014-01-05 02:53:19,   16718
2014-01-05 02:53:21,   17113
2014-01-05 02:53:23,   17431
2014-01-05 02:53:25,   17678
2014-01-05 02:53:27,   17849
2014-01-05 02:53:29,   17936
2014-01-05 02:53:31,   17955
2014-01-05 02:53:33,   17896
2014-01-05 02:53:35,   17757
2014-01-05 02:53:37,   17541
2014-01-05 02:53:39,   17250
2014-01-05 02:53:41,   16884
2014-01-05 02:53:43,   16443
2014-01-05 02:53:45,   15940
2014-01-05 02:53:47,   15364
2014-01-05 02:53:49,   14720
2014-01-05 02:53:51,   14013
2014-01-05 02:53:53,   13248
2014-01-05 02:53:55,   12427
2014-01-05 02:53:57,   11554
2014-01-05 02:53:59,   10633
2014-01-05 02:54:01,    9665
2014-01-05 02:54:03,    8654
2014-01-05 02:54:05,    7609
2014-01-05 02:54:07,    6526
2014-01-05 02:54:09,    5416
2014-01-05 02:54:11,    4281
2014-01-05 02:54:13,    3135
2014-01-05 02:54:15,    1967
2014-01-05 02:54:17,     788
2014-01-05 02:54:19,    -385
2014-01-05 02:54:21,   -1562
2014-01-05 02:54:23,   -2734
2014-01-05 02:54:25,   -3884
2014-01-05 02:54:27,   -5025
2014-01-05 02:54:29,   -6147
2014-01-05 02:54:31,   -7243
2014-01-05 02:54:33,   -8309
2014-01-05 02:54:35,   -9338
2014-01-05 02:54:37,  -10321
2014-01-05 02:54:39,  -11253
2014-01-05 02:54:41,  -12145
2014-01-05 02:54:43,  -12988
2014-01-05 02:54:45,  -13778
2014-01-05 02:54:47,  -14520
2014-01-05 02:54:49,  -15188
2014-01-05 02:54:51,  -15789
2014-01-05 02:54:53,  -16302
2014-01-05 02:54:55,  -16713
2014-01-05 02:54:57,  -17109
2014-01-05 02:54:59,  -17528
2014-01-05 02:55:01,  -17799
2014-01-05 02:55:03,  -17909
2014-01-05 02:55:05,  -18004
2014-01-05 02:55:07,  -18019
2014-01-05 02:55:09,  -17900
2014-01-05 02:55:11,  -17769
2014-01-05 02:55:13,  -17614
2014-01-05 02:55:15,  -17312
2014-01-05 02:55:17,  -16919
2014-01-05 02:55:19,  -16506
2014-01-05 02:55:21,  -15988
2014-01-05 02:55:23,  -15369
2014-01-05 02:55:25,  -14755
2014-01-05 02:55:27,  -14073