2014-01-05 02:00:01,2863
2014-01-05 02:00:03,2650
2014-01-05 02:00:05,2429
2014-01-05 02:00:07,2196
2014-01-05 02:00:09,1956
2014-01-05 02:00:11,1710
2014-01-05 02:00:13,1457
2014-01-05 02:00:15,1198
2014-01-05 02:00:17,932
2014-01-05 02:00:19,664
2014-01-05 02:00:21,393
2014-01-05 02:00:23,120
2014-01-05 02:00:25,-156
2014-01-05 02:00:27,-430
2014-01-05 02:00:29,-703
2014-01-05 02:00:31,-973
2014-01-05 02:00:33,-1238
2014-01-05 02:00:35,-1498
2014-01-05 02:00:37,-1752
2014-01-05 02:00:39,-1999
2014-01-05 02:00:41,-2239
2014-01-05 02:00:43,-2467
2014-01-05 02:00:45,-2686
2014-01-05 02:00:47,-2896
2014-01-05 02:00:49,-3093
2014-01-05 02:00:51,-3276
2014-01-05 02:00:53,-3447
2014-01-05 02:00:55,-3605
2014-01-05 02:00:57,-3747
2014-01-05 02:00:59,-3874
2014-01-05 02:01:01,-3986
2014-01-05 02:01:03,-4082
2014-01-05 02:01:05,-4161
2014-01-05 02:01:07,-4223
2014-01-05 02:01:09,-4269
2014-01-05 02:01:11,-4297
2014-01-05 02:01:13,-4309
2014-01-05 02:01:15,-4302
2014-01-05 02:01:17,-4279
2014-01-05 02:01:19,-4238
2014-01-05 02:01:21,-4180
2014-01-05 02:01:23,-4106
2014-01-05 02:01:25,-4016
2014-01-05 02:01:27,-3909
2014-01-05 02:01:29,-3789
2014-01-05 02:01:31,-3652
2014-01-05 02:01:33,-3500
2014-01-05 02:01:35,-3336
2014-01-05 02:01:37,-3158
2014-01-05 02:01:39,-2968
2014-01-05 02:01:41,-2766
2014-01-05 02:01:43,-2554
2014-01-05 02:01:45,-2330
2014-01-05 02:01:47,-2098
2014-01-05 02:01:49,-1857
2014-01-05 02:01:51,-1608
2014-01-05 02:01:53,-1355
2014-01-05 02:01:55,-1095
2014-01-05 02:01:57,-830
2014-01-05 02:01:59,-562
2014-01-05 02:02:01,-291
2014-01-05 02:02:03,-19
2014-01-05 02:02:05,255
2014-01-05 02:02:07,529
2014-01-05 02:02:09,830
2014-01-05 02:02:11,1132
2014-01-05 02:02:13,1331
2014-01-05 02:02:15,1591
2014-01-05 02:02:17,1843
2014-01-05 02:02:19,2088
2014-01-05 02:02:21,2326
2014-01-05 02:02:23,2554
2014-01-05 02:02:25,2771
2014-01-05 02:02:27,2980
2014-01-05 02:02:29,3173
2014-01-05 02:02:31,3360
2014-01-05 02:02:33,3528
2014-01-05 02:02:35,3683
2014-01-05 02:02:37,3825
2014-01-05 02:02:39,3951
2014-01-05 02:02:41,4062
2014-01-05 02:02:43,4156
2014-01-05 02:02:45,4235
2014-01-05 02:02:47,4296
2014-01-05 02:02:49,4339
2014-01-05 02:02:51,4368
2014-01-05 02:02:53,4378
2014-01-05 02:02:55,4371
2014-01-05 02:02:57,4347
2014-01-05 02:02:59,4307
2014-01-05 02:03:01,4248
2014-01-05 02:03:03,4175
2014-01-05 02:03:05,4084
2014-01-05 02:03:07,3977
2014-01-05 02:03:09,3855
2014-01-05 02:03:11,3718
2014-01-05 02:03:13,3568
2014-01-05 02:03:15,3403
2014-01-05 02:03:17,3225
2014-01-05 02:03:19,3035
2014-01-05 02:03:21,2833
2014-01-05 02:03:23,2619
2014-01-05 02:03:25,2396
2014-01-05 02:03:27,2164
2014-01-05 02:03:29,1924
2014-01-05 02:03:31,1678
2014-01-05 02:03:33,1424
2014-01-05 02:03:35,1164
2014-01-05 02:03:37,900
2014-01-05 02:03:39,631
2014-01-05 02:03:41,361
2014-01-05 02:03:43,89
2014-01-05 02:03:45,-185
2014-01-05 02:03:47,-459
2014-01-05 02:03:49,-730
2014-01-05 02:03:51,-998
2014-01-05 02:03:53,-1261
2014-01-05 02:03:55,-1521
2014-01-05 02:03:57,-1773
2014-01-05 02:03:59,-2018
2014-01-05 02:04:01,-2256
2014-01-05 02:04:03,-2483
2014-01-05 02:04:05,-2732
2014-01-05 02:04:07,-2861
2014-01-05 02:04:09,-3057
2014-01-05 02:04:11,-3242
2014-01-05 02:04:13,-3415
2014-01-05 02:04:15,-3574
2014-01-05 02:04:17,-3718
2014-01-05 02:04:19,-3847
2014-01-05 02:04:21,-3962
2014-01-05 02:04:23,-4061
2014-01-05 02:04:25,-4142
2014-01-05 02:04:27,-4207
2014-01-05 02:04:29,-4256
2014-01-05 02:04:31,-4286
2014-01-05 02:04:33,-4301
2014-01-05 02:04:35,-4297
2014-01-05 02:04:37,-4277
2014-01-05 02:04:39,-4240
2014-01-05 02:04:41,-4186
2014-01-05 02:04:43,-4115
2014-01-05 02:04:45,-4029
2014-01-05 02:04:47,-3927
2014-01-05 02:04:49,-3808
2014-01-05 02:04:51,-3674
2014-01-05 02:04:53,-3528
2014-01-05 02:04:55,-3366
2014-01-05 02:04:57,-3191
2014-01-05 02:04:59,-3004
2014-01-05 02:05:01,-2804
2014-01-05 02:05:03,-2594
2014-01-05 02:05:05,-2373
2014-01-05 02:05:07,-2144
2014-01-05 02:05:09,-1906
2014-01-05 02:05:11,-1660
2014-01-05 02:05:13,-1408
2014-01-05 02:05:15,-1149
2014-01-05 02:05:17,-885
2014-01-05 02:05:19,-619
2014-01-05 02:05:21,-350
2014-01-05 02:05:23,-78
2014-01-05 02:05:25,194
2014-01-05 02:05:27,466
2014-01-05 02:05:29,738
2014-01-05 02:05:31,1006
2014-01-05 02:05:33,1270
2014-01-05 02:05:35,1529
2014-01-05 02:05:37,1783
2014-01-05 02:05:39,2031
2014-01-05 02:05:41,2268
2014-01-05 02:05:43,2497
2014-01-05 02:05:45,2717
2014-01-05 02:05:47,2927
2014-01-05 02:05:49,3125
2014-01-05 02:05:51,3310
2014-01-05 02:05:53,3482
2014-01-05 02:05:55,3641
2014-01-05 02:05:57,3786
2014-01-05 02:05:59,3914
2014-01-05 02:06:01,4028
2014-01-05 02:06:03,4126
2014-01-05 02:06:05,4208
2014-01-05 02:06:07,4274
2014-01-05 02:06:09,4323
2014-01-05 02:06:11,4353
2014-01-05 02:06:13,4368
2014-01-05 02:06:15,4365
2014-01-05 02:06:17,4345
2014-01-05 02:06:19,4308
2014-01-05 02:06:21,4254
2014-01-05 02:06:23,4184
2014-01-05 02:06:25,4097
2014-01-05 02:06:27,3996
2014-01-05 02:06:29,3877
2014-01-05 02:06:31,3745
2014-01-05 02:06:33,3597
2014-01-05 02:06:35,3436
2014-01-05 02:06:37,3262
2014-01-05 02:06:39,3075
2014-01-05 02:06:41,2877
2014-01-05 02:06:43,2667
2014-01-05 02:06:45,2447
2014-01-05 02:06:47,2218
2014-01-05 02:06:49,1980
2014-01-05 02:06:51,1735
2014-01-05 02:06:53,1485
2014-01-05 02:06:55,1228
2014-01-05 02:06:57,965
2014-01-05 02:06:59,698
2014-01-05 02:07:01,429
2014-01-05 02:07:03,159
2014-01-05 02:07:05,-115
2014-01-05 02:07:07,-387
2014-01-05 02:07:09,-659
2014-01-05 02:07:11,-926
2014-01-05 02:07:13,-1190
2014-01-05 02:07:15,-1450
2014-01-05 02:07:17,-1702
2014-01-05 02:07:19,-1949
2014-01-05 02:07:21,-2188
2014-01-05 02:07:23,-2418
2014-01-05 02:07:25,-2637
2014-01-05 02:07:27,-2846
2014-01-05 02:07:29,-3045
2014-01-05 02:07:31,-3229
2014-01-05 02:07:33,-3402
2014-01-05 02:07:35,-3560
2014-01-05 02:07:37,-3708
2014-01-05 02:07:39,-3834
2014-01-05 02:07:41,-3948
2014-01-05 02:07:43,-4046
2014-01-05 02:07:45,-4128
2014-01-05 02:07:47,-4193
2014-01-05 02:07:49,-4242
2014-01-05 02:07:51,-4273
2014-01-05 02:07:53,-4288
2014-01-05 02:07:55,-4285
2014-01-05 02:07:57,-4266
2014-01-05 02:07:59,-4224
2014-01-05 02:08:01,-4175
2014-01-05 02:08:03,-4107
2014-01-05 02:08:05,-4019
2014-01-05 02:08:07,-3918
2014-01-05 02:08:09,-3801
2014-01-05 02:08:11,-3669
2014-01-05 02:08:13,-3522
2014-01-05 02:08:15,-3361
2014-01-05 02:08:17,-3188
2014-01-05 02:08:19,-3001
2014-01-05 02:08:21,-2802
2014-01-05 02:08:23,-2593
2014-01-05 02:08:25,-2375
2014-01-05 02:08:27,-2144
2014-01-05 02:08:29,-1907
2014-01-05 02:08:31,-1663
2014-01-05 02:08:33,-1411
2014-01-05 02:08:35,-1157
2014-01-05 02:08:37,-855
2014-01-05 02:08:39,-626
2014-01-05 02:08:41,-358
2014-01-05 02:08:43,-88
2014-01-05 02:08:45,186
2014-01-05 02:08:47,456
2014-01-05 02:08:49,727
2014-01-05 02:08:51,994
2014-01-05 02:08:53,1259
2014-01-05 02:08:55,1516
2014-01-05 02:08:57,1769
2014-01-05 02:08:59,2015
2014-01-05 02:09:01,2253
2014-01-05 02:09:03,2482
2014-01-05 02:09:05,2702
2014-01-05 02:09:07,2910
2014-01-05 02:09:09,3108
2014-01-05 02:09:11,3293
2014-01-05 02:09:13,3464
2014-01-05 02:09:15,3623
2014-01-05 02:09:17,3768
2014-01-05 02:09:19,3895
2014-01-05 02:09:21,4010
2014-01-05 02:09:23,4108
2014-01-05 02:09:25,4190
2014-01-05 02:09:27,4256
2014-01-05 02:09:29,4304
2014-01-05 02:09:31,4336
2014-01-05 02:09:33,4351
2014-01-05 02:09:35,4347
2014-01-05 02:09:37,4329
2014-01-05 02:09:39,4292
2014-01-05 02:09:41,4240
2014-01-05 02:09:43,4169
2014-01-05 02:09:45,4084
2014-01-05 02:09:47,3982
2014-01-05 02:09:49,3865
2014-01-05 02:09:51,3733
2014-01-05 02:09:53,3587
2014-01-05 02:09:55,3426
2014-01-05 02:09:57,3253
2014-01-05 02:09:59,3068
2014-01-05 02:10:01,2869
2014-01-05 02:10:03,2661
2014-01-05 02:10:05,2442
2014-01-05 02:10:07,2214
2014-01-05 02:10:09,1977
2014-01-05 02:10:11,1734
2014-01-05 02:10:13,1485
2014-01-05 02:10:15,1230
2014-01-05 02:10:17,967
2014-01-05 02:10:19,703
2014-01-05 02:10:21,434
2014-01-05 02:10:23,165
2014-01-05 02:10:25,-107
2014-01-05 02:10:27,-379
2014-01-05 02:10:29,-649
2014-01-05 02:10:31,-916
2014-01-05 02:10:33,-1180
2014-01-05 02:10:35,-1437
2014-01-05 02:10:37,-1690
2014-01-05 02:10:39,-1936
2014-01-05 02:10:41,-2172
2014-01-05 02:10:43,-2402
2014-01-05 02:10:45,-2621
2014-01-05 02:10:47,-2828
2014-01-05 02:10:49,-3026
2014-01-05 02:10:51,-3210
2014-01-05 02:10:53,-3382
2014-01-05 02:10:55,-3540
2014-01-05 02:10:57,-3684
2014-01-05 02:10:59,-3812
2014-01-05 02:11:01,-3926
2014-01-05 02:11:03,-4024
2014-01-05 02:11:05,-4105
2014-01-05 02:11:07,-4171
2014-01-05 02:11:09,-4219
2014-01-05 02:11:11,-4251
2014-01-05 02:11:13,-4265
2014-01-05 02:11:15,-4262
2014-01-05 02:11:17,-4244
2014-01-05 02:11:19,-4197
2014-01-05 02:11:21,-4154
2014-01-05 02:11:23,-4085
2014-01-05 02:11:25,-3999
2014-01-05 02:11:27,-3898
2014-01-05 02:11:29,-3785
2014-01-05 02:11:31,-3611
2014-01-05 02:11:33,-3504
2014-01-05 02:11:35,-3344
2014-01-05 02:11:37,-3172
2014-01-05 02:11:39,-2987
2014-01-05 02:11:41,-2790
2014-01-05 02:11:43,-2582
2014-01-05 02:11:45,-2364
2014-01-05 02:11:47,-2136
2014-01-05 02:11:49,-1906
2014-01-05 02:11:51,-1589
2014-01-05 02:11:53,-1408
2014-01-05 02:11:55,-1153
2014-01-05 02:11:57,-893
2014-01-05 02:11:59,-628
2014-01-05 02:12:01,-362
2014-01-05 02:12:03,-93
2014-01-05 02:12:05,176
2014-01-05 02:12:07,447
2014-01-05 02:12:09,716
2014-01-05 02:12:11,981
2014-01-05 02:12:13,1243
2014-01-05 02:12:15,1500
2014-01-05 02:12:17,1751
2014-01-05 02:12:19,1995
2014-01-05 02:12:21,2232
2014-01-05 02:12:23,2460
2014-01-05 02:12:25,2678
2014-01-05 02:12:27,2886
2014-01-05 02:12:29,3081
2014-01-05 02:12:31,3265
2014-01-05 02:12:33,3436
2014-01-05 02:12:35,3593
2014-01-05 02:12:37,3738
2014-01-05 02:12:39,3867
2014-01-05 02:12:41,3980
2014-01-05 02:12:43,4078
2014-01-05 02:12:45,4160
2014-01-05 02:12:47,4225
2014-01-05 02:12:49,4273
2014-01-05 02:12:51,4305
2014-01-05 02:12:53,4320
2014-01-05 02:12:55,4319
2014-01-05 02:12:57,4300
2014-01-05 02:12:59,4264
2014-01-05 02:13:01,4213
2014-01-05 02:13:03,4144
2014-01-05 02:13:05,4059
2014-01-05 02:13:07,3959
2014-01-05 02:13:09,3843
2014-01-05 02:13:11,3712
2014-01-05 02:13:13,3568
2014-01-05 02:13:15,3410
2014-01-05 02:13:17,3239
2014-01-05 02:13:19,3055
2014-01-05 02:13:21,2859
2014-01-05 02:13:23,2652
2014-01-05 02:13:25,2436
2014-01-05 02:13:27,2209
2014-01-05 02:13:29,1975
2014-01-05 02:13:31,1735
2014-01-05 02:13:33,1488
2014-01-05 02:13:35,1234
2014-01-05 02:13:37,975
2014-01-05 02:13:39,712
2014-01-05 02:13:41,446
2014-01-05 02:13:43,179
2014-01-05 02:13:45,-90
2014-01-05 02:13:47,-360
2014-01-05 02:13:49,-627
2014-01-05 02:13:51,-892
2014-01-05 02:13:53,-1154
2014-01-05 02:13:55,-1409
2014-01-05 02:13:57,-1659
2014-01-05 02:13:59,-1903
2014-01-05 02:14:01,-2139
2014-01-05 02:14:03,-2366
2014-01-05 02:14:05,-2584
2014-01-05 02:14:07,-2791
2014-01-05 02:14:09,-2986
2014-01-05 02:14:11,-3170
2014-01-05 02:14:13,-3341
2014-01-05 02:14:15,-3498
2014-01-05 02:14:17,-3641
2014-01-05 02:14:19,-3770
2014-01-05 02:14:21,-3883
2014-01-05 02:14:23,-3981
2014-01-05 02:14:25,-4063
2014-01-05 02:14:27,-4128
2014-01-05 02:14:29,-4177
2014-01-05 02:14:31,-4209
2014-01-05 02:14:33,-4225
2014-01-05 02:14:35,-4224
2014-01-05 02:14:37,-4206
2014-01-05 02:14:39,-4171
2014-01-05 02:14:41,-4119
2014-01-05 02:14:43,-4052
2014-01-05 02:14:45,-3968
2014-01-05 02:14:47,-3869
2014-01-05 02:14:49,-3754
2014-01-05 02:14:51,-3625
2014-01-05 02:14:53,-3482
2014-01-05 02:14:55,-3327
2014-01-05 02:14:57,-3149
2014-01-05 02:14:59,-2973
2014-01-05 02:15:01,-2780
2014-01-05 02:15:03,-2574
2014-01-05 02:15:05,-2360
2014-01-05 02:15:07,-2135
2014-01-05 02:15:09,-1902
2014-01-05 02:15:11,-1662
2014-01-05 02:15:13,-1415
2014-01-05 02:15:15,-1163
2014-01-05 02:15:17,-907
2014-01-05 02:15:19,-645
2014-01-05 02:15:21,-382
2014-01-05 02:15:23,-117
2014-01-05 02:15:25,150
2014-01-05 02:15:27,416
2014-01-05 02:15:29,683
2014-01-05 02:15:31,947
2014-01-05 02:15:33,1205
2014-01-05 02:15:35,1459
2014-01-05 02:15:37,1709
2014-01-05 02:15:39,1950
2014-01-05 02:15:41,2185
2014-01-05 02:15:43,2411
2014-01-05 02:15:45,2627
2014-01-05 02:15:47,2833
2014-01-05 02:15:49,3028
2014-01-05 02:15:51,3211
2014-01-05 02:15:53,3380
2014-01-05 02:15:55,3537
2014-01-05 02:15:57,3680
2014-01-05 02:15:59,3808
2014-01-05 02:16:01,3922
2014-01-05 02:16:03,4019
2014-01-05 02:16:05,4109
2014-01-05 02:16:07,4168
2014-01-05 02:16:09,4218
2014-01-05 02:16:11,4251
2014-01-05 02:16:13,4267
2014-01-05 02:16:15,4266
2014-01-05 02:16:17,4250
2014-01-05 02:16:19,4216
2014-01-05 02:16:21,4166
2014-01-05 02:16:23,4100
2014-01-05 02:16:25,4018
2014-01-05 02:16:27,3919
2014-01-05 02:16:29,3807
2014-01-05 02:16:31,3680
2014-01-05 02:16:33,3539
2014-01-05 02:16:35,3384
2014-01-05 02:16:37,3216
2014-01-05 02:16:39,3036
2014-01-05 02:16:41,2843
2014-01-05 02:16:43,2642
2014-01-05 02:16:45,2428
2014-01-05 02:16:47,2207
2014-01-05 02:16:49,1976
2014-01-05 02:16:51,1738
2014-01-05 02:16:53,1495
2014-01-05 02:16:55,1246
2014-01-05 02:16:57,992
2014-01-05 02:16:59,733
2014-01-05 02:17:01,471
2014-01-05 02:17:03,208
2014-01-05 02:17:05,-57
2014-01-05 02:17:07,-323
2014-01-05 02:17:09,-586
2014-01-05 02:17:11,-847
2014-01-05 02:17:13,-1105
2014-01-05 02:17:15,-1357
2014-01-05 02:17:17,-1605
2014-01-05 02:17:19,-1845
2014-01-05 02:17:21,-2079
2014-01-05 02:17:23,-2303
2014-01-05 02:17:25,-2518
2014-01-05 02:17:27,-2724
2014-01-05 02:17:29,-2917
2014-01-05 02:17:31,-3098
2014-01-05 02:17:33,-3268
2014-01-05 02:17:35,-3424
2014-01-05 02:17:37,-3566
2014-01-05 02:17:39,-3694
2014-01-05 02:17:41,-3808
2014-01-05 02:17:43,-3905
2014-01-05 02:17:45,-3988
2014-01-05 02:17:47,-4055
2014-01-05 02:17:49,-4104
2014-01-05 02:17:51,-4138
2014-01-05 02:17:53,-4155
2014-01-05 02:17:55,-4155
2014-01-05 02:17:57,-4140
2014-01-05 02:17:59,-4107
2014-01-05 02:18:01,-4057
2014-01-05 02:18:03,-3996
2014-01-05 02:18:05,-3888
2014-01-05 02:18:07,-3816
2014-01-05 02:18:09,-3706
2014-01-05 02:18:11,-3581
2014-01-05 02:18:13,-3443
2014-01-05 02:18:15,-3290
2014-01-05 02:18:17,-3124
2014-01-05 02:18:19,-2947
2014-01-05 02:18:21,-2758
2014-01-05 02:18:23,-2558
2014-01-05 02:18:25,-2349
2014-01-05 02:18:27,-2130
2014-01-05 02:18:29,-1903
2014-01-05 02:18:31,-1667
2014-01-05 02:18:33,-1425
2014-01-05 02:18:35,-1187
2014-01-05 02:18:37,-865
2014-01-05 02:18:39,-613
2014-01-05 02:18:41,-415
2014-01-05 02:18:43,-156
2014-01-05 02:18:45,106
2014-01-05 02:18:47,368
2014-01-05 02:18:49,628
2014-01-05 02:18:51,887
2014-01-05 02:18:53,1141
2014-01-05 02:18:55,1391
2014-01-05 02:18:57,1635
2014-01-05 02:18:59,1873
2014-01-05 02:19:01,2104
2014-01-05 02:19:03,2326
2014-01-05 02:19:05,2540
2014-01-05 02:19:07,2742
2014-01-05 02:19:09,2935
2014-01-05 02:19:11,3115
2014-01-05 02:19:13,3283
2014-01-05 02:19:15,3439
2014-01-05 02:19:17,3580
2014-01-05 02:19:19,3708
2014-01-05 02:19:21,3822
2014-01-05 02:19:23,3919
2014-01-05 02:19:25,4003
2014-01-05 02:19:27,4068
2014-01-05 02:19:29,4120
2014-01-05 02:19:31,4156
2014-01-05 02:19:33,4173
2014-01-05 02:19:35,4176
2014-01-05 02:19:37,4163
2014-01-05 02:19:39,4133
2014-01-05 02:19:41,4086
2014-01-05 02:19:43,4024
2014-01-05 02:19:45,3947
2014-01-05 02:19:47,3854
2014-01-05 02:19:49,3747
2014-01-05 02:19:51,3625
2014-01-05 02:19:53,3490
2014-01-05 02:19:55,3341
2014-01-05 02:19:57,3179
2014-01-05 02:19:59,3006
2014-01-05 02:20:01,2821
2014-01-05 02:20:03,2624
2014-01-05 02:20:05,2419
2014-01-05 02:20:07,2204
2014-01-05 02:20:09,1980
2014-01-05 02:20:11,1751
2014-01-05 02:20:13,1515
2014-01-05 02:20:15,1272
2014-01-05 02:20:17,1025
2014-01-05 02:20:19,773
2014-01-05 02:20:21,520
2014-01-05 02:20:23,263
2014-01-05 02:20:25,6
2014-01-05 02:20:27,-253
2014-01-05 02:20:29,-510
2014-01-05 02:20:31,-766
2014-01-05 02:20:33,-1017
2014-01-05 02:20:35,-1265
2014-01-05 02:20:37,-1505
2014-01-05 02:20:39,-1742
2014-01-05 02:20:41,-1970
2014-01-05 02:20:43,-2190
2014-01-05 02:20:45,-2400
2014-01-05 02:20:47,-2602
2014-01-05 02:20:49,-2793
2014-01-05 02:20:51,-2972
2014-01-05 02:20:53,-3139
2014-01-05 02:20:55,-3294
2014-01-05 02:20:57,-3434
2014-01-05 02:20:59,-3575
2014-01-05 02:21:01,-3675
2014-01-05 02:21:03,-3773
2014-01-05 02:21:05,-3866
2014-01-05 02:21:07,-3924
2014-01-05 02:21:09,-3976
2014-01-05 02:21:11,-4012
2014-01-05 02:21:13,-4033
2014-01-05 02:21:15,-4036
2014-01-05 02:21:17,-4024
2014-01-05 02:21:19,-3996
2014-01-05 02:21:21,-3953
2014-01-05 02:21:23,-3893
2014-01-05 02:21:25,-3818
2014-01-05 02:21:27,-3730
2014-01-05 02:21:29,-3625
2014-01-05 02:21:31,-3508
2014-01-05 02:21:33,-3377
2014-01-05 02:21:35,-3233
2014-01-05 02:21:37,-3075
2014-01-05 02:21:39,-2907
2014-01-05 02:21:41,-2726
2014-01-05 02:21:43,-2536
2014-01-05 02:21:45,-2336
2014-01-05 02:21:47,-2126
2014-01-05 02:21:49,-1910
2014-01-05 02:21:51,-1684
2014-01-05 02:21:53,-1453
2014-01-05 02:21:55,-1216
2014-01-05 02:21:57,-975
2014-01-05 02:21:59,-729
2014-01-05 02:22:01,-481
2014-01-05 02:22:03,-231
2014-01-05 02:22:05,21
2014-01-05 02:22:07,273
2014-01-05 02:22:09,524
2014-01-05 02:22:11,773
2014-01-05 02:22:13,1020
2014-01-05 02:22:15,1261
2014-01-05 02:22:17,1499
2014-01-05 02:22:19,1730
2014-01-05 02:22:21,1954
2014-01-05 02:22:23,2170
2014-01-05 02:22:25,2377
2014-01-05 02:22:27,2575
2014-01-05 02:22:29,2765
2014-01-05 02:22:31,2942
2014-01-05 02:22:33,3107
2014-01-05 02:22:35,3260
2014-01-05 02:22:37,3401
2014-01-05 02:22:39,3529
2014-01-05 02:22:41,3643
2014-01-05 02:22:43,3742
2014-01-05 02:22:45,3826
2014-01-05 02:22:47,3896
2014-01-05 02:22:49,3950
2014-01-05 02:22:51,3989
2014-01-05 02:22:53,4013
2014-01-05 02:22:55,4020
2014-01-05 02:22:57,4013
2014-01-05 02:22:59,3989
2014-01-05 02:23:01,3951
2014-01-05 02:23:03,3897
2014-01-05 02:23:05,3829
2014-01-05 02:23:07,3745
2014-01-05 02:23:09,3649
2014-01-05 02:23:11,3519
2014-01-05 02:23:13,3411
2014-01-05 02:23:15,3274
2014-01-05 02:23:17,3123
2014-01-05 02:23:19,2961
2014-01-05 02:23:21,2788
2014-01-05 02:23:23,2606
2014-01-05 02:23:25,2411
2014-01-05 02:23:27,2210
2014-01-05 02:23:29,1999
2014-01-05 02:23:31,1782
2014-01-05 02:23:33,1559
2014-01-05 02:23:35,1330
2014-01-05 02:23:37,1096
2014-01-05 02:23:39,857
2014-01-05 02:23:41,616
2014-01-05 02:23:43,372
2014-01-05 02:23:45,128
2014-01-05 02:23:47,-120
2014-01-05 02:23:49,-366
2014-01-05 02:23:51,-610
2014-01-05 02:23:53,-850
2014-01-05 02:23:55,-1088
2014-01-05 02:23:57,-1321
2014-01-05 02:23:59,-1547
2014-01-05 02:24:01,-1767
2014-01-05 02:24:03,-1980
2014-01-05 02:24:05,-2185
2014-01-05 02:24:07,-2381
2014-01-05 02:24:09,-2567
2014-01-05 02:24:11,-2742
2014-01-05 02:24:13,-2906
2014-01-05 02:24:15,-3058
2014-01-05 02:24:17,-3198
2014-01-05 02:24:19,-3325
2014-01-05 02:24:21,-3439
2014-01-05 02:24:23,-3539
2014-01-05 02:24:25,-3624
2014-01-05 02:24:27,-3695
2014-01-05 02:24:29,-3752
2014-01-05 02:24:31,-3794
2014-01-05 02:24:33,-3821
2014-01-05 02:24:35,-3832
2014-01-05 02:24:37,-3828
2014-01-05 02:24:39,-3808
2014-01-05 02:24:41,-3774
2014-01-05 02:24:43,-3725
2014-01-05 02:24:45,-3662
2014-01-05 02:24:47,-3585
2014-01-05 02:24:49,-3494
2014-01-05 02:24:51,-3389
2014-01-05 02:24:53,-3275
2014-01-05 02:24:55,-3109
2014-01-05 02:24:57,-2998
2014-01-05 02:24:59,-2849
2014-01-05 02:25:01,-2685
2014-01-05 02:25:03,-2512
2014-01-05 02:25:05,-2328
2014-01-05 02:25:07,-2136
2014-01-05 02:25:09,-1936
2014-01-05 02:25:11,-1729
2014-01-05 02:25:13,-1474
2014-01-05 02:25:15,-1296
2014-01-05 02:25:17,-1071
2014-01-05 02:25:19,-843
2014-01-05 02:25:21,-611
2014-01-05 02:25:23,-378
2014-01-05 02:25:25,-144
2014-01-05 02:25:27,93
2014-01-05 02:25:29,329
2014-01-05 02:25:31,563
2014-01-05 02:25:33,795
2014-01-05 02:25:35,1024
2014-01-05 02:25:37,1248
2014-01-05 02:25:39,1468
2014-01-05 02:25:41,1682
2014-01-05 02:25:43,1888
2014-01-05 02:25:45,2088
2014-01-05 02:25:47,2278
2014-01-05 02:25:49,2461
2014-01-05 02:25:51,2633
2014-01-05 02:25:53,2794
2014-01-05 02:25:55,2946
2014-01-05 02:25:57,3085
2014-01-05 02:25:59,3213
2014-01-05 02:26:01,3327
2014-01-05 02:26:03,3428
2014-01-05 02:26:05,3517
2014-01-05 02:26:07,3591
2014-01-05 02:26:09,3651
2014-01-05 02:26:11,3699
2014-01-05 02:26:13,3730
2014-01-05 02:26:15,3749
2014-01-05 02:26:17,3752
2014-01-05 02:26:19,3742
2014-01-05 02:26:21,3717
2014-01-05 02:26:23,3677
2014-01-05 02:26:25,3625
2014-01-05 02:26:27,3539
2014-01-05 02:26:29,3454
2014-01-05 02:26:31,3384
2014-01-05 02:26:33,3278
2014-01-05 02:26:35,3160
2014-01-05 02:26:37,3030
2014-01-05 02:26:39,2890
2014-01-05 02:26:41,2738
2014-01-05 02:26:43,2577
2014-01-05 02:26:45,2405
2014-01-05 02:26:47,2226
2014-01-05 02:26:49,2038
2014-01-05 02:26:51,1843
2014-01-05 02:26:53,1641
2014-01-05 02:26:55,1434
2014-01-05 02:26:57,1223
2014-01-05 02:26:59,1007
2014-01-05 02:27:01,787
2014-01-05 02:27:03,565
2014-01-05 02:27:05,341
2014-01-05 02:27:07,116
2014-01-05 02:27:09,-109
2014-01-05 02:27:11,-335
2014-01-05 02:27:13,-558
2014-01-05 02:27:15,-778
2014-01-05 02:27:17,-995
2014-01-05 02:27:19,-1207
2014-01-05 02:27:21,-1413
2014-01-05 02:27:23,-1615
2014-01-05 02:27:25,-1808
2014-01-05 02:27:27,-1994
2014-01-05 02:27:29,-2173
2014-01-05 02:27:31,-2340
2014-01-05 02:27:33,-2500
2014-01-05 02:27:35,-2660
2014-01-05 02:27:37,-2819
2014-01-05 02:27:39,-2944
2014-01-05 02:27:41,-3028
2014-01-05 02:27:43,-3130
2014-01-05 02:27:45,-3221
2014-01-05 02:27:47,-3298
2014-01-05 02:27:49,-3361
2014-01-05 02:27:51,-3413
2014-01-05 02:27:53,-3450
2014-01-05 02:27:55,-3474
2014-01-05 02:27:57,-3483
2014-01-05 02:27:59,-3480
2014-01-05 02:28:01,-3463
2014-01-05 02:28:03,-3432
2014-01-05 02:28:05,-3387
2014-01-05 02:28:07,-3331
2014-01-05 02:28:09,-3246
2014-01-05 02:28:11,-3164
2014-01-05 02:28:13,-3090
2014-01-05 02:28:15,-2988
2014-01-05 02:28:17,-2873
2014-01-05 02:28:37,-2749
2014-01-05 02:28:39,-2614
2014-01-05 02:28:41,-2471
2014-01-05 02:28:43,-2319
2014-01-05 02:28:45,-2158
2014-01-05 02:28:47,-1990
2014-01-05 02:28:49,-1814
2014-01-05 02:28:51,-1633
2014-01-05 02:28:53,-1446
2014-01-05 02:28:55,-1253
2014-01-05 02:28:57,-1057
2014-01-05 02:28:59,-856
2014-01-05 02:29:01,-653
2014-01-05 02:29:03,-449
2014-01-05 02:29:05,-242
2014-01-05 02:29:11,-36
2014-01-05 02:29:13,172
2014-01-05 02:29:15,377
2014-01-05 02:29:17,582
2014-01-05 02:29:19,785
2014-01-05 02:29:21,984
2014-01-05 02:29:23,1177
2014-01-05 02:29:25,1367
2014-01-05 02:29:27,1551
2014-01-05 02:29:29,1728
2014-01-05 02:29:33,1899
2014-01-05 02:29:35,2062
2014-01-05 02:29:37,2218
2014-01-05 02:29:39,2365
2014-01-05 02:29:41,2502
2014-01-05 02:29:43,2629
2014-01-05 02:29:45,2748
2014-01-05 02:29:47,2853
2014-01-05 02:29:49,2962
2014-01-05 02:29:51,3036
2014-01-05 02:29:53,3110
2014-01-05 02:29:55,3171
2014-01-05 02:29:59,3222
2014-01-05 02:30:01,3261
2014-01-05 02:30:03,3286
2014-01-05 02:30:04,3299
2014-01-05 02:30:05,3301
2014-01-05 02:30:06,3289
2014-01-05 02:30:07,3268
2014-01-05 02:30:08,3233
2014-01-05 02:30:09,3186
2014-01-05 02:30:10,3128
2014-01-05 02:30:11,3061
2014-01-05 02:30:12,2964
2014-01-05 02:30:13,2889
2014-01-05 02:30:14,2787
2014-01-05 02:30:15,2676
2014-01-05 02:30:16,2556
2014-01-05 02:30:17,2427
2014-01-05 02:30:18,2290
2014-01-05 02:30:19,2145
2014-01-05 02:30:20,1993
2014-01-05 02:30:21,1833
2014-01-05 02:30:22,1669
2014-01-05 02:30:24,1499
2014-01-05 02:30:25,1323
2014-01-05 02:30:26,1145
2014-01-05 02:30:27,962
2014-01-05 02:30:28,777
2014-01-05 02:30:29,590
2014-01-05 02:30:30,401
2014-01-05 02:30:32,211
2014-01-05 02:30:34,21
2014-01-05 02:30:36,-169
2014-01-05 02:30:38,-357
2014-01-05 02:30:40,-538
2014-01-05 02:30:42,-766
2014-01-05 02:30:44,-905
2014-01-05 02:30:46,-1080
2014-01-05 02:30:48,-1250
2014-01-05 02:30:50,-1414
2014-01-05 02:30:52,-1572
2014-01-05 02:30:54,-1724
2014-01-05 02:30:56,-1868
2014-01-05 02:30:58,-2004
2014-01-05 02:31:00,-2133
2014-01-05 02:31:02,-2252
2014-01-05 02:31:04,-2363
2014-01-05 02:31:06,-2464
2014-01-05 02:31:08,-2554
2014-01-05 02:31:10,-2635
2014-01-05 02:31:12,-2706
2014-01-05 02:31:14,-2766
2014-01-05 02:31:16,-2814
2014-01-05 02:31:18,-2853
2014-01-05 02:31:20,-2879
2014-01-05 02:31:22,-2896
2014-01-05 02:31:24,-2900
2014-01-05 02:31:26,-2894
2014-01-05 02:31:28,-2877
2014-01-05 02:31:30,-2850
2014-01-05 02:31:32,-2812
2014-01-05 02:31:34,-2762
2014-01-05 02:31:36,-2704
2014-01-05 02:31:38,-2622
2014-01-05 02:31:40,-2555
2014-01-05 02:31:42,-2498
2014-01-05 02:31:44,-2416
2014-01-05 02:31:46,-2328
2014-01-05 02:31:48,-2232
2014-01-05 02:31:50,-2132
2014-01-05 02:31:52,-2025
2014-01-05 02:31:54,-1913
2014-01-05 02:31:56,-1795
2014-01-05 02:31:58,-1674
2014-01-05 02:32:00,-1547
2014-01-05 02:32:02,-1419
2014-01-05 02:32:04,-1266
2014-01-05 02:32:06,-1147
2014-01-05 02:32:08,-1007
2014-01-05 02:32:10,-865
2014-01-05 02:32:12,-722
2014-01-05 02:32:14,-576
2014-01-05 02:32:16,-430
2014-01-05 02:32:18,-284
2014-01-05 02:32:20,-137
2014-01-05 02:32:22,11
2014-01-05 02:32:24,157
2014-01-05 02:32:26,304
2014-01-05 02:32:28,449
2014-01-05 02:32:30,591
2014-01-05 02:32:32,730
2014-01-05 02:32:34,867
2014-01-05 02:32:36,1002
2014-01-05 02:32:38,1132
2014-01-05 02:32:40,1259
2014-01-05 02:32:42,1381
2014-01-05 02:32:44,1498
2014-01-05 02:32:46,1610
2014-01-05 02:32:48,1718
2014-01-05 02:32:50,1819
2014-01-05 02:32:52,1916
2014-01-05 02:32:54,2005
2014-01-05 02:32:56,2089
2014-01-05 02:32:58,2166
2014-01-05 02:33:00,2237
2014-01-05 02:33:02,2299
2014-01-05 02:33:04,2356
2014-01-05 02:33:06,2406
2014-01-05 02:33:08,2449
2014-01-05 02:33:10,2484
2014-01-05 02:33:12,2511
2014-01-05 02:33:14,2531
2014-01-05 02:33:16,2544
2014-01-05 02:33:18,2549
2014-01-05 02:33:20,2547
2014-01-05 02:33:22,2538
2014-01-05 02:33:24,2521
2014-01-05 02:33:26,2497
2014-01-05 02:33:28,2466
2014-01-05 02:33:30,2429
2014-01-05 02:33:32,2385
2014-01-05 02:33:34,2333
2014-01-05 02:33:36,2278
2014-01-05 02:33:38,2193
2014-01-05 02:33:40,2143
2014-01-05 02:33:42,2070
2014-01-05 02:33:44,1965
2014-01-05 02:33:46,1902
2014-01-05 02:33:48,1812
2014-01-05 02:33:50,1717
2014-01-05 02:33:52,1618
2014-01-05 02:33:54,1515
2014-01-05 02:33:56,1409
2014-01-05 02:33:58,1299
2014-01-05 02:34:00,1186
2014-01-05 02:34:02,1071
2014-01-05 02:34:04,954
2014-01-05 02:34:06,834
2014-01-05 02:34:08,714
2014-01-05 02:34:10,593
2014-01-05 02:34:12,471
2014-01-05 02:34:14,348
2014-01-05 02:34:16,225
2014-01-05 02:34:18,104
2014-01-05 02:34:20,-19
2014-01-05 02:34:22,-140
2014-01-05 02:34:24,-259
2014-01-05 02:34:26,-377
2014-01-05 02:34:28,-492
2014-01-05 02:34:30,-604
2014-01-05 02:34:32,-713
2014-01-05 02:34:34,-821
2014-01-05 02:34:36,-924
2014-01-05 02:34:38,-1023
2014-01-05 02:34:40,-1119
2014-01-05 02:34:42,-1209
2014-01-05 02:34:44,-1295
2014-01-05 02:34:46,-1377
2014-01-05 02:34:48,-1454
2014-01-05 02:34:50,-1526
2014-01-05 02:34:52,-1591
2014-01-05 02:34:54,-1652
2014-01-05 02:34:56,-1708
2014-01-05 02:34:58,-1757
2014-01-05 02:35:00,-1800
2014-01-05 02:35:02,-1837
2014-01-05 02:35:04,-1869
2014-01-05 02:35:06,-1895
2014-01-05 02:35:08,-1915
2014-01-05 02:35:10,-1928
2014-01-05 02:35:12,-1936
2014-01-05 02:35:14,-1938
2014-01-05 02:35:16,-1933
2014-01-05 02:35:18,-1922
2014-01-05 02:35:20,-1902
2014-01-05 02:35:22,-1875
2014-01-05 02:35:24,-1840
2014-01-05 02:35:26,-1798
2014-01-05 02:35:28,-1749
2014-01-05 02:35:30,-1694
2014-01-05 02:35:32,-1615
2014-01-05 02:35:34,-1554
2014-01-05 02:35:36,-1490
2014-01-05 02:35:38,-1413
2014-01-05 02:35:40,-1328
2014-01-05 02:35:42,-1241
2014-01-05 02:35:44,-1149
2014-01-05 02:35:46,-1053
2014-01-05 02:35:48,-955
2014-01-05 02:35:50,-854
2014-01-05 02:35:52,-751
2014-01-05 02:35:54,-647
2014-01-05 02:35:56,-540
2014-01-05 02:35:58,-434
2014-01-05 02:36:00,-313
2014-01-05 02:36:02,-218
2014-01-05 02:36:04,-112
2014-01-05 02:36:06,-7
2014-01-05 02:36:08,98
2014-01-05 02:36:10,200
2014-01-05 02:36:12,300
2014-01-05 02:36:14,397
2014-01-05 02:36:16,491
2014-01-05 02:36:18,582
2014-01-05 02:36:20,668
2014-01-05 02:36:22,750
2014-01-05 02:36:24,828
2014-01-05 02:36:26,902
2014-01-05 02:36:28,969
2014-01-05 02:36:30,1032
2014-01-05 02:36:32,1089
2014-01-05 02:36:34,1139
2014-01-05 02:36:36,1186
2014-01-05 02:36:38,1225
2014-01-05 02:36:40,1259
2014-01-05 02:36:42,1287
2014-01-05 02:36:44,1308
2014-01-05 02:36:46,1323
2014-01-05 02:36:48,1334
2014-01-05 02:36:50,1337
2014-01-05 02:36:52,1336
2014-01-05 02:36:54,1327
2014-01-05 02:36:56,1314
2014-01-05 02:36:58,1295
2014-01-05 02:37:00,1271
2014-01-05 02:37:02,1242
2014-01-05 02:37:04,1208
2014-01-05 02:37:06,1169
2014-01-05 02:37:08,1128
2014-01-05 02:37:10,1080
2014-01-05 02:37:12,1030
2014-01-05 02:37:14,977
2014-01-05 02:37:16,918
2014-01-05 02:37:18,861
2014-01-05 02:37:20,800
2014-01-05 02:37:22,737
2014-01-05 02:37:24,672
2014-01-05 02:37:26,604
2014-01-05 02:37:28,538
2014-01-05 02:37:30,470
2014-01-05 02:37:32,403
2014-01-05 02:37:34,335
2014-01-05 02:37:36,268
2014-01-05 02:37:38,203
2014-01-05 02:37:40,137
2014-01-05 02:37:42,73
2014-01-05 02:37:44,12
2014-01-05 02:37:46,-45
2014-01-05 02:37:48,-102
2014-01-05 02:37:50,-157
2014-01-05 02:37:52,-208
2014-01-05 02:37:54,-255
2014-01-05 02:37:56,-298
2014-01-05 02:37:58,-339
2014-01-05 02:38:00,-377
2014-01-05 02:38:02,-410
2014-01-05 02:38:04,-438
2014-01-05 02:38:06,-463
2014-01-05 02:38:08,-485
2014-01-05 02:38:10,-501
2014-01-05 02:38:12,-513
2014-01-05 02:38:14,-520
2014-01-05 02:38:16,-524
2014-01-05 02:38:18,-525
2014-01-05 02:38:20,-521
2014-01-05 02:38:22,-511
2014-01-05 02:38:24,-500
2014-01-05 02:38:26,-487
2014-01-05 02:38:28,-469
2014-01-05 02:38:30,-444
2014-01-05 02:38:32,-418
2014-01-05 02:38:34,-392
2014-01-05 02:38:36,-363
2014-01-05 02:38:38,-330
2014-01-05 02:38:40,-293
2014-01-05 02:38:42,-257
2014-01-05 02:38:44,-222
2014-01-05 02:38:46,-185
2014-01-05 02:38:48,-143
2014-01-05 02:38:50,-95
2014-01-05 02:38:52,-51
2014-01-05 02:38:54,-25
2014-01-05 02:38:56,22
2014-01-05 02:38:58,37
2014-01-05 02:39:00,37
2014-01-05 02:39:02,36
2014-01-05 02:39:04,37
2014-01-05 02:39:06,37
2014-01-05 02:39:08,36
2014-01-05 02:39:10,37
2014-01-05 02:39:12,37
2014-01-05 02:39:14,37
2014-01-05 02:39:16,37
2014-01-05 02:39:18,37
2014-01-05 02:39:20,37
2014-01-05 02:39:22,37
2014-01-05 02:39:24,37
2014-01-05 02:39:26,37
2014-01-05 02:39:28,36
2014-01-05 02:39:30,37
2014-01-05 02:39:32,37
2014-01-05 02:39:34,37
2014-01-05 02:39:36,37
2014-01-05 02:39:38,37
2014-01-05 02:39:40,37
2014-01-05 02:39:42,38
2014-01-05 02:39:44,36
2014-01-05 02:39:46,37
2014-01-05 02:39:48,37
2014-01-05 02:39:50,37
2014-01-05 02:39:52,38
2014-01-05 02:39:54,37
2014-01-05 02:39:56,37
2014-01-05 02:39:58,36
2014-01-05 02:40:00,36
2014-01-05 02:40:02,37
2014-01-05 02:40:04,36
2014-01-05 02:40:06,36
2014-01-05 02:40:08,37
2014-01-05 02:40:10,36
2014-01-05 02:40:12,37
2014-01-05 02:40:14,37
2014-01-05 02:40:16,37
2014-01-05 02:40:18,37
2014-01-05 02:40:20,37
2014-01-05 02:40:22,37
2014-01-05 02:40:24,36
2014-01-05 02:40:26,37
2014-01-05 02:40:28,37
2014-01-05 02:40:30,36
2014-01-05 02:40:32,36
2014-01-05 02:40:34,38
2014-01-05 02:40:36,36
2014-01-05 02:40:38,36
2014-01-05 02:40:40,36
2014-01-05 02:40:42,37
2014-01-05 02:40:44,37
2014-01-05 02:40:46,37
2014-01-05 02:40:48,37
2014-01-05 02:40:50,37
2014-01-05 02:40:52,36
2014-01-05 02:40:54,37
2014-01-05 02:40:56,37
2014-01-05 02:40:58,37
2014-01-05 02:41:00,36
2014-01-05 02:41:02,37
2014-01-05 02:41:04,36
2014-01-05 02:41:06,36
2014-01-05 02:41:08,37
2014-01-05 02:41:10,36
2014-01-05 02:41:12,36
2014-01-05 02:41:14,37
2014-01-05 02:41:16,37
2014-01-05 02:41:18,37
2014-01-05 02:41:20,36
2014-01-05 02:41:22,37
2014-01-05 02:41:24,36
2014-01-05 02:41:26,37
2014-01-05 02:41:28,36
2014-01-05 02:41:30,37
2014-01-05 02:41:32,37
2014-01-05 02:41:34,37
2014-01-05 02:41:36,36
2014-01-05 02:41:38,37
2014-01-05 02:41:40,37
2014-01-05 02:41:42,37
2014-01-05 02:41:44,36
2014-01-05 02:41:46,37
2014-01-05 02:41:48,37
2014-01-05 02:41:50,37
2014-01-05 02:41:52,37
2014-01-05 02:41:54,37
2014-01-05 02:41:56,37
2014-01-05 02:41:58,37
2014-01-05 02:42:00,37
2014-01-05 02:42:02,37
2014-01-05 02:42:04,37
2014-01-05 02:42:06,37
2014-01-05 02:42:08,36
2014-01-05 02:42:10,36
2014-01-05 02:42:12,37
2014-01-05 02:42:14,35
2014-01-05 02:42:16,37
2014-01-05 02:42:18,37
2014-01-05 02:42:20,37
2014-01-05 02:42:22,37
2014-01-05 02:42:24,37
2014-01-05 02:42:26,37
2014-01-05 02:42:28,37
2014-01-05 02:42:30,36
2014-01-05 02:42:32,37
2014-01-05 02:42:34,37
2014-01-05 02:42:36,37
2014-01-05 02:42:38,37
2014-01-05 02:42:40,36
2014-01-05 02:42:42,37
2014-01-05 02:42:44,36
2014-01-05 02:42:46,37
2014-01-05 02:42:48,37
2014-01-05 02:42:50,37
2014-01-05 02:42:52,37
2014-01-05 02:42:54,37
2014-01-05 02:42:56,37
2014-01-05 02:42:58,37
2014-01-05 02:43:00,37
2014-01-05 02:43:02,37
2014-01-05 02:43:04,37
2014-01-05 02:43:06,37
2014-01-05 02:43:08,36
2014-01-05 02:43:10,37
2014-01-05 02:43:12,37
2014-01-05 02:43:14,37
2014-01-05 02:43:16,36
2014-01-05 02:43:18,37
2014-01-05 02:43:20,37
2014-01-05 02:43:22,37
2014-01-05 02:43:24,38
2014-01-05 02:43:26,37
2014-01-05 02:43:28,37
2014-01-05 02:43:30,37
2014-01-05 02:43:32,35
2014-01-05 02:43:34,36
2014-01-05 02:43:36,36
2014-01-05 02:43:38,38
2014-01-05 02:43:40,37
2014-01-05 02:43:42,36
2014-01-05 02:43:44,36
2014-01-05 02:43:46,36
2014-01-05 02:43:48,37
2014-01-05 02:43:50,37
2014-01-05 02:43:52,37
2014-01-05 02:43:54,37
2014-01-05 02:43:56,37
2014-01-05 02:43:58,37
2014-01-05 02:44:00,36
2014-01-05 02:44:02,36
2014-01-05 02:44:04,36
2014-01-05 02:44:06,37
2014-01-05 02:44:08,37
2014-01-05 02:44:10,36
2014-01-05 02:44:12,37
2014-01-05 02:44:14,37
2014-01-05 02:44:16,37
2014-01-05 02:44:18,37
2014-01-05 02:44:20,37
2014-01-05 02:44:22,37
2014-01-05 02:44:24,37
2014-01-05 02:44:26,37
2014-01-05 02:44:28,37
2014-01-05 02:44:30,36
2014-01-05 02:44:32,37
2014-01-05 02:44:34,37
2014-01-05 02:44:36,36
2014-01-05 02:44:38,37
2014-01-05 02:44:40,37
2014-01-05 02:44:42,37
2014-01-05 02:44:44,37
2014-01-05 02:44:46,36
2014-01-05 02:44:48,37
2014-01-05 02:44:50,36
2014-01-05 02:44:52,37
2014-01-05 02:44:54,37
2014-01-05 02:44:56,37
2014-01-05 02:44:58,37
2014-01-05 02:45:00,37
2014-01-05 02:45:02,37
2014-01-05 02:45:03,37
2014-01-05 02:45:05,36
2014-01-05 02:45:07,37
2014-01-05 02:45:09,37
2014-01-05 02:45:11,37
2014-01-05 02:45:13,37
2014-01-05 02:45:15,37
2014-01-05 02:45:17,37
2014-01-05 02:45:19,36
2014-01-05 02:45:21,37
2014-01-05 02:45:23,37
2014-01-05 02:45:25,37
2014-01-05 02:45:27,37
2014-01-05 02:45:29,36
2014-01-05 02:45:31,37
2014-01-05 02:45:33,37
2014-01-05 02:45:35,37
2014-01-05 02:45:37,37
2014-01-05 02:45:39,36
2014-01-05 02:45:41,37
2014-01-05 02:45:43,36
2014-01-05 02:45:45,37
2014-01-05 02:45:47,37
2014-01-05 02:45:49,38
2014-01-05 02:45:51,37
2014-01-05 02:45:53,36
2014-01-05 02:45:55,37
2014-01-05 02:45:57,37
2014-01-05 02:45:59,37
2014-01-05 02:46:01,37
2014-01-05 02:46:03,37
2014-01-05 02:46:05,36
2014-01-05 02:46:07,37
2014-01-05 02:46:09,37
2014-01-05 02:46:11,37
2014-01-05 02:46:13,37
2014-01-05 02:46:15,37
2014-01-05 02:46:17,37
2014-01-05 02:46:19,37
2014-01-05 02:46:21,37
2014-01-05 02:46:23,36
2014-01-05 02:46:25,37
2014-01-05 02:46:27,36
2014-01-05 02:46:29,36
2014-01-05 02:46:31,37
2014-01-05 02:46:33,37
2014-01-05 02:46:35,37
2014-01-05 02:46:37,37
2014-01-05 02:46:39,37
2014-01-05 02:46:41,36
2014-01-05 02:46:43,37
2014-01-05 02:46:45,36
2014-01-05 02:46:47,37
2014-01-05 02:46:49,37
2014-01-05 02:46:51,37
2014-01-05 02:46:53,37
2014-01-05 02:46:55,37
2014-01-05 02:46:57,37
2014-01-05 02:46:59,37
2014-01-05 02:47:01,37
2014-01-05 02:47:03,37
2014-01-05 02:47:05,37
2014-01-05 02:47:07,37
2014-01-05 02:47:09,37
2014-01-05 02:47:11,37
2014-01-05 02:47:13,37
2014-01-05 02:47:15,37
2014-01-05 02:47:17,37
2014-01-05 02:47:19,37
2014-01-05 02:47:21,37
2014-01-05 02:47:23,37
2014-01-05 02:47:25,37
2014-01-05 02:47:27,37
2014-01-05 02:47:29,37
2014-01-05 02:47:31,37
2014-01-05 02:47:33,37
2014-01-05 02:47:35,37
2014-01-05 02:47:37,37
2014-01-05 02:47:39,37
2014-01-05 02:47:41,36
2014-01-05 02:47:43,37
2014-01-05 02:47:45,37
2014-01-05 02:47:47,36
2014-01-05 02:47:49,37
2014-01-05 02:47:51,37
2014-01-05 02:47:53,36
2014-01-05 02:47:55,37
2014-01-05 02:47:57,37
2014-01-05 02:47:59,36
2014-01-05 02:48:01,37
2014-01-05 02:48:03,38
2014-01-05 02:48:05,36
2014-01-05 02:48:07,37
2014-01-05 02:48:09,37
2014-01-05 02:48:11,35
2014-01-05 02:48:13,37
2014-01-05 02:48:15,37
2014-01-05 02:48:17,37
2014-01-05 02:48:19,36
2014-01-05 02:48:21,36
2014-01-05 02:48:23,37
2014-01-05 02:48:25,37
2014-01-05 02:48:27,36
2014-01-05 02:48:29,37
2014-01-05 02:48:31,37
2014-01-05 02:48:33,37
2014-01-05 02:48:35,37
2014-01-05 02:48:37,37
2014-01-05 02:48:39,37
2014-01-05 02:48:41,37
2014-01-05 02:48:43,37
2014-01-05 02:48:45,36
2014-01-05 02:48:47,37
2014-01-05 02:48:49,37
2014-01-05 02:48:51,37
2014-01-05 02:48:53,36
2014-01-05 02:48:55,37
2014-01-05 02:48:57,37
2014-01-05 02:48:59,36
2014-01-05 02:49:01,36
2014-01-05 02:49:03,37
2014-01-05 02:49:05,37
2014-01-05 02:49:07,37
2014-01-05 02:49:09,37
2014-01-05 02:49:11,36
2014-01-05 02:49:13,38
2014-01-05 02:49:15,36
2014-01-05 02:49:17,37
2014-01-05 02:49:19,37
2014-01-05 02:49:21,37
2014-01-05 02:49:23,37
2014-01-05 02:49:25,37
2014-01-05 02:49:27,37
2014-01-05 02:49:29,37
2014-01-05 02:49:31,37
2014-01-05 02:49:33,37
2014-01-05 02:49:35,37
2014-01-05 02:49:37,36
2014-01-05 02:49:39,37
2014-01-05 02:49:41,37
2014-01-05 02:49:43,37
2014-01-05 02:49:45,37
2014-01-05 02:49:47,37
2014-01-05 02:49:49,37
2014-01-05 02:49:51,37
2014-01-05 02:49:53,37
2014-01-05 02:49:55,37
2014-01-05 02:49:57,37
2014-01-05 02:49:59,36
2014-01-05 02:50:01,37
2014-01-05 02:50:03,37
2014-01-05 02:50:05,37
2014-01-05 02:50:07,37
2014-01-05 02:50:09,37
2014-01-05 02:50:11,38
2014-01-05 02:50:13,37
2014-01-05 02:50:15,37
2014-01-05 02:50:17,36
2014-01-05 02:50:19,37
2014-01-05 02:50:21,37
2014-01-05 02:50:23,38
2014-01-05 02:50:25,37
2014-01-05 02:50:27,38
2014-01-05 02:50:29,37
2014-01-05 02:50:31,37
2014-01-05 02:50:33,37
2014-01-05 02:50:35,37
2014-01-05 02:50:37,37
2014-01-05 02:50:39,37
2014-01-05 02:50:41,36
2014-01-05 02:50:43,37
2014-01-05 02:50:45,37
2014-01-05 02:50:47,37
2014-01-05 02:50:49,36
2014-01-05 02:50:51,36
2014-01-05 02:50:53,36
2014-01-05 02:50:55,37
2014-01-05 02:50:57,37
2014-01-05 02:50:59,37
2014-01-05 02:51:01,36
2014-01-05 02:51:03,36
2014-01-05 02:51:05,37
2014-01-05 02:51:07,37
2014-01-05 02:51:09,37
2014-01-05 02:51:11,36
2014-01-05 02:51:13,36
2014-01-05 02:51:15,37
2014-01-05 02:51:17,37
2014-01-05 02:51:19,36
2014-01-05 02:51:21,37
2014-01-05 02:51:23,36
2014-01-05 02:51:25,37
2014-01-05 02:51:27,36
2014-01-05 02:51:29,37
2014-01-05 02:51:31,36
2014-01-05 02:51:33,37
2014-01-05 02:51:35,37
2014-01-05 02:51:37,37
2014-01-05 02:51:39,36
2014-01-05 02:51:41,37
2014-01-05 02:51:43,37
2014-01-05 02:51:45,37
2014-01-05 02:51:47,36
2014-01-05 02:51:49,37
2014-01-05 02:51:51,36
2014-01-05 02:51:53,37
2014-01-05 02:51:55,37
2014-01-05 02:51:57,37
2014-01-05 02:51:59,37
2014-01-05 02:52:01,36
2014-01-05 02:52:03,36
2014-01-05 02:52:05,36
2014-01-05 02:52:07,37
2014-01-05 02:52:09,37
2014-01-05 02:52:11,37
2014-01-05 02:52:13,36
2014-01-05 02:52:15,37
2014-01-05 02:52:17,36
2014-01-05 02:52:19,35
2014-01-05 02:52:21,36
2014-01-05 02:52:23,37
2014-01-05 02:52:25,36
2014-01-05 02:52:27,37
2014-01-05 02:52:29,37
2014-01-05 02:52:31,37
2014-01-05 02:52:33,37
2014-01-05 02:52:35,38
2014-01-05 02:52:37,38
2014-01-05 02:52:39,37
2014-01-05 02:52:41,37
2014-01-05 02:52:43,37
2014-01-05 02:52:45,36
2014-01-05 02:52:47,36
2014-01-05 02:52:49,37
2014-01-05 02:52:51,36
2014-01-05 02:52:53,37
2014-01-05 02:52:55,36
2014-01-05 02:52:57,37
2014-01-05 02:52:59,38
2014-01-05 02:53:01,37
2014-01-05 02:53:03,37
2014-01-05 02:53:05,37
2014-01-05 02:53:07,36
2014-01-05 02:53:09,37
2014-01-05 02:53:11,37
2014-01-05 02:53:13,36
2014-01-05 02:53:15,37
2014-01-05 02:53:17,37
2014-01-05 02:53:19,37
2014-01-05 02:53:21,37
2014-01-05 02:53:23,38
2014-01-05 02:53:25,37
2014-01-05 02:53:27,37
2014-01-05 02:53:29,37
2014-01-05 02:53:31,37
2014-01-05 02:53:33,37
2014-01-05 02:53:35,37
2014-01-05 02:53:37,36
2014-01-05 02:53:39,37
2014-01-05 02:53:41,37
2014-01-05 02:53:43,37
2014-01-05 02:53:45,36
2014-01-05 02:53:47,37
2014-01-05 02:53:49,37
2014-01-05 02:53:51,37
2014-01-05 02:53:53,37
2014-01-05 02:53:55,37
2014-01-05 02:53:57,36
2014-01-05 02:53:59,36
2014-01-05 02:54:01,37
2014-01-05 02:54:03,37
2014-01-05 02:54:05,37
2014-01-05 02:54:07,37
2014-01-05 02:54:09,36
2014-01-05 02:54:11,37
2014-01-05 02:54:13,36
2014-01-05 02:54:15,37
2014-01-05 02:54:17,36
2014-01-05 02:54:19,37
2014-01-05 02:54:21,37
2014-01-05 02:54:23,37
2014-01-05 02:54:25,37
2014-01-05 02:54:27,37
2014-01-05 02:54:29,37
2014-01-05 02:54:31,37
2014-01-05 02:54:33,37
2014-01-05 02:54:35,37
2014-01-05 02:54:37,37
2014-01-05 02:54:39,37
2014-01-05 02:54:41,37
2014-01-05 02:54:43,37
2014-01-05 02:54:45,37
2014-01-05 02:54:47,36
2014-01-05 02:54:49,37
2014-01-05 02:54:51,36
2014-01-05 02:54:53,37
2014-01-05 02:54:55,37
2014-01-05 02:54:57,37
2014-01-05 02:54:59,37
2014-01-05 02:55:01,37
2014-01-05 02:55:03,36
2014-01-05 02:55:05,37
2014-01-05 02:55:07,37
2014-01-05 02:55:09,37
2014-01-05 02:55:11,36
2014-01-05 02:55:13,37
2014-01-05 02:55:15,36
2014-01-05 02:55:17,36
2014-01-05 02:55:19,36
2014-01-05 02:55:21,37
2014-01-05 02:55:23,37
2014-01-05 02:55:25,37
2014-01-05 02:55:27,37