2014-01-05 02:00:01,      0
2014-01-05 02:00:03,      0
2014-01-05 02:00:05,      0
2014-01-05 02:00:07,      0
2014-01-05 02:00:09,      0
2014-01-05 02:00:11,      0
2014-01-05 02:00:13,      0
2014-01-05 02:00:15,      0
2014-01-05 02:00:17,      0
2014-01-05 02:00:19,      0
2014-01-05 02:00:21,      0
2014-01-05 02:00:23,      0
2014-01-05 02:00:25,      0
2014-01-05 02:00:27,      0
2014-01-05 02:00:29,      0
2014-01-05 02:00:31,     -1
2014-01-05 02:00:33,     -1
2014-01-05 02:00:35,     -1
2014-01-05 02:00:37,     -1
2014-01-05 02:00:39,     -1
2014-01-05 02:00:41,     -1
2014-01-05 02:00:43,     -1
2014-01-05 02:00:45,     -1
2014-01-05 02:00:47,     -1
2014-01-05 02:00:49,     -1
2014-01-05 02:00:51,     -1
2014-01-05 02:00:53,     -1
2014-01-05 02:00:55,     -1
2014-01-05 02:00:57,     -1
2014-01-05 02:00:59,     -1
2014-01-05 02:01:01,     -1
2014-01-05 02:01:03,     -1
2014-01-05 02:01:05,     -1
2014-01-05 02:01:07,     -1
2014-01-05 02:01:09,     -1
2014-01-05 02:01:11,     -1
2014-01-05 02:01:13,     -1
2014-01-05 02:01:15,     -1
2014-01-05 02:01:17,     -1
2014-01-05 02:01:19,     -1
2014-01-05 02:01:21,     -1
2014-01-05 02:01:23,     -1
2014-01-05 02:01:25,     -1
2014-01-05 02:01:27,     -1
2014-01-05 02:01:29,     -1
2014-01-05 02:01:31,     -1
2014-01-05 02:01:33,     -1
2014-01-05 02:01:35,     -1
2014-01-05 02:01:37,     -1
2014-01-05 02:01:39,     -1
2014-01-05 02:01:41,     -1
2014-01-05 02:01:43,     -1
2014-01-05 02:01:45,     -1
2014-01-05 02:01:47,      0
2014-01-05 02:01:49,      0
2014-01-05 02:01:51,      0
2014-01-05 02:01:53,      0
2014-01-05 02:01:55,      0
2014-01-05 02:01:57,      0
2014-01-05 02:01:59,      0
2014-01-05 02:02:01,      0
2014-01-05 02:02:03,      0
2014-01-05 02:02:05,      0
2014-01-05 02:02:07,      0
2014-01-05 02:02:09,      0
2014-01-05 02:02:11,      0
2014-01-05 02:02:13,      0
2014-01-05 02:02:15,      0
2014-01-05 02:02:17,      0
2014-01-05 02:02:19,      0
2014-01-05 02:02:21,      0
2014-01-05 02:02:23,      0
2014-01-05 02:02:25,      0
2014-01-05 02:02:27,      0
2014-01-05 02:02:29,      0
2014-01-05 02:02:31,      0
2014-01-05 02:02:33,      0
2014-01-05 02:02:35,      1
2014-01-05 02:02:37,      1
2014-01-05 02:02:39,      1
2014-01-05 02:02:41,      1
2014-01-05 02:02:43,      1
2014-01-05 02:02:45,      1
2014-01-05 02:02:47,      1
2014-01-05 02:02:49,      1
2014-01-05 02:02:51,      1
2014-01-05 02:02:53,      1
2014-01-05 02:02:55,      1
2014-01-05 02:02:57,      1
2014-01-05 02:02:59,      1
2014-01-05 02:03:01,      1
2014-01-05 02:03:03,      1
2014-01-05 02:03:05,      1
2014-01-05 02:03:07,      1
2014-01-05 02:03:09,      1
2014-01-05 02:03:11,      1
2014-01-05 02:03:13,      1
2014-01-05 02:03:15,      1
2014-01-05 02:03:17,      1
2014-01-05 02:03:19,      1
2014-01-05 02:03:21,      1
2014-01-05 02:03:23,      1
2014-01-05 02:03:25,      1
2014-01-05 02:03:27,      1
2014-01-05 02:03:29,      1
2014-01-05 02:03:31,      1
2014-01-05 02:03:33,      1
2014-01-05 02:03:35,      1
2014-01-05 02:03:37,      1
2014-01-05 02:03:39,      1
2014-01-05 02:03:41,      1
2014-01-05 02:03:43,      1
2014-01-05 02:03:45,      1
2014-01-05 02:03:47,      1
2014-01-05 02:03:49,      1
2014-01-05 02:03:51,      1
2014-01-05 02:03:53,      1
2014-01-05 02:03:55,      1
2014-01-05 02:03:57,      1
2014-01-05 02:03:59,      0
2014-01-05 02:04:01,      0
2014-01-05 02:04:03,      0
2014-01-05 02:04:05,      0
2014-01-05 02:04:07,      0
2014-01-05 02:04:09,      0
2014-01-05 02:04:11,      0
2014-01-05 02:04:13,      0
2014-01-05 02:04:15,      0
2014-01-05 02:04:17,      0
2014-01-05 02:04:19,      0
2014-01-05 02:04:21,      0
2014-01-05 02:04:23,      0
2014-01-05 02:04:25,      0
2014-01-05 02:04:27,      0
2014-01-05 02:04:29,      0
2014-01-05 02:04:31,      0
2014-01-05 02:04:33,      0
2014-01-05 02:04:35,      0
2014-01-05 02:04:37,      0
2014-01-05 02:04:39,      0
2014-01-05 02:04:41,      0
2014-01-05 02:04:43,      0
2014-01-05 02:04:45,      0
2014-01-05 02:04:47,     -1
2014-01-05 02:04:49,     -1
2014-01-05 02:04:51,     -1
2014-01-05 02:04:53,     -1
2014-01-05 02:04:55,     -1
2014-01-05 02:04:57,     -1
2014-01-05 02:04:59,     -1
2014-01-05 02:05:01,     -1
2014-01-05 02:05:03,     -1
2014-01-05 02:05:05,     -1
2014-01-05 02:05:07,     -1
2014-01-05 02:05:09,     -1
2014-01-05 02:05:11,     -1
2014-01-05 02:05:13,     -1
2014-01-05 02:05:15,     -1
2014-01-05 02:05:17,     -1
2014-01-05 02:05:19,     -1
2014-01-05 02:05:21,     -1
2014-01-05 02:05:23,     -1
2014-01-05 02:05:25,     -1
2014-01-05 02:05:27,     -1
2014-01-05 02:05:29,     -1
2014-01-05 02:05:31,     -1
2014-01-05 02:05:33,     -1
2014-01-05 02:05:35,     -1
2014-01-05 02:05:37,     -1
2014-01-05 02:05:39,     -1
2014-01-05 02:05:41,     -1
2014-01-05 02:05:43,     -1
2014-01-05 02:05:45,     -1
2014-01-05 02:05:47,     -1
2014-01-05 02:05:49,     -1
2014-01-05 02:05:51,     -1
2014-01-05 02:05:53,     -1
2014-01-05 02:05:55,     -1
2014-01-05 02:05:57,     -1
2014-01-05 02:05:59,     -1
2014-01-05 02:06:01,     -1
2014-01-05 02:06:03,      0
2014-01-05 02:06:05,      0
2014-01-05 02:06:07,      0
2014-01-05 02:06:09,      0
2014-01-05 02:06:11,      0
2014-01-05 02:06:13,      0
2014-01-05 02:06:15,      0
2014-01-05 02:06:17,      0
2014-01-05 02:06:19,      0
2014-01-05 02:06:21,      0
2014-01-05 02:06:23,      0
2014-01-05 02:06:25,      0
2014-01-05 02:06:27,      0
2014-01-05 02:06:29,      0
2014-01-05 02:06:31,      0
2014-01-05 02:06:33,      0
2014-01-05 02:06:35,      0
2014-01-05 02:06:37,      0
2014-01-05 02:06:39,      0
2014-01-05 02:06:41,      0
2014-01-05 02:06:43,      0
2014-01-05 02:06:45,      0
2014-01-05 02:06:47,      0
2014-01-05 02:06:49,      0
2014-01-05 02:06:51,      0
2014-01-05 02:06:53,      1
2014-01-05 02:06:55,      1
2014-01-05 02:06:57,      1
2014-01-05 02:06:59,      1
2014-01-05 02:07:01,      1
2014-01-05 02:07:03,      1
2014-01-05 02:07:05,      1
2014-01-05 02:07:07,      1
2014-01-05 02:07:09,      1
2014-01-05 02:07:11,      1
2014-01-05 02:07:13,      1
2014-01-05 02:07:15,      1
2014-01-05 02:07:17,      1
2014-01-05 02:07:19,      1
2014-01-05 02:07:21,      1
2014-01-05 02:07:23,      1
2014-01-05 02:07:25,      1
2014-01-05 02:07:27,      1
2014-01-05 02:07:29,      1
2014-01-05 02:07:31,      1
2014-01-05 02:07:33,      1
2014-01-05 02:07:35,      1
2014-01-05 02:07:37,      1
2014-01-05 02:07:39,      1
2014-01-05 02:07:41,      1
2014-01-05 02:07:43,      1
2014-01-05 02:07:45,      1
2014-01-05 02:07:47,      1
2014-01-05 02:07:49,      1
2014-01-05 02:07:51,      1
2014-01-05 02:07:53,      1
2014-01-05 02:07:55,      1
2014-01-05 02:07:57,      1
2014-01-05 02:07:59,      1
2014-01-05 02:08:01,      1
2014-01-05 02:08:03,      1
2014-01-05 02:08:05,      1
2014-01-05 02:08:07,      1
2014-01-05 02:08:09,      1
2014-01-05 02:08:11,      1
2014-01-05 02:08:13,      1
2014-01-05 02:08:15,      0
2014-01-05 02:08:17,      0
2014-01-05 02:08:19,      0
2014-01-05 02:08:21,      0
2014-01-05 02:08:23,      0
2014-01-05 02:08:25,      0
2014-01-05 02:08:27,      0
2014-01-05 02:08:29,      0
2014-01-05 02:08:31,      0
2014-01-05 02:08:33,      0
2014-01-05 02:08:35,      0
2014-01-05 02:08:37,      0
2014-01-05 02:08:39,      0
2014-01-05 02:08:41,      0
2014-01-05 02:08:43,      0
2014-01-05 02:08:45,      0
2014-01-05 02:08:47,      0
2014-01-05 02:08:49,      0
2014-01-05 02:08:51,      0
2014-01-05 02:08:53,      0
2014-01-05 02:08:55,      0
2014-01-05 02:08:57,      0
2014-01-05 02:08:59,      0
2014-01-05 02:09:01,      0
2014-01-05 02:09:03,     -1
2014-01-05 02:09:05,     -1
2014-01-05 02:09:07,     -1
2014-01-05 02:09:09,     -1
2014-01-05 02:09:11,     -1
2014-01-05 02:09:13,     -1
2014-01-05 02:09:15,     -1
2014-01-05 02:09:17,     -1
2014-01-05 02:09:19,     -1
2014-01-05 02:09:21,     -1
2014-01-05 02:09:23,     -1
2014-01-05 02:09:25,     -1
2014-01-05 02:09:27,     -1
2014-01-05 02:09:29,     -1
2014-01-05 02:09:31,     -1
2014-01-05 02:09:33,     -1
2014-01-05 02:09:35,     -1
2014-01-05 02:09:37,     -1
2014-01-05 02:09:39,     -1
2014-01-05 02:09:41,     -1
2014-01-05 02:09:43,     -1
2014-01-05 02:09:45,     -1
2014-01-05 02:09:47,     -1
2014-01-05 02:09:49,     -1
2014-01-05 02:09:51,     -1
2014-01-05 02:09:53,     -1
2014-01-05 02:09:55,     -1
2014-01-05 02:09:57,     -1
2014-01-05 02:09:59,     -1
2014-01-05 02:10:01,     -1
2014-01-05 02:10:03,     -1
2014-01-05 02:10:05,     -1
2014-01-05 02:10:07,     -1
2014-01-05 02:10:09,     -1
2014-01-05 02:10:11,     -1
2014-01-05 02:10:13,     -1
2014-01-05 02:10:15,     -1
2014-01-05 02:10:17,     -1
2014-01-05 02:10:19,      0
2014-01-05 02:10:21,      0
2014-01-05 02:10:23,      0
2014-01-05 02:10:25,      0
2014-01-05 02:10:27,      0
2014-01-05 02:10:29,      0
2014-01-05 02:10:31,      0
2014-01-05 02:10:33,      0
2014-01-05 02:10:35,      0
2014-01-05 02:10:37,      0
2014-01-05 02:10:39,      0
2014-01-05 02:10:41,      0
2014-01-05 02:10:43,      0
2014-01-05 02:10:45,      0
2014-01-05 02:10:47,      0
2014-01-05 02:10:49,      0
2014-01-05 02:10:51,      0
2014-01-05 02:10:53,      0
2014-01-05 02:10:55,      0
2014-01-05 02:10:57,      0
2014-01-05 02:10:59,      0
2014-01-05 02:11:01,      0
2014-01-05 02:11:03,      0
2014-01-05 02:11:05,      0
2014-01-05 02:11:07,      0
2014-01-05 02:11:09,      1
2014-01-05 02:11:11,      1
2014-01-05 02:11:13,      1
2014-01-05 02:11:15,      1
2014-01-05 02:11:17,      1
2014-01-05 02:11:19,      1
2014-01-05 02:11:21,      1
2014-01-05 02:11:23,      1
2014-01-05 02:11:25,      1
2014-01-05 02:11:27,      1
2014-01-05 02:11:29,      1
2014-01-05 02:11:31,      1
2014-01-05 02:11:33,      1
2014-01-05 02:11:35,      1
2014-01-05 02:11:37,      1
2014-01-05 02:11:39,      1
2014-01-05 02:11:41,      1
2014-01-05 02:11:43,      1
2014-01-05 02:11:45,      1
2014-01-05 02:11:47,      1
2014-01-05 02:11:49,      1
2014-01-05 02:11:51,      1
2014-01-05 02:11:53,      1
2014-01-05 02:11:55,      1
2014-01-05 02:11:57,      1
2014-01-05 02:11:59,      1
2014-01-05 02:12:01,      1
2014-01-05 02:12:03,      1
2014-01-05 02:12:05,      1
2014-01-05 02:12:07,      1
2014-01-05 02:12:09,      1
2014-01-05 02:12:11,      1
2014-01-05 02:12:13,      1
2014-01-05 02:12:15,      1
2014-01-05 02:12:17,      1
2014-01-05 02:12:19,      1
2014-01-05 02:12:21,      1
2014-01-05 02:12:23,      1
2014-01-05 02:12:25,      1
2014-01-05 02:12:27,      1
2014-01-05 02:12:29,      1
2014-01-05 02:12:31,      0
2014-01-05 02:12:33,      0
2014-01-05 02:12:35,      0
2014-01-05 02:12:37,      0
2014-01-05 02:12:39,      0
2014-01-05 02:12:41,      0
2014-01-05 02:12:43,      0
2014-01-05 02:12:45,      0
2014-01-05 02:12:47,      0
2014-01-05 02:12:49,      0
2014-01-05 02:12:51,      0
2014-01-05 02:12:53,      0
2014-01-05 02:12:55,      0
2014-01-05 02:12:57,      0
2014-01-05 02:12:59,      0
2014-01-05 02:13:01,      0
2014-01-05 02:13:03,      0
2014-01-05 02:13:05,      0
2014-01-05 02:13:07,      0
2014-01-05 02:13:09,      0
2014-01-05 02:13:11,      0
2014-01-05 02:13:13,      0
2014-01-05 02:13:15,      0
2014-01-05 02:13:17,      0
2014-01-05 02:13:19,     -1
2014-01-05 02:13:21,     -1
2014-01-05 02:13:23,     -1
2014-01-05 02:13:25,     -1
2014-01-05 02:13:27,     -1
2014-01-05 02:13:29,     -1
2014-01-05 02:13:31,     -1
2014-01-05 02:13:33,     -1
2014-01-05 02:13:35,     -1
2014-01-05 02:13:37,     -1
2014-01-05 02:13:39,     -1
2014-01-05 02:13:41,     -1
2014-01-05 02:13:43,     -1
2014-01-05 02:13:45,     -1
2014-01-05 02:13:47,     -1
2014-01-05 02:13:49,     -1
2014-01-05 02:13:51,     -1
2014-01-05 02:13:53,     -1
2014-01-05 02:13:55,     -1
2014-01-05 02:13:57,     -1
2014-01-05 02:13:59,     -1
2014-01-05 02:14:01,     -1
2014-01-05 02:14:03,     -1
2014-01-05 02:14:05,     -1
2014-01-05 02:14:07,     -1
2014-01-05 02:14:09,     -1
2014-01-05 02:14:11,     -1
2014-01-05 02:14:13,     -1
2014-01-05 02:14:15,     -1
2014-01-05 02:14:17,     -1
2014-01-05 02:14:19,     -1
2014-01-05 02:14:21,     -1
2014-01-05 02:14:23,     -1
2014-01-05 02:14:25,     -1
2014-01-05 02:14:27,     -1
2014-01-05 02:14:29,     -1
2014-01-05 02:14:31,     -1
2014-01-05 02:14:33,     -1
2014-01-05 02:14:35,     -1
2014-01-05 02:14:37,      0
2014-01-05 02:14:39,      0
2014-01-05 02:14:41,      0
2014-01-05 02:14:43,      0
2014-01-05 02:14:45,      0
2014-01-05 02:14:47,      0
2014-01-05 02:14:49,      0
2014-01-05 02:14:51,      0
2014-01-05 02:14:53,      0
2014-01-05 02:14:55,      0
2014-01-05 02:14:57,      0
2014-01-05 02:14:59,      0
2014-01-05 02:15:01,      0
2014-01-05 02:15:03,      0
2014-01-05 02:15:05,      0
2014-01-05 02:15:07,      0
2014-01-05 02:15:09,      0
2014-01-05 02:15:11,      0
2014-01-05 02:15:13,      0
2014-01-05 02:15:15,      0
2014-01-05 02:15:17,      0
2014-01-05 02:15:19,      0
2014-01-05 02:15:21,      0
2014-01-05 02:15:23,      0
2014-01-05 02:15:25,      1
2014-01-05 02:15:27,      1
2014-01-05 02:15:29,      1
2014-01-05 02:15:31,      1
2014-01-05 02:15:33,      1
2014-01-05 02:15:35,      1
2014-01-05 02:15:37,      1
2014-01-05 02:15:39,      1
2014-01-05 02:15:41,      1
2014-01-05 02:15:43,      1
2014-01-05 02:15:45,      1
2014-01-05 02:15:47,      1
2014-01-05 02:15:49,      1
2014-01-05 02:15:51,      1
2014-01-05 02:15:53,      1
2014-01-05 02:15:55,      1
2014-01-05 02:15:57,      1
2014-01-05 02:15:59,      1
2014-01-05 02:16:01,      1
2014-01-05 02:16:03,      1
2014-01-05 02:16:05,      1
2014-01-05 02:16:07,      1
2014-01-05 02:16:09,      1
2014-01-05 02:16:11,      1
2014-01-05 02:16:13,      1
2014-01-05 02:16:15,      1
2014-01-05 02:16:17,      1
2014-01-05 02:16:19,      1
2014-01-05 02:16:21,      1
2014-01-05 02:16:23,      1
2014-01-05 02:16:25,      1
2014-01-05 02:16:27,      1
2014-01-05 02:16:29,      1
2014-01-05 02:16:31,      1
2014-01-05 02:16:33,      1
2014-01-05 02:16:35,      1
2014-01-05 02:16:37,      1
2014-01-05 02:16:39,      1
2014-01-05 02:16:41,      1
2014-01-05 02:16:43,      1
2014-01-05 02:16:45,      1
2014-01-05 02:16:47,      0
2014-01-05 02:16:49,      0
2014-01-05 02:16:51,      0
2014-01-05 02:16:53,      0
2014-01-05 02:16:55,      0
2014-01-05 02:16:57,      0
2014-01-05 02:16:59,      0
2014-01-05 02:17:01,      0
2014-01-05 02:17:03,      0
2014-01-05 02:17:05,      0
2014-01-05 02:17:07,      0
2014-01-05 02:17:09,      0
2014-01-05 02:17:11,      0
2014-01-05 02:17:13,      0
2014-01-05 02:17:15,      0
2014-01-05 02:17:17,      0
2014-01-05 02:17:19,      0
2014-01-05 02:17:21,      0
2014-01-05 02:17:23,      0
2014-01-05 02:17:25,      0
2014-01-05 02:17:27,      0
2014-01-05 02:17:29,      0
2014-01-05 02:17:31,      0
2014-01-05 02:17:33,      0
2014-01-05 02:17:35,     -1
2014-01-05 02:17:37,     -1
2014-01-05 02:17:39,     -1
2014-01-05 02:17:41,     -1
2014-01-05 02:17:43,     -1
2014-01-05 02:17:45,     -1
2014-01-05 02:17:47,     -1
2014-01-05 02:17:49,     -1
2014-01-05 02:17:51,     -1
2014-01-05 02:17:53,     -1
2014-01-05 02:17:55,     -1
2014-01-05 02:17:57,     -1
2014-01-05 02:17:59,     -1
2014-01-05 02:18:01,     -1
2014-01-05 02:18:03,     -1
2014-01-05 02:18:05,     -1
2014-01-05 02:18:07,     -1
2014-01-05 02:18:09,     -1
2014-01-05 02:18:11,     -1
2014-01-05 02:18:13,     -1
2014-01-05 02:18:15,     -1
2014-01-05 02:18:17,     -1
2014-01-05 02:18:19,     -1
2014-01-05 02:18:21,     -1
2014-01-05 02:18:23,     -1
2014-01-05 02:18:25,     -1
2014-01-05 02:18:27,     -1
2014-01-05 02:18:29,     -1
2014-01-05 02:18:31,     -1
2014-01-05 02:18:33,     -1
2014-01-05 02:18:35,     -1
2014-01-05 02:18:37,     -1
2014-01-05 02:18:39,     -1
2014-01-05 02:18:41,     -1
2014-01-05 02:18:43,     -2
2014-01-05 02:18:45,     -3
2014-01-05 02:18:47,     -4
2014-01-05 02:18:49,     -6
2014-01-05 02:18:51,     -7
2014-01-05 02:18:53,     -8
2014-01-05 02:18:55,     -9
2014-01-05 02:18:57,     -9
2014-01-05 02:18:59,     -9
2014-01-05 02:19:01,    -10
2014-01-05 02:19:03,    -10
2014-01-05 02:19:05,    -11
2014-01-05 02:19:07,    -11
2014-01-05 02:19:09,    -12
2014-01-05 02:19:11,    -12
2014-01-05 02:19:13,    -12
2014-01-05 02:19:15,    -12
2014-01-05 02:19:17,    -12
2014-01-05 02:19:19,    -12
2014-01-05 02:19:21,    -11
2014-01-05 02:19:23,    -11
2014-01-05 02:19:25,    -11
2014-01-05 02:19:27,    -11
2014-01-05 02:19:29,    -11
2014-01-05 02:19:31,    -10
2014-01-05 02:19:33,    -10
2014-01-05 02:19:35,     -9
2014-01-05 02:19:37,     -8
2014-01-05 02:19:39,     -7
2014-01-05 02:19:41,     -7
2014-01-05 02:19:43,     -6
2014-01-05 02:19:45,     -5
2014-01-05 02:19:47,     -4
2014-01-05 02:19:49,     -3
2014-01-05 02:19:51,     -2
2014-01-05 02:19:53,     -1
2014-01-05 02:19:55,      0
2014-01-05 02:19:57,      0
2014-01-05 02:19:59,      1
2014-01-05 02:20:01,      2
2014-01-05 02:20:03,      3
2014-01-05 02:20:05,      4
2014-01-05 02:20:07,      5
2014-01-05 02:20:09,      6
2014-01-05 02:20:11,      7
2014-01-05 02:20:13,      8
2014-01-05 02:20:15,      9
2014-01-05 02:20:17,     11
2014-01-05 02:20:19,     12
2014-01-05 02:20:21,     13
2014-01-05 02:20:23,     14
2014-01-05 02:20:25,     15
2014-01-05 02:20:27,     16
2014-01-05 02:20:29,     17
2014-01-05 02:20:31,     17
2014-01-05 02:20:33,     18
2014-01-05 02:20:35,     19
2014-01-05 02:20:37,     20
2014-01-05 02:20:39,     21
2014-01-05 02:20:41,     21
2014-01-05 02:20:43,     22
2014-01-05 02:20:45,     23
2014-01-05 02:20:47,     23
2014-01-05 02:20:49,     23
2014-01-05 02:20:51,     24
2014-01-05 02:20:53,     24
2014-01-05 02:20:55,     25
2014-01-05 02:20:57,     25
2014-01-05 02:20:59,     25
2014-01-05 02:21:01,     25
2014-01-05 02:21:03,     25
2014-01-05 02:21:05,     25
2014-01-05 02:21:07,     25
2014-01-05 02:21:09,     25
2014-01-05 02:21:11,     24
2014-01-05 02:21:13,     24
2014-01-05 02:21:15,     24
2014-01-05 02:21:17,     23
2014-01-05 02:21:19,     23
2014-01-05 02:21:21,     22
2014-01-05 02:21:23,     21
2014-01-05 02:21:25,     21
2014-01-05 02:21:27,     20
2014-01-05 02:21:29,     19
2014-01-05 02:21:31,     18
2014-01-05 02:21:33,     17
2014-01-05 02:21:35,     16
2014-01-05 02:21:37,     15
2014-01-05 02:21:39,     14
2014-01-05 02:21:41,     13
2014-01-05 02:21:43,     12
2014-01-05 02:21:45,     10
2014-01-05 02:21:47,      9
2014-01-05 02:21:49,      8
2014-01-05 02:21:51,      7
2014-01-05 02:21:53,      5
2014-01-05 02:21:55,      4
2014-01-05 02:21:57,      2
2014-01-05 02:21:59,      1
2014-01-05 02:22:01,      0
2014-01-05 02:22:03,     -1
2014-01-05 02:22:05,     -2
2014-01-05 02:22:07,     -4
2014-01-05 02:22:09,     -5
2014-01-05 02:22:11,     -7
2014-01-05 02:22:13,     -8
2014-01-05 02:22:15,    -10
2014-01-05 02:22:17,    -11
2014-01-05 02:22:19,    -13
2014-01-05 02:22:21,    -14
2014-01-05 02:22:23,    -15
2014-01-05 02:22:25,    -17
2014-01-05 02:22:27,    -18
2014-01-05 02:22:29,    -19
2014-01-05 02:22:31,    -20
2014-01-05 02:22:33,    -22
2014-01-05 02:22:35,    -23
2014-01-05 02:22:37,    -24
2014-01-05 02:22:39,    -25
2014-01-05 02:22:41,    -26
2014-01-05 02:22:43,    -27
2014-01-05 02:22:45,    -28
2014-01-05 02:22:47,    -28
2014-01-05 02:22:49,    -29
2014-01-05 02:22:51,    -30
2014-01-05 02:22:53,    -30
2014-01-05 02:22:55,    -31
2014-01-05 02:22:57,    -31
2014-01-05 02:22:59,    -32
2014-01-05 02:23:01,    -32
2014-01-05 02:23:03,    -32
2014-01-05 02:23:05,    -32
2014-01-05 02:23:07,    -32
2014-01-05 02:23:09,    -32
2014-01-05 02:23:11,    -32
2014-01-05 02:23:13,    -32
2014-01-05 02:23:15,    -32
2014-01-05 02:23:17,    -32
2014-01-05 02:23:19,    -31
2014-01-05 02:23:21,    -31
2014-01-05 02:23:23,    -30
2014-01-05 02:23:25,    -30
2014-01-05 02:23:27,    -29
2014-01-05 02:23:29,    -28
2014-01-05 02:23:31,    -27
2014-01-05 02:23:33,    -27
2014-01-05 02:23:35,    -26
2014-01-05 02:23:37,    -25
2014-01-05 02:23:39,    -24
2014-01-05 02:23:41,    -22
2014-01-05 02:23:43,    -21
2014-01-05 02:23:45,    -20
2014-01-05 02:23:47,    -19
2014-01-05 02:23:49,    -17
2014-01-05 02:23:51,    -16
2014-01-05 02:23:53,    -14
2014-01-05 02:23:55,    -13
2014-01-05 02:23:57,    -11
2014-01-05 02:23:59,    -10
2014-01-05 02:24:01,     -8
2014-01-05 02:24:03,     -7
2014-01-05 02:24:05,     -5
2014-01-05 02:24:07,     -3
2014-01-05 02:24:09,     -2
2014-01-05 02:24:11,      0
2014-01-05 02:24:13,      1
2014-01-05 02:24:15,      2
2014-01-05 02:24:17,      4
2014-01-05 02:24:19,      6
2014-01-05 02:24:21,      7
2014-01-05 02:24:23,      9
2014-01-05 02:24:25,     10
2014-01-05 02:24:27,     12
2014-01-05 02:24:29,     14
2014-01-05 02:24:31,     15
2014-01-05 02:24:33,     17
2014-01-05 02:24:35,     18
2014-01-05 02:24:37,     19
2014-01-05 02:24:39,     21
2014-01-05 02:24:41,     22
2014-01-05 02:24:43,     23
2014-01-05 02:24:45,     25
2014-01-05 02:24:47,     26
2014-01-05 02:24:49,     27
2014-01-05 02:24:51,     28
2014-01-05 02:24:53,     29
2014-01-05 02:24:55,     30
2014-01-05 02:24:57,     31
2014-01-05 02:24:59,     31
2014-01-05 02:25:01,     32
2014-01-05 02:25:03,     33
2014-01-05 02:25:05,     33
2014-01-05 02:25:07,     34
2014-01-05 02:25:09,     34
2014-01-05 02:25:11,     34
2014-01-05 02:25:13,     34
2014-01-05 02:25:15,     35
2014-01-05 02:25:17,     35
2014-01-05 02:25:19,     35
2014-01-05 02:25:21,     35
2014-01-05 02:25:23,     34
2014-01-05 02:25:25,     34
2014-01-05 02:25:27,     34
2014-01-05 02:25:29,     33
2014-01-05 02:25:31,     33
2014-01-05 02:25:33,     32
2014-01-05 02:25:35,     31
2014-01-05 02:25:37,     31
2014-01-05 02:25:39,     30
2014-01-05 02:25:41,     29
2014-01-05 02:25:43,     28
2014-01-05 02:25:45,     27
2014-01-05 02:25:47,     26
2014-01-05 02:25:49,     25
2014-01-05 02:25:51,     23
2014-01-05 02:25:53,     22
2014-01-05 02:25:55,     21
2014-01-05 02:25:57,     19
2014-01-05 02:25:59,     18
2014-01-05 02:26:01,     16
2014-01-05 02:26:03,     15
2014-01-05 02:26:05,     13
2014-01-05 02:26:07,     12
2014-01-05 02:26:09,     10
2014-01-05 02:26:11,      8
2014-01-05 02:26:13,      7
2014-01-05 02:26:15,      5
2014-01-05 02:26:17,      3
2014-01-05 02:26:19,      2
2014-01-05 02:26:21,      0
2014-01-05 02:26:23,     -1
2014-01-05 02:26:25,     -2
2014-01-05 02:26:27,     -4
2014-01-05 02:26:29,     -6
2014-01-05 02:26:31,     -8
2014-01-05 02:26:33,     -9
2014-01-05 02:26:35,    -11
2014-01-05 02:26:37,    -13
2014-01-05 02:26:39,    -14
2014-01-05 02:26:41,    -16
2014-01-05 02:26:43,    -17
2014-01-05 02:26:45,    -19
2014-01-05 02:26:47,    -20
2014-01-05 02:26:49,    -21
2014-01-05 02:26:51,    -23
2014-01-05 02:26:53,    -24
2014-01-05 02:26:55,    -25
2014-01-05 02:26:57,    -26
2014-01-05 02:26:59,    -28
2014-01-05 02:27:01,    -29
2014-01-05 02:27:03,    -29
2014-01-05 02:27:05,    -30
2014-01-05 02:27:07,    -31
2014-01-05 02:27:09,    -29
2014-01-05 02:27:11,    -26
2014-01-05 02:27:13,    -23
2014-01-05 02:27:15,    -25
2014-01-05 02:27:17,    -29
2014-01-05 02:27:19,    -35
2014-01-05 02:27:21,    -39
2014-01-05 02:27:23,    -40
2014-01-05 02:27:25,    -40
2014-01-05 02:27:27,    -37
2014-01-05 02:27:29,    -34
2014-01-05 02:27:31,    -32
2014-01-05 02:27:33,    -31
2014-01-05 02:27:35,    -32
2014-01-05 02:27:37,    -33
2014-01-05 02:27:39,    -34
2014-01-05 02:27:41,    -34
2014-01-05 02:27:43,    -34
2014-01-05 02:27:45,    -32
2014-01-05 02:27:47,    -31
2014-01-05 02:27:49,    -29
2014-01-05 02:27:51,    -27
2014-01-05 02:27:53,    -26
2014-01-05 02:27:55,    -25
2014-01-05 02:27:57,    -25
2014-01-05 02:27:59,    -24
2014-01-05 02:28:01,    -23
2014-01-05 02:28:03,    -22
2014-01-05 02:28:05,    -20
2014-01-05 02:28:07,    -18
2014-01-05 02:28:09,    -17
2014-01-05 02:28:11,    -15
2014-01-05 02:28:13,    -13
2014-01-05 02:28:15,    -12
2014-01-05 02:28:17,    -10
2014-01-05 02:28:37,     -9
2014-01-05 02:28:39,     -7
2014-01-05 02:28:41,     -6
2014-01-05 02:28:43,     -4
2014-01-05 02:28:45,     -2
2014-01-05 02:28:47,      0
2014-01-05 02:28:49,      0
2014-01-05 02:28:51,      2
2014-01-05 02:28:53,      4
2014-01-05 02:28:55,      5
2014-01-05 02:28:57,      7
2014-01-05 02:28:59,      9
2014-01-05 02:29:01,     10
2014-01-05 02:29:03,     12
2014-01-05 02:29:05,     14
2014-01-05 02:29:11,     15
2014-01-05 02:29:13,     17
2014-01-05 02:29:15,     18
2014-01-05 02:29:17,     20
2014-01-05 02:29:19,     21
2014-01-05 02:29:21,     22
2014-01-05 02:29:23,     24
2014-01-05 02:29:25,     25
2014-01-05 02:29:27,     26
2014-01-05 02:29:29,     27
2014-01-05 02:29:33,     28
2014-01-05 02:29:35,     29
2014-01-05 02:29:37,     30
2014-01-05 02:29:39,     31
2014-01-05 02:29:41,     31
2014-01-05 02:29:43,     32
2014-01-05 02:29:45,     33
2014-01-05 02:29:47,     33
2014-01-05 02:29:49,     34
2014-01-05 02:29:51,     34
2014-01-05 02:29:53,     34
2014-01-05 02:29:55,     34
2014-01-05 02:29:59,     35
2014-01-05 02:30:01,     35
2014-01-05 02:30:03,     34
2014-01-05 02:30:04,     34
2014-01-05 02:30:05,     34
2014-01-05 02:30:06,     34
2014-01-05 02:30:07,     33
2014-01-05 02:30:08,     33
2014-01-05 02:30:09,     32
2014-01-05 02:30:10,     32
2014-01-05 02:30:11,     31
2014-01-05 02:30:12,     30
2014-01-05 02:30:13,     29
2014-01-05 02:30:14,     28
2014-01-05 02:30:15,     27
2014-01-05 02:30:16,     26
2014-01-05 02:30:17,     25
2014-01-05 02:30:18,     24
2014-01-05 02:30:19,     23
2014-01-05 02:30:20,     21
2014-01-05 02:30:21,     20
2014-01-05 02:30:22,     18
2014-01-05 02:30:24,     17
2014-01-05 02:30:25,     16
2014-01-05 02:30:26,     14
2014-01-05 02:30:27,     12
2014-01-05 02:30:28,     11
2014-01-05 02:30:29,      9
2014-01-05 02:30:30,      7
2014-01-05 02:30:32,      6
2014-01-05 02:30:34,      4
2014-01-05 02:30:36,      2
2014-01-05 02:30:38,      1
2014-01-05 02:30:40,      0
2014-01-05 02:30:42,     -2
2014-01-05 02:30:44,     -3
2014-01-05 02:30:46,     -5
2014-01-05 02:30:48,     -7
2014-01-05 02:30:50,     -8
2014-01-05 02:30:52,    -10
2014-01-05 02:30:54,    -12
2014-01-05 02:30:56,    -13
2014-01-05 02:30:58,    -15
2014-01-05 02:31:00,    -16
2014-01-05 02:31:02,    -18
2014-01-05 02:31:04,    -19
2014-01-05 02:31:06,    -21
2014-01-05 02:31:08,    -22
2014-01-05 02:31:10,    -23
2014-01-05 02:31:12,    -24
2014-01-05 02:31:14,    -26
2014-01-05 02:31:16,    -27
2014-01-05 02:31:18,    -28
2014-01-05 02:31:20,    -29
2014-01-05 02:31:22,    -30
2014-01-05 02:31:24,    -30
2014-01-05 02:31:26,    -31
2014-01-05 02:31:28,    -32
2014-01-05 02:31:30,    -32
2014-01-05 02:31:32,    -33
2014-01-05 02:31:34,    -33
2014-01-05 02:31:36,    -34
2014-01-05 02:31:38,    -34
2014-01-05 02:31:40,    -34
2014-01-05 02:31:42,    -34
2014-01-05 02:31:44,    -34
2014-01-05 02:31:46,    -34
2014-01-05 02:31:48,    -34
2014-01-05 02:31:50,    -34
2014-01-05 02:31:52,    -34
2014-01-05 02:31:54,    -33
2014-01-05 02:31:56,    -33
2014-01-05 02:31:58,    -32
2014-01-05 02:32:00,    -32
2014-01-05 02:32:02,    -31
2014-01-05 02:32:04,    -30
2014-01-05 02:32:06,    -29
2014-01-05 02:32:08,    -28
2014-01-05 02:32:10,    -27
2014-01-05 02:32:12,    -26
2014-01-05 02:32:14,    -25
2014-01-05 02:32:16,    -24
2014-01-05 02:32:18,    -23
2014-01-05 02:32:20,    -21
2014-01-05 02:32:22,    -20
2014-01-05 02:32:24,    -19
2014-01-05 02:32:26,    -17
2014-01-05 02:32:28,    -16
2014-01-05 02:32:30,    -14
2014-01-05 02:32:32,    -13
2014-01-05 02:32:34,    -11
2014-01-05 02:32:36,     -9
2014-01-05 02:32:38,     -8
2014-01-05 02:32:40,     -6
2014-01-05 02:32:42,     -4
2014-01-05 02:32:44,     -3
2014-01-05 02:32:46,     -1
2014-01-05 02:32:48,      0
2014-01-05 02:32:50,      1
2014-01-05 02:32:52,      3
2014-01-05 02:32:54,      5
2014-01-05 02:32:56,      7
2014-01-05 02:32:58,      8
2014-01-05 02:33:00,     10
2014-01-05 02:33:02,     11
2014-01-05 02:33:04,     13
2014-01-05 02:33:06,     15
2014-01-05 02:33:08,     16
2014-01-05 02:33:10,     18
2014-01-05 02:33:12,     19
2014-01-05 02:33:14,     20
2014-01-05 02:33:16,     22
2014-01-05 02:33:18,     23
2014-01-05 02:33:20,     24
2014-01-05 02:33:22,     25
2014-01-05 02:33:24,     27
2014-01-05 02:33:26,     28
2014-01-05 02:33:28,     29
2014-01-05 02:33:30,     30
2014-01-05 02:33:32,     30
2014-01-05 02:33:34,     31
2014-01-05 02:33:36,     32
2014-01-05 02:33:38,     32
2014-01-05 02:33:40,     33
2014-01-05 02:33:42,     33
2014-01-05 02:33:44,     34
2014-01-05 02:33:46,     34
2014-01-05 02:33:48,     34
2014-01-05 02:33:50,     34
2014-01-05 02:33:52,     34
2014-01-05 02:33:54,     34
2014-01-05 02:33:56,     34
2014-01-05 02:33:58,     34
2014-01-05 02:34:00,     34
2014-01-05 02:34:02,     33
2014-01-05 02:34:04,     33
2014-01-05 02:34:06,     32
2014-01-05 02:34:08,     32
2014-01-05 02:34:10,     31
2014-01-05 02:34:12,     30
2014-01-05 02:34:14,     29
2014-01-05 02:34:16,     28
2014-01-05 02:34:18,     27
2014-01-05 02:34:20,     26
2014-01-05 02:34:22,     25
2014-01-05 02:34:24,     24
2014-01-05 02:34:26,     23
2014-01-05 02:34:28,     21
2014-01-05 02:34:30,     20
2014-01-05 02:34:32,     19
2014-01-05 02:34:34,     17
2014-01-05 02:34:36,     16
2014-01-05 02:34:38,     14
2014-01-05 02:34:40,     12
2014-01-05 02:34:42,     11
2014-01-05 02:34:44,      9
2014-01-05 02:34:46,      8
2014-01-05 02:34:48,      6
2014-01-05 02:34:50,      4
2014-01-05 02:34:52,      3
2014-01-05 02:34:54,      1
2014-01-05 02:34:56,      0
2014-01-05 02:34:58,     -2
2014-01-05 02:35:00,     -3
2014-01-05 02:35:02,     -5
2014-01-05 02:35:04,     -7
2014-01-05 02:35:06,     -8
2014-01-05 02:35:08,    -10
2014-01-05 02:35:10,    -12
2014-01-05 02:35:12,    -13
2014-01-05 02:35:14,    -15
2014-01-05 02:35:16,    -16
2014-01-05 02:35:18,    -18
2014-01-05 02:35:20,    -19
2014-01-05 02:35:22,    -21
2014-01-05 02:35:24,    -22
2014-01-05 02:35:26,    -23
2014-01-05 02:35:28,    -24
2014-01-05 02:35:30,    -26
2014-01-05 02:35:32,    -27
2014-01-05 02:35:34,    -28
2014-01-05 02:35:36,    -29
2014-01-05 02:35:38,    -29
2014-01-05 02:35:40,    -30
2014-01-05 02:35:42,    -31
2014-01-05 02:35:44,    -32
2014-01-05 02:35:46,    -33
2014-01-05 02:35:48,    -33
2014-01-05 02:35:50,    -34
2014-01-05 02:35:52,    -34
2014-01-05 02:35:54,    -34
2014-01-05 02:35:56,    -34
2014-01-05 02:35:58,    -34
2014-01-05 02:36:00,    -34
2014-01-05 02:36:02,    -34
2014-01-05 02:36:04,    -34
2014-01-05 02:36:06,    -34
2014-01-05 02:36:08,    -34
2014-01-05 02:36:10,    -33
2014-01-05 02:36:12,    -33
2014-01-05 02:36:14,    -32
2014-01-05 02:36:16,    -31
2014-01-05 02:36:18,    -31
2014-01-05 02:36:20,    -30
2014-01-05 02:36:22,    -29
2014-01-05 02:36:24,    -28
2014-01-05 02:36:26,    -27
2014-01-05 02:36:28,    -26
2014-01-05 02:36:30,    -25
2014-01-05 02:36:32,    -23
2014-01-05 02:36:34,    -22
2014-01-05 02:36:36,    -21
2014-01-05 02:36:38,    -19
2014-01-05 02:36:40,    -18
2014-01-05 02:36:42,    -17
2014-01-05 02:36:44,    -15
2014-01-05 02:36:46,    -14
2014-01-05 02:36:48,    -12
2014-01-05 02:36:50,    -10
2014-01-05 02:36:52,     -9
2014-01-05 02:36:54,     -7
2014-01-05 02:36:56,     -5
2014-01-05 02:36:58,     -4
2014-01-05 02:37:00,     -2
2014-01-05 02:37:02,      0
2014-01-05 02:37:04,      0
2014-01-05 02:37:06,      2
2014-01-05 02:37:08,      4
2014-01-05 02:37:10,      5
2014-01-05 02:37:12,      7
2014-01-05 02:37:14,      9
2014-01-05 02:37:16,     10
2014-01-05 02:37:18,     12
2014-01-05 02:37:20,     14
2014-01-05 02:37:22,     15
2014-01-05 02:37:24,     17
2014-01-05 02:37:26,     18
2014-01-05 02:37:28,     19
2014-01-05 02:37:30,     21
2014-01-05 02:37:32,     22
2014-01-05 02:37:34,     23
2014-01-05 02:37:36,     25
2014-01-05 02:37:38,     26
2014-01-05 02:37:40,     27
2014-01-05 02:37:42,     28
2014-01-05 02:37:44,     29
2014-01-05 02:37:46,     30
2014-01-05 02:37:48,     31
2014-01-05 02:37:50,     31
2014-01-05 02:37:52,     32
2014-01-05 02:37:54,     32
2014-01-05 02:37:56,     33
2014-01-05 02:37:58,     33
2014-01-05 02:38:00,     34
2014-01-05 02:38:02,     34
2014-01-05 02:38:04,     34
2014-01-05 02:38:06,     34
2014-01-05 02:38:08,     34
2014-01-05 02:38:10,     34
2014-01-05 02:38:12,     34
2014-01-05 02:38:14,     34
2014-01-05 02:38:16,     34
2014-01-05 02:38:18,     33
2014-01-05 02:38:20,     33
2014-01-05 02:38:22,     32
2014-01-05 02:38:24,     31
2014-01-05 02:38:26,     31
2014-01-05 02:38:28,     30
2014-01-05 02:38:30,     29
2014-01-05 02:38:32,     28
2014-01-05 02:38:34,     27
2014-01-05 02:38:36,     26
2014-01-05 02:38:38,     25
2014-01-05 02:38:40,     24
2014-01-05 02:38:42,     23
2014-01-05 02:38:44,     21
2014-01-05 02:38:46,     20
2014-01-05 02:38:48,     18
2014-01-05 02:38:50,     17
2014-01-05 02:38:52,     16
2014-01-05 02:38:54,     14
2014-01-05 02:38:56,     12
2014-01-05 02:38:58,     11
2014-01-05 02:39:00,      9
2014-01-05 02:39:02,      8
2014-01-05 02:39:04,      6
2014-01-05 02:39:06,      4
2014-01-05 02:39:08,      3
2014-01-05 02:39:10,      1
2014-01-05 02:39:12,      0
2014-01-05 02:39:14,     -1
2014-01-05 02:39:16,     -3
2014-01-05 02:39:18,     -5
2014-01-05 02:39:20,     -6
2014-01-05 02:39:22,     -8
2014-01-05 02:39:24,    -10
2014-01-05 02:39:26,    -11
2014-01-05 02:39:28,    -13
2014-01-05 02:39:30,    -14
2014-01-05 02:39:32,    -16
2014-01-05 02:39:34,    -17
2014-01-05 02:39:36,    -19
2014-01-05 02:39:38,    -20
2014-01-05 02:39:40,    -22
2014-01-05 02:39:42,    -23
2014-01-05 02:39:44,    -24
2014-01-05 02:39:46,    -25
2014-01-05 02:39:48,    -26
2014-01-05 02:39:50,    -27
2014-01-05 02:39:52,    -28
2014-01-05 02:39:54,    -29
2014-01-05 02:39:56,    -30
2014-01-05 02:39:58,    -31
2014-01-05 02:40:00,    -31
2014-01-05 02:40:02,    -32
2014-01-05 02:40:04,    -33
2014-01-05 02:40:06,    -33
2014-01-05 02:40:08,    -33
2014-01-05 02:40:10,    -34
2014-01-05 02:40:12,    -34
2014-01-05 02:40:14,    -34
2014-01-05 02:40:16,    -34
2014-01-05 02:40:18,    -34
2014-01-05 02:40:20,    -34
2014-01-05 02:40:22,    -34
2014-01-05 02:40:24,    -33
2014-01-05 02:40:26,    -33
2014-01-05 02:40:28,    -32
2014-01-05 02:40:30,    -32
2014-01-05 02:40:32,    -31
2014-01-05 02:40:34,    -31
2014-01-05 02:40:36,    -30
2014-01-05 02:40:38,    -29
2014-01-05 02:40:40,    -28
2014-01-05 02:40:42,    -27
2014-01-05 02:40:44,    -26
2014-01-05 02:40:46,    -25
2014-01-05 02:40:48,    -24
2014-01-05 02:40:50,    -23
2014-01-05 02:40:52,    -21
2014-01-05 02:40:54,    -20
2014-01-05 02:40:56,    -19
2014-01-05 02:40:58,    -17
2014-01-05 02:41:00,    -16
2014-01-05 02:41:02,    -14
2014-01-05 02:41:04,    -13
2014-01-05 02:41:06,    -11
2014-01-05 02:41:08,     -9
2014-01-05 02:41:10,     -8
2014-01-05 02:41:12,     -6
2014-01-05 02:41:14,     -5
2014-01-05 02:41:16,     -3
2014-01-05 02:41:18,     -1
2014-01-05 02:41:20,      0
2014-01-05 02:41:22,      1
2014-01-05 02:41:24,      3
2014-01-05 02:41:26,      5
2014-01-05 02:41:28,      6
2014-01-05 02:41:30,      8
2014-01-05 02:41:32,      9
2014-01-05 02:41:34,     11
2014-01-05 02:41:36,     13
2014-01-05 02:41:38,     14
2014-01-05 02:41:40,     16
2014-01-05 02:41:42,     17
2014-01-05 02:41:44,     19
2014-01-05 02:41:46,     20
2014-01-05 02:41:48,     21
2014-01-05 02:41:50,     23
2014-01-05 02:41:52,     24
2014-01-05 02:41:54,     25
2014-01-05 02:41:56,     26
2014-01-05 02:41:58,     27
2014-01-05 02:42:00,     28
2014-01-05 02:42:02,     29
2014-01-05 02:42:04,     30
2014-01-05 02:42:06,     31
2014-01-05 02:42:08,     31
2014-01-05 02:42:10,     32
2014-01-05 02:42:12,     33
2014-01-05 02:42:14,     33
2014-01-05 02:42:16,     33
2014-01-05 02:42:18,     34
2014-01-05 02:42:20,     34
2014-01-05 02:42:22,     34
2014-01-05 02:42:24,     34
2014-01-05 02:42:26,     34
2014-01-05 02:42:28,     34
2014-01-05 02:42:30,     34
2014-01-05 02:42:32,     33
2014-01-05 02:42:34,     33
2014-01-05 02:42:36,     33
2014-01-05 02:42:38,     32
2014-01-05 02:42:40,     31
2014-01-05 02:42:42,     31
2014-01-05 02:42:44,     30
2014-01-05 02:42:46,     29
2014-01-05 02:42:48,     28
2014-01-05 02:42:50,     27
2014-01-05 02:42:52,     26
2014-01-05 02:42:54,     25
2014-01-05 02:42:56,     24
2014-01-05 02:42:58,     23
2014-01-05 02:43:00,     21
2014-01-05 02:43:02,     20
2014-01-05 02:43:04,     19
2014-01-05 02:43:06,     17
2014-01-05 02:43:08,     16
2014-01-05 02:43:10,     14
2014-01-05 02:43:12,     13
2014-01-05 02:43:14,     11
2014-01-05 02:43:16,     10
2014-01-05 02:43:18,      8
2014-01-05 02:43:20,      6
2014-01-05 02:43:22,      5
2014-01-05 02:43:24,      3
2014-01-05 02:43:26,      1
2014-01-05 02:43:28,      0
2014-01-05 02:43:30,     -1
2014-01-05 02:43:32,     -3
2014-01-05 02:43:34,     -5
2014-01-05 02:43:36,     -6
2014-01-05 02:43:38,     -8
2014-01-05 02:43:40,     -9
2014-01-05 02:43:42,    -11
2014-01-05 02:43:44,    -13
2014-01-05 02:43:46,    -14
2014-01-05 02:43:48,    -16
2014-01-05 02:43:50,    -17
2014-01-05 02:43:52,    -19
2014-01-05 02:43:54,    -20
2014-01-05 02:43:56,    -21
2014-01-05 02:43:58,    -23
2014-01-05 02:44:00,    -24
2014-01-05 02:44:02,    -25
2014-01-05 02:44:04,    -26
2014-01-05 02:44:06,    -27
2014-01-05 02:44:08,    -28
2014-01-05 02:44:10,    -29
2014-01-05 02:44:12,    -30
2014-01-05 02:44:14,    -31
2014-01-05 02:44:16,    -31
2014-01-05 02:44:18,    -32
2014-01-05 02:44:20,    -33
2014-01-05 02:44:22,    -33
2014-01-05 02:44:24,    -34
2014-01-05 02:44:26,    -34
2014-01-05 02:44:28,    -34
2014-01-05 02:44:30,    -34
2014-01-05 02:44:32,    -34
2014-01-05 02:44:34,    -34
2014-01-05 02:44:36,    -34
2014-01-05 02:44:38,    -34
2014-01-05 02:44:40,    -33
2014-01-05 02:44:42,    -33
2014-01-05 02:44:44,    -32
2014-01-05 02:44:46,    -32
2014-01-05 02:44:48,    -31
2014-01-05 02:44:50,    -30
2014-01-05 02:44:52,    -30
2014-01-05 02:44:54,    -29
2014-01-05 02:44:56,    -28
2014-01-05 02:44:58,    -27
2014-01-05 02:45:00,    -26
2014-01-05 02:45:02,    -25
2014-01-05 02:45:03,    -23
2014-01-05 02:45:05,    -22
2014-01-05 02:45:07,    -21
2014-01-05 02:45:09,    -20
2014-01-05 02:45:11,    -18
2014-01-05 02:45:13,    -17
2014-01-05 02:45:15,    -15
2014-01-05 02:45:17,    -14
2014-01-05 02:45:19,    -12
2014-01-05 02:45:21,    -11
2014-01-05 02:45:23,     -9
2014-01-05 02:45:25,     -7
2014-01-05 02:45:27,     -6
2014-01-05 02:45:29,     -4
2014-01-05 02:45:31,     -2
2014-01-05 02:45:33,     -1
2014-01-05 02:45:35,      0
2014-01-05 02:45:37,      2
2014-01-05 02:45:39,      3
2014-01-05 02:45:41,      5
2014-01-05 02:45:43,      7
2014-01-05 02:45:45,      8
2014-01-05 02:45:47,     10
2014-01-05 02:45:49,     12
2014-01-05 02:45:51,     13
2014-01-05 02:45:53,     15
2014-01-05 02:45:55,     16
2014-01-05 02:45:57,     18
2014-01-05 02:45:59,     19
2014-01-05 02:46:01,     20
2014-01-05 02:46:03,     22
2014-01-05 02:46:05,     23
2014-01-05 02:46:07,     24
2014-01-05 02:46:09,     25
2014-01-05 02:46:11,     26
2014-01-05 02:46:13,     27
2014-01-05 02:46:15,     28
2014-01-05 02:46:17,     29
2014-01-05 02:46:19,     30
2014-01-05 02:46:21,     31
2014-01-05 02:46:23,     31
2014-01-05 02:46:25,     32
2014-01-05 02:46:27,     33
2014-01-05 02:46:29,     33
2014-01-05 02:46:31,     33
2014-01-05 02:46:33,     34
2014-01-05 02:46:35,     34
2014-01-05 02:46:37,     34
2014-01-05 02:46:39,     34
2014-01-05 02:46:41,     34
2014-01-05 02:46:43,     34
2014-01-05 02:46:45,     34
2014-01-05 02:46:47,     33
2014-01-05 02:46:49,     33
2014-01-05 02:46:51,     32
2014-01-05 02:46:53,     32
2014-01-05 02:46:55,     31
2014-01-05 02:46:57,     31
2014-01-05 02:46:59,     30
2014-01-05 02:47:01,     29
2014-01-05 02:47:03,     28
2014-01-05 02:47:05,     27
2014-01-05 02:47:07,     26
2014-01-05 02:47:09,     25
2014-01-05 02:47:11,     24
2014-01-05 02:47:13,     23
2014-01-05 02:47:15,     21
2014-01-05 02:47:17,     20
2014-01-05 02:47:19,     19
2014-01-05 02:47:21,     17
2014-01-05 02:47:23,     16
2014-01-05 02:47:25,     14
2014-01-05 02:47:27,     13
2014-01-05 02:47:29,     11
2014-01-05 02:47:31,     10
2014-01-05 02:47:33,      8
2014-01-05 02:47:35,      6
2014-01-05 02:47:37,      5
2014-01-05 02:47:39,      3
2014-01-05 02:47:41,      1
2014-01-05 02:47:43,      0
2014-01-05 02:47:45,     -1
2014-01-05 02:47:47,     -3
2014-01-05 02:47:49,     -4
2014-01-05 02:47:51,     -6
2014-01-05 02:47:53,     -8
2014-01-05 02:47:55,     -9
2014-01-05 02:47:57,    -11
2014-01-05 02:47:59,    -12
2014-01-05 02:48:01,    -14
2014-01-05 02:48:03,    -16
2014-01-05 02:48:05,    -17
2014-01-05 02:48:07,    -18
2014-01-05 02:48:09,    -20
2014-01-05 02:48:11,    -21
2014-01-05 02:48:13,    -22
2014-01-05 02:48:15,    -24
2014-01-05 02:48:17,    -25
2014-01-05 02:48:19,    -26
2014-01-05 02:48:21,    -27
2014-01-05 02:48:23,    -28
2014-01-05 02:48:25,    -29
2014-01-05 02:48:27,    -30
2014-01-05 02:48:29,    -30
2014-01-05 02:48:31,    -31
2014-01-05 02:48:33,    -32
2014-01-05 02:48:35,    -32
2014-01-05 02:48:37,    -33
2014-01-05 02:48:39,    -33
2014-01-05 02:48:41,    -33
2014-01-05 02:48:43,    -33
2014-01-05 02:48:45,    -34
2014-01-05 02:48:47,    -34
2014-01-05 02:48:49,    -34
2014-01-05 02:48:51,    -33
2014-01-05 02:48:53,    -33
2014-01-05 02:48:55,    -33
2014-01-05 02:48:57,    -33
2014-01-05 02:48:59,    -32
2014-01-05 02:49:01,    -32
2014-01-05 02:49:03,    -31
2014-01-05 02:49:05,    -30
2014-01-05 02:49:07,    -30
2014-01-05 02:49:09,    -29
2014-01-05 02:49:11,    -28
2014-01-05 02:49:13,    -27
2014-01-05 02:49:15,    -26
2014-01-05 02:49:17,    -25
2014-01-05 02:49:19,    -24
2014-01-05 02:49:21,    -22
2014-01-05 02:49:23,    -21
2014-01-05 02:49:25,    -20
2014-01-05 02:49:27,    -18
2014-01-05 02:49:29,    -17
2014-01-05 02:49:31,    -16
2014-01-05 02:49:33,    -14
2014-01-05 02:49:35,    -13
2014-01-05 02:49:37,    -11
2014-01-05 02:49:39,     -9
2014-01-05 02:49:41,     -8
2014-01-05 02:49:43,     -6
2014-01-05 02:49:45,     -5
2014-01-05 02:49:47,     -3
2014-01-05 02:49:49,     -1
2014-01-05 02:49:51,      0
2014-01-05 02:49:53,      1
2014-01-05 02:49:55,      3
2014-01-05 02:49:57,      5
2014-01-05 02:49:59,      6
2014-01-05 02:50:01,      8
2014-01-05 02:50:03,      9
2014-01-05 02:50:05,     11
2014-01-05 02:50:07,     13
2014-01-05 02:50:09,     14
2014-01-05 02:50:11,     16
2014-01-05 02:50:13,     17
2014-01-05 02:50:15,     18
2014-01-05 02:50:17,     20
2014-01-05 02:50:19,     21
2014-01-05 02:50:21,     22
2014-01-05 02:50:23,     24
2014-01-05 02:50:25,     25
2014-01-05 02:50:27,     26
2014-01-05 02:50:29,     27
2014-01-05 02:50:31,     28
2014-01-05 02:50:33,     29
2014-01-05 02:50:35,     30
2014-01-05 02:50:37,     30
2014-01-05 02:50:39,     31
2014-01-05 02:50:41,     32
2014-01-05 02:50:43,     32
2014-01-05 02:50:45,     33
2014-01-05 02:50:47,     33
2014-01-05 02:50:49,     33
2014-01-05 02:50:51,     34
2014-01-05 02:50:53,     34
2014-01-05 02:50:55,     34
2014-01-05 02:50:57,     34
2014-01-05 02:50:59,     34
2014-01-05 02:51:01,     33
2014-01-05 02:51:03,     33
2014-01-05 02:51:05,     33
2014-01-05 02:51:07,     32
2014-01-05 02:51:09,     32
2014-01-05 02:51:11,     31
2014-01-05 02:51:13,     30
2014-01-05 02:51:15,     30
2014-01-05 02:51:17,     29
2014-01-05 02:51:19,     28
2014-01-05 02:51:21,     27
2014-01-05 02:51:23,     26
2014-01-05 02:51:25,     25
2014-01-05 02:51:27,     24
2014-01-05 02:51:29,     22
2014-01-05 02:51:31,     21
2014-01-05 02:51:33,     20
2014-01-05 02:51:35,     18
2014-01-05 02:51:37,     17
2014-01-05 02:51:39,     16
2014-01-05 02:51:41,     14
2014-01-05 02:51:43,     12
2014-01-05 02:51:45,     11
2014-01-05 02:51:47,      9
2014-01-05 02:51:49,      8
2014-01-05 02:51:51,      6
2014-01-05 02:51:53,      4
2014-01-05 02:51:55,      3
2014-01-05 02:51:57,      1
2014-01-05 02:51:59,      0
2014-01-05 02:52:01,     -1
2014-01-05 02:52:03,     -3
2014-01-05 02:52:05,     -5
2014-01-05 02:52:07,     -6
2014-01-05 02:52:09,     -8
2014-01-05 02:52:11,     -9
2014-01-05 02:52:13,    -11
2014-01-05 02:52:15,    -13
2014-01-05 02:52:17,    -14
2014-01-05 02:52:19,    -16
2014-01-05 02:52:21,    -17
2014-01-05 02:52:23,    -19
2014-01-05 02:52:25,    -20
2014-01-05 02:52:27,    -21
2014-01-05 02:52:29,    -22
2014-01-05 02:52:31,    -24
2014-01-05 02:52:33,    -25
2014-01-05 02:52:35,    -26
2014-01-05 02:52:37,    -27
2014-01-05 02:52:39,    -28
2014-01-05 02:52:41,    -29
2014-01-05 02:52:43,    -29
2014-01-05 02:52:45,    -30
2014-01-05 02:52:47,    -31
2014-01-05 02:52:49,    -32
2014-01-05 02:52:51,    -32
2014-01-05 02:52:53,    -33
2014-01-05 02:52:55,    -33
2014-01-05 02:52:57,    -34
2014-01-05 02:52:59,    -34
2014-01-05 02:53:01,    -34
2014-01-05 02:53:03,    -34
2014-01-05 02:53:05,    -34
2014-01-05 02:53:07,    -33
2014-01-05 02:53:09,    -33
2014-01-05 02:53:11,    -33
2014-01-05 02:53:13,    -33
2014-01-05 02:53:15,    -32
2014-01-05 02:53:17,    -32
2014-01-05 02:53:19,    -31
2014-01-05 02:53:21,    -30
2014-01-05 02:53:23,    -29
2014-01-05 02:53:25,    -29
2014-01-05 02:53:27,    -28
2014-01-05 02:53:29,    -27
2014-01-05 02:53:31,    -26
2014-01-05 02:53:33,    -25
2014-01-05 02:53:35,    -23
2014-01-05 02:53:37,    -22
2014-01-05 02:53:39,    -21
2014-01-05 02:53:41,    -19
2014-01-05 02:53:43,    -18
2014-01-05 02:53:45,    -17
2014-01-05 02:53:47,    -15
2014-01-05 02:53:49,    -14
2014-01-05 02:53:51,    -12
2014-01-05 02:53:53,    -11
2014-01-05 02:53:55,     -9
2014-01-05 02:53:57,     -7
2014-01-05 02:53:59,     -6
2014-01-05 02:54:01,     -4
2014-01-05 02:54:03,     -3
2014-01-05 02:54:05,     -1
2014-01-05 02:54:07,      0
2014-01-05 02:54:09,      1
2014-01-05 02:54:11,      3
2014-01-05 02:54:13,      5
2014-01-05 02:54:15,      6
2014-01-05 02:54:17,      8
2014-01-05 02:54:19,     10
2014-01-05 02:54:21,     11
2014-01-05 02:54:23,     13
2014-01-05 02:54:25,     14
2014-01-05 02:54:27,     16
2014-01-05 02:54:29,     17
2014-01-05 02:54:31,     19
2014-01-05 02:54:33,     20
2014-01-05 02:54:35,     21
2014-01-05 02:54:37,     22
2014-01-05 02:54:39,     24
2014-01-05 02:54:41,     25
2014-01-05 02:54:43,     26
2014-01-05 02:54:45,     27
2014-01-05 02:54:47,     28
2014-01-05 02:54:49,     29
2014-01-05 02:54:51,     30
2014-01-05 02:54:53,     30
2014-01-05 02:54:55,     31
2014-01-05 02:54:57,     32
2014-01-05 02:54:59,     32
2014-01-05 02:55:01,     33
2014-01-05 02:55:03,     33
2014-01-05 02:55:05,     33
2014-01-05 02:55:07,     33
2014-01-05 02:55:09,     34
2014-01-05 02:55:11,     34
2014-01-05 02:55:13,     34
2014-01-05 02:55:15,     33
2014-01-05 02:55:17,     33
2014-01-05 02:55:19,     33
2014-01-05 02:55:21,     33
2014-01-05 02:55:23,     32
2014-01-05 02:55:25,     32
2014-01-05 02:55:27,     31