2014-01-05 02:00:01,-13
2014-01-05 02:00:03,-19
2014-01-05 02:00:05,-21
2014-01-05 02:00:07,-12
2014-01-05 02:00:09,0
2014-01-05 02:00:11,3
2014-01-05 02:00:13,4
2014-01-05 02:00:15,6
2014-01-05 02:00:17,6
2014-01-05 02:00:19,6
2014-01-05 02:00:21,-7
2014-01-05 02:00:23,0
2014-01-05 02:00:25,0
2014-01-05 02:00:27,-11
2014-01-05 02:00:29,2
2014-01-05 02:00:31,-6
2014-01-05 02:00:33,-16
2014-01-05 02:00:35,-13
2014-01-05 02:00:37,0
2014-01-05 02:00:39,4
2014-01-05 02:00:41,-4
2014-01-05 02:00:43,-2
2014-01-05 02:00:45,2
2014-01-05 02:00:47,-10
2014-01-05 02:00:49,1
2014-01-05 02:00:51,-3
2014-01-05 02:00:53,-15
2014-01-05 02:00:55,-19
2014-01-05 02:00:57,-21
2014-01-05 02:00:59,-4
2014-01-05 02:01:01,-3
2014-01-05 02:01:03,-10
2014-01-05 02:01:05,2
2014-01-05 02:01:07,4
2014-01-05 02:01:09,-2
2014-01-05 02:01:11,-6
2014-01-05 02:01:13,2
2014-01-05 02:01:15,4
2014-01-05 02:01:17,-5
2014-01-05 02:01:19,-2
2014-01-05 02:01:21,3
2014-01-05 02:01:23,5
2014-01-05 02:01:25,-7
2014-01-05 02:01:27,0
2014-01-05 02:01:29,0
2014-01-05 02:01:31,-13
2014-01-05 02:01:33,-18
2014-01-05 02:01:35,-21
2014-01-05 02:01:37,-8
2014-01-05 02:01:39,2
2014-01-05 02:01:41,21
2014-01-05 02:01:43,17
2014-01-05 02:01:45,0
2014-01-05 02:01:47,-13
2014-01-05 02:01:49,-15
2014-01-05 02:01:51,0
2014-01-05 02:01:53,3
2014-01-05 02:01:55,-2
2014-01-05 02:01:57,-6
2014-01-05 02:01:59,2
2014-01-05 02:02:01,-10
2014-01-05 02:02:03,-17
2014-01-05 02:02:05,-8
2014-01-05 02:02:07,1
2014-01-05 02:02:09,4
2014-01-05 02:02:11,-6
2014-01-05 02:02:13,0
2014-01-05 02:02:15,0
2014-01-05 02:02:17,-13
2014-01-05 02:02:19,-17
2014-01-05 02:02:21,7
2014-01-05 02:02:23,20
2014-01-05 02:02:25,11
2014-01-05 02:02:27,7
2014-01-05 02:02:29,-6
2014-01-05 02:02:31,0
2014-01-05 02:02:33,3
2014-01-05 02:02:35,4
2014-01-05 02:02:37,-9
2014-01-05 02:02:39,2
2014-01-05 02:02:41,10
2014-01-05 02:02:43,22
2014-01-05 02:02:45,-2
2014-01-05 02:02:47,5
2014-01-05 02:02:49,4
2014-01-05 02:02:51,6
2014-01-05 02:02:53,5
2014-01-05 02:02:55,-9
2014-01-05 02:02:57,1
2014-01-05 02:02:59,4
2014-01-05 02:03:01,4
2014-01-05 02:03:03,6
2014-01-05 02:03:05,6
2014-01-05 02:03:07,6
2014-01-05 02:03:09,0
2014-01-05 02:03:11,-8
2014-01-05 02:03:13,3
2014-01-05 02:03:15,4
2014-01-05 02:03:17,6
2014-01-05 02:03:19,6
2014-01-05 02:03:21,6
2014-01-05 02:03:23,-8
2014-01-05 02:03:25,1
2014-01-05 02:03:27,-1
2014-01-05 02:03:29,-13
2014-01-05 02:03:31,-19
2014-01-05 02:03:33,-21
2014-01-05 02:03:35,-22
2014-01-05 02:03:37,-22
2014-01-05 02:03:39,-22
2014-01-05 02:03:41,-23
2014-01-05 02:03:43,-4
2014-01-05 02:03:45,-4
2014-01-05 02:03:47,-15
2014-01-05 02:03:49,-20
2014-01-05 02:03:51,-21
2014-01-05 02:03:53,-4
2014-01-05 02:03:55,2
2014-01-05 02:03:57,4
2014-01-05 02:03:59,-10
2014-01-05 02:04:01,1
2014-01-05 02:04:03,4
2014-01-05 02:04:05,6
2014-01-05 02:04:07,4
2014-01-05 02:04:09,6
2014-01-05 02:04:11,5
2014-01-05 02:04:13,6
2014-01-05 02:04:15,5
2014-01-05 02:04:17,-10
2014-01-05 02:04:19,2
2014-01-05 02:04:21,4
2014-01-05 02:04:23,5
2014-01-05 02:04:25,6
2014-01-05 02:04:27,-9
2014-01-05 02:04:29,1
2014-01-05 02:04:31,4
2014-01-05 02:04:33,4
2014-01-05 02:04:35,-11
2014-01-05 02:04:37,1
2014-01-05 02:04:39,4
2014-01-05 02:04:41,2
2014-01-05 02:04:43,-10
2014-01-05 02:04:45,2
2014-01-05 02:04:47,4
2014-01-05 02:04:49,6
2014-01-05 02:04:51,2
2014-01-05 02:04:53,-10
2014-01-05 02:04:55,2
2014-01-05 02:04:57,4
2014-01-05 02:04:59,5
2014-01-05 02:05:01,5
2014-01-05 02:05:03,-9
2014-01-05 02:05:05,-18
2014-01-05 02:05:07,-5
2014-01-05 02:05:09,2
2014-01-05 02:05:11,4
2014-01-05 02:05:13,5
2014-01-05 02:05:15,4
2014-01-05 02:05:17,5
2014-01-05 02:05:19,5
2014-01-05 02:05:21,5
2014-01-05 02:05:23,6
2014-01-05 02:05:25,-2
2014-01-05 02:05:27,-4
2014-01-05 02:05:29,3
2014-01-05 02:05:31,4
2014-01-05 02:05:33,-5
2014-01-05 02:05:35,-2
2014-01-05 02:05:37,1
2014-01-05 02:05:39,-11
2014-01-05 02:05:41,2
2014-01-05 02:05:43,3
2014-01-05 02:05:45,2
2014-01-05 02:05:47,-10
2014-01-05 02:05:49,2
2014-01-05 02:05:51,-7
2014-01-05 02:05:53,-2
2014-01-05 02:05:55,1
2014-01-05 02:05:57,-13
2014-01-05 02:05:59,1
2014-01-05 02:06:01,4
2014-01-05 02:06:03,0
2014-01-05 02:06:05,-10
2014-01-05 02:06:07,2
2014-01-05 02:06:09,4
2014-01-05 02:06:11,4
2014-01-05 02:06:13,3
2014-01-05 02:06:15,-10
2014-01-05 02:06:17,1
2014-01-05 02:06:19,-4
2014-01-05 02:06:21,-4
2014-01-05 02:06:23,2
2014-01-05 02:06:25,4
2014-01-05 02:06:27,5
2014-01-05 02:06:29,6
2014-01-05 02:06:31,2
2014-01-05 02:06:33,-12
2014-01-05 02:06:35,-19
2014-01-05 02:06:37,-3
2014-01-05 02:06:39,2
2014-01-05 02:06:41,3
2014-01-05 02:06:43,-11
2014-01-05 02:06:45,0
2014-01-05 02:06:47,4
2014-01-05 02:06:49,2
2014-01-05 02:06:51,-11
2014-01-05 02:06:53,2
2014-01-05 02:06:55,-6
2014-01-05 02:06:57,-2
2014-01-05 02:06:59,3
2014-01-05 02:07:01,5
2014-01-05 02:07:03,5
2014-01-05 02:07:05,-4
2014-01-05 02:07:07,-15
2014-01-05 02:07:09,-16
2014-01-05 02:07:11,1
2014-01-05 02:07:13,15
2014-01-05 02:07:15,21
2014-01-05 02:07:17,12
2014-01-05 02:07:19,8
2014-01-05 02:07:21,6
2014-01-05 02:07:23,6
2014-01-05 02:07:25,5
2014-01-05 02:07:27,6
2014-01-05 02:07:29,6
2014-01-05 02:07:31,-6
2014-01-05 02:07:33,-16
2014-01-05 02:07:35,-10
2014-01-05 02:07:37,0
2014-01-05 02:07:39,4
2014-01-05 02:07:41,4
2014-01-05 02:07:43,6
2014-01-05 02:07:45,4
2014-01-05 02:07:47,-10
2014-01-05 02:07:49,-17
2014-01-05 02:07:51,-21
2014-01-05 02:07:53,-22
2014-01-05 02:07:55,-22
2014-01-05 02:07:57,-23
2014-01-05 02:07:59,-22
2014-01-05 02:08:01,-8
2014-01-05 02:08:03,0
2014-01-05 02:08:05,-13
2014-01-05 02:08:07,-19
2014-01-05 02:08:09,-21
2014-01-05 02:08:11,-10
2014-01-05 02:08:13,0
2014-01-05 02:08:15,3
2014-01-05 02:08:17,6
2014-01-05 02:08:19,-2
2014-01-05 02:08:21,-14
2014-01-05 02:08:23,-19
2014-01-05 02:08:25,-21
2014-01-05 02:08:27,-3
2014-01-05 02:08:29,2
2014-01-05 02:08:31,3
2014-01-05 02:08:33,-11
2014-01-05 02:08:35,-18
2014-01-05 02:08:37,-4
2014-01-05 02:08:39,2
2014-01-05 02:08:41,4
2014-01-05 02:08:43,-10
2014-01-05 02:08:45,0
2014-01-05 02:08:47,-1
2014-01-05 02:08:49,-9
2014-01-05 02:08:51,2
2014-01-05 02:08:53,5
2014-01-05 02:08:55,-3
2014-01-05 02:08:57,-5
2014-01-05 02:08:59,2
2014-01-05 02:09:01,-10
2014-01-05 02:09:03,1
2014-01-05 02:09:05,-2
2014-01-05 02:09:07,-7
2014-01-05 02:09:09,2
2014-01-05 02:09:11,4
2014-01-05 02:09:13,-13
2014-01-05 02:09:15,-22
2014-01-05 02:09:17,-4
2014-01-05 02:09:19,2
2014-01-05 02:09:21,4
2014-01-05 02:09:23,4
2014-01-05 02:09:25,5
2014-01-05 02:09:27,5
2014-01-05 02:09:29,5
2014-01-05 02:09:31,6
2014-01-05 02:09:33,5
2014-01-05 02:09:35,5
2014-01-05 02:09:37,5
2014-01-05 02:09:39,6
2014-01-05 02:09:41,6
2014-01-05 02:09:43,5
2014-01-05 02:09:45,6
2014-01-05 02:09:47,-8
2014-01-05 02:09:49,-17
2014-01-05 02:09:51,-6
2014-01-05 02:09:53,0
2014-01-05 02:09:55,-12
2014-01-05 02:09:57,1
2014-01-05 02:09:59,4
2014-01-05 02:10:01,6
2014-01-05 02:10:03,5
2014-01-05 02:10:05,6
2014-01-05 02:10:07,6
2014-01-05 02:10:09,6
2014-01-05 02:10:11,5
2014-01-05 02:10:13,6
2014-01-05 02:10:15,6
2014-01-05 02:10:17,-3
2014-01-05 02:10:19,-15
2014-01-05 02:10:21,-18
2014-01-05 02:10:23,0
2014-01-05 02:10:25,3
2014-01-05 02:10:27,-2
2014-01-05 02:10:29,-14
2014-01-05 02:10:31,-19
2014-01-05 02:10:33,-2
2014-01-05 02:10:35,3
2014-01-05 02:10:37,0
2014-01-05 02:10:39,-13
2014-01-05 02:10:41,-19
2014-01-05 02:10:43,-1
2014-01-05 02:10:45,-5
2014-01-05 02:10:47,-6
2014-01-05 02:10:49,2
2014-01-05 02:10:51,-10
2014-01-05 02:10:53,0
2014-01-05 02:10:55,3
2014-01-05 02:10:57,5
2014-01-05 02:10:59,5
2014-01-05 02:11:01,6
2014-01-05 02:11:03,-3
2014-01-05 02:11:05,-14
2014-01-05 02:11:07,-17
2014-01-05 02:11:09,0
2014-01-05 02:11:11,3
2014-01-05 02:11:13,4
2014-01-05 02:11:15,4
2014-01-05 02:11:17,-10
2014-01-05 02:11:19,2
2014-01-05 02:11:21,4
2014-01-05 02:11:23,8
2014-01-05 02:11:25,24
2014-01-05 02:11:27,16
2014-01-05 02:11:29,10
2014-01-05 02:11:31,8
2014-01-05 02:11:33,4
2014-01-05 02:11:35,-10
2014-01-05 02:11:37,-17
2014-01-05 02:11:39,-21
2014-01-05 02:11:41,-21
2014-01-05 02:11:43,-17
2014-01-05 02:11:45,15
2014-01-05 02:11:47,2
2014-01-05 02:11:49,-12
2014-01-05 02:11:51,-18
2014-01-05 02:11:53,-21
2014-01-05 02:11:55,-21
2014-01-05 02:11:57,-4
2014-01-05 02:11:59,2
2014-01-05 02:12:01,4
2014-01-05 02:12:03,6
2014-01-05 02:12:05,-7
2014-01-05 02:12:07,0
2014-01-05 02:12:09,4
2014-01-05 02:12:11,4
2014-01-05 02:12:13,5
2014-01-05 02:12:15,-5
2014-01-05 02:12:17,-1
2014-01-05 02:12:19,4
2014-01-05 02:12:21,4
2014-01-05 02:12:23,5
2014-01-05 02:12:25,5
2014-01-05 02:12:27,2
2014-01-05 02:12:29,-10
2014-01-05 02:12:31,3
2014-01-05 02:12:33,-7
2014-01-05 02:12:35,-1
2014-01-05 02:12:37,3
2014-01-05 02:12:39,4
2014-01-05 02:12:41,6
2014-01-05 02:12:43,5
2014-01-05 02:12:45,5
2014-01-05 02:12:47,4
2014-01-05 02:12:49,-10
2014-01-05 02:12:51,1
2014-01-05 02:12:53,-3
2014-01-05 02:12:55,-15
2014-01-05 02:12:57,-19
2014-01-05 02:12:59,-1
2014-01-05 02:13:01,3
2014-01-05 02:13:03,-1
2014-01-05 02:13:05,-14
2014-01-05 02:13:07,-20
2014-01-05 02:13:09,0
2014-01-05 02:13:11,2
2014-01-05 02:13:13,5
2014-01-05 02:13:15,5
2014-01-05 02:13:17,-9
2014-01-05 02:13:19,-17
2014-01-05 02:13:21,-6
2014-01-05 02:13:23,2
2014-01-05 02:13:25,4
2014-01-05 02:13:27,-8
2014-01-05 02:13:29,0
2014-01-05 02:13:31,4
2014-01-05 02:13:33,4
2014-01-05 02:13:35,-10
2014-01-05 02:13:37,-17
2014-01-05 02:13:39,-6
2014-01-05 02:13:41,0
2014-01-05 02:13:43,-13
2014-01-05 02:13:45,2
2014-01-05 02:13:47,-6
2014-01-05 02:13:49,-4
2014-01-05 02:13:51,2
2014-01-05 02:13:53,-12
2014-01-05 02:13:55,1
2014-01-05 02:13:57,4
2014-01-05 02:13:59,8
2014-01-05 02:14:01,23
2014-01-05 02:14:03,16
2014-01-05 02:14:05,10
2014-01-05 02:14:07,2
2014-01-05 02:14:09,-8
2014-01-05 02:14:11,2
2014-01-05 02:14:13,-8
2014-01-05 02:14:15,-17
2014-01-05 02:14:17,-10
2014-01-05 02:14:19,2
2014-01-05 02:14:21,4
2014-01-05 02:14:23,5
2014-01-05 02:14:25,5
2014-01-05 02:14:27,6
2014-01-05 02:14:29,23
2014-01-05 02:14:31,17
2014-01-05 02:14:33,1
2014-01-05 02:14:35,-13
2014-01-05 02:14:37,-16
2014-01-05 02:14:39,0
2014-01-05 02:14:41,3
2014-01-05 02:14:43,-2
2014-01-05 02:14:45,-6
2014-01-05 02:14:47,2
2014-01-05 02:14:49,4
2014-01-05 02:14:51,-4
2014-01-05 02:14:53,-4
2014-01-05 02:14:55,4
2014-01-05 02:14:57,4
2014-01-05 02:14:59,5
2014-01-05 02:15:01,6
2014-01-05 02:15:03,2
2014-01-05 02:15:05,-10
2014-01-05 02:15:07,2
2014-01-05 02:15:09,-6
2014-01-05 02:15:11,-16
2014-01-05 02:15:13,-20
2014-01-05 02:15:15,-21
2014-01-05 02:15:17,-23
2014-01-05 02:15:19,-6
2014-01-05 02:15:21,2
2014-01-05 02:15:23,4
2014-01-05 02:15:25,5
2014-01-05 02:15:27,5
2014-01-05 02:15:29,6
2014-01-05 02:15:31,5
2014-01-05 02:15:33,5
2014-01-05 02:15:35,6
2014-01-05 02:15:37,6
2014-01-05 02:15:39,6
2014-01-05 02:15:41,6
2014-01-05 02:15:43,6
2014-01-05 02:15:45,18
2014-01-05 02:15:47,15
2014-01-05 02:15:49,0
2014-01-05 02:15:51,6
2014-01-05 02:15:53,6
2014-01-05 02:15:55,-3
2014-01-05 02:15:57,-2
2014-01-05 02:15:59,3
2014-01-05 02:16:01,-10
2014-01-05 02:16:03,-19
2014-01-05 02:16:05,-4
2014-01-05 02:16:07,0
2014-01-05 02:16:09,-14
2014-01-05 02:16:11,-19
2014-01-05 02:16:13,-2
2014-01-05 02:16:15,2
2014-01-05 02:16:17,2
2014-01-05 02:16:19,-11
2014-01-05 02:16:21,1
2014-01-05 02:16:23,4
2014-01-05 02:16:25,1
2014-01-05 02:16:27,-11
2014-01-05 02:16:29,2
2014-01-05 02:16:31,4
2014-01-05 02:16:33,0
2014-01-05 02:16:35,-8
2014-01-05 02:16:37,2
2014-01-05 02:16:39,4
2014-01-05 02:16:41,-4
2014-01-05 02:16:43,-4
2014-01-05 02:16:45,2
2014-01-05 02:16:47,-10
2014-01-05 02:16:49,-18
2014-01-05 02:16:51,-6
2014-01-05 02:16:53,0
2014-01-05 02:16:55,-12
2014-01-05 02:16:57,1
2014-01-05 02:16:59,4
2014-01-05 02:17:01,5
2014-01-05 02:17:03,4
2014-01-05 02:17:05,-10
2014-01-05 02:17:07,1
2014-01-05 02:17:09,-3
2014-01-05 02:17:11,-15
2014-01-05 02:17:13,-18
2014-01-05 02:17:15,0
2014-01-05 02:17:17,3
2014-01-05 02:17:19,0
2014-01-05 02:17:21,-14
2014-01-05 02:17:23,-19
2014-01-05 02:17:25,-2
2014-01-05 02:17:27,3
2014-01-05 02:17:29,5
2014-01-05 02:17:31,4
2014-01-05 02:17:33,-9
2014-01-05 02:17:35,0
2014-01-05 02:17:37,4
2014-01-05 02:17:39,4
2014-01-05 02:17:41,-10
2014-01-05 02:17:43,2
2014-01-05 02:17:45,4
2014-01-05 02:17:47,5
2014-01-05 02:17:49,6
2014-01-05 02:17:51,-10
2014-01-05 02:17:53,0
2014-01-05 02:17:55,3
2014-01-05 02:17:57,4
2014-01-05 02:17:59,6
2014-01-05 02:18:01,6
2014-01-05 02:18:03,-4
2014-01-05 02:18:05,-15
2014-01-05 02:18:07,-17
2014-01-05 02:18:09,0
2014-01-05 02:18:11,2
2014-01-05 02:18:13,5
2014-01-05 02:18:15,6
2014-01-05 02:18:17,6
2014-01-05 02:18:19,6
2014-01-05 02:18:21,-5
2014-01-05 02:18:23,-16
2014-01-05 02:18:25,-15
2014-01-05 02:18:27,0
2014-01-05 02:18:29,3
2014-01-05 02:18:31,5
2014-01-05 02:18:33,2
2014-01-05 02:18:35,-10
2014-01-05 02:18:37,2
2014-01-05 02:18:39,-6
2014-01-05 02:18:41,-1
2014-01-05 02:18:43,2
2014-01-05 02:18:45,-11
2014-01-05 02:18:47,2
2014-01-05 02:18:49,4
2014-01-05 02:18:51,1
2014-01-05 02:18:53,-13
2014-01-05 02:18:55,-19
2014-01-05 02:18:57,-20
2014-01-05 02:18:59,-22
2014-01-05 02:19:01,-15
2014-01-05 02:19:03,0
2014-01-05 02:19:05,3
2014-01-05 02:19:07,14
2014-01-05 02:19:09,14
2014-01-05 02:19:11,-23
2014-01-05 02:19:13,-4
2014-01-05 02:19:15,-10
2014-01-05 02:19:17,-18
2014-01-05 02:19:19,-20
2014-01-05 02:19:21,-21
2014-01-05 02:19:23,-22
2014-01-05 02:19:25,-22
2014-01-05 02:19:27,-22
2014-01-05 02:19:29,-23
2014-01-05 02:19:31,-40
2014-01-05 02:19:33,-15
2014-01-05 02:19:35,4
2014-01-05 02:19:37,20
2014-01-05 02:19:39,12
2014-01-05 02:19:41,-6
2014-01-05 02:19:43,-16
2014-01-05 02:19:45,-20
2014-01-05 02:19:47,-21
2014-01-05 02:19:49,-22
2014-01-05 02:19:51,-22
2014-01-05 02:19:53,-23
2014-01-05 02:19:55,-11
2014-01-05 02:19:57,0
2014-01-05 02:19:59,-12
2014-01-05 02:20:01,-18
2014-01-05 02:20:03,-6
2014-01-05 02:20:05,0
2014-01-05 02:20:07,-13
2014-01-05 02:20:09,-19
2014-01-05 02:20:11,-3
2014-01-05 02:20:13,2
2014-01-05 02:20:15,4
2014-01-05 02:20:17,-10
2014-01-05 02:20:19,1
2014-01-05 02:20:21,-3
2014-01-05 02:20:23,-4
2014-01-05 02:20:25,20
2014-01-05 02:20:27,15
2014-01-05 02:20:29,9
2014-01-05 02:20:31,11
2014-01-05 02:20:33,27
2014-01-05 02:20:35,32
2014-01-05 02:20:37,34
2014-01-05 02:20:39,35
2014-01-05 02:20:41,34
2014-01-05 02:20:43,35
2014-01-05 02:20:45,36
2014-01-05 02:20:47,35
2014-01-05 02:20:49,35
2014-01-05 02:20:51,36
2014-01-05 02:20:53,35
2014-01-05 02:20:55,36
2014-01-05 02:20:57,35
2014-01-05 02:20:59,36
2014-01-05 02:21:01,36
2014-01-05 02:21:03,36
2014-01-05 02:21:05,35
2014-01-05 02:21:07,36
2014-01-05 02:21:09,37
2014-01-05 02:21:11,54
2014-01-05 02:21:13,47
2014-01-05 02:21:15,41
2014-01-05 02:21:17,37
2014-01-05 02:21:19,36
2014-01-05 02:21:21,36
2014-01-05 02:21:23,36
2014-01-05 02:21:25,36
2014-01-05 02:21:27,34
2014-01-05 02:21:29,36
2014-01-05 02:21:31,35
2014-01-05 02:21:33,26
2014-01-05 02:21:35,23
2014-01-05 02:21:37,49
2014-01-05 02:21:39,42
2014-01-05 02:21:41,25
2014-01-05 02:21:43,22
2014-01-05 02:21:45,29
2014-01-05 02:21:47,33
2014-01-05 02:21:49,19
2014-01-05 02:21:51,11
2014-01-05 02:21:53,8
2014-01-05 02:21:55,6
2014-01-05 02:21:57,6
2014-01-05 02:21:59,-7
2014-01-05 02:22:01,0
2014-01-05 02:22:03,0
2014-01-05 02:22:05,-13
2014-01-05 02:22:07,-19
2014-01-05 02:22:09,-21
2014-01-05 02:22:11,-22
2014-01-05 02:22:13,-16
2014-01-05 02:22:15,-1
2014-01-05 02:22:17,-10
2014-01-05 02:22:19,-27
2014-01-05 02:22:21,-40
2014-01-05 02:22:23,-30
2014-01-05 02:22:25,-25
2014-01-05 02:22:27,-36
2014-01-05 02:22:29,-48
2014-01-05 02:22:31,-52
2014-01-05 02:22:33,-54
2014-01-05 02:22:35,-55
2014-01-05 02:22:37,-54
2014-01-05 02:22:39,-55
2014-01-05 02:22:41,-55
2014-01-05 02:22:43,-54
2014-01-05 02:22:45,-55
2014-01-05 02:22:47,-54
2014-01-05 02:22:49,-58
2014-01-05 02:22:51,-73
2014-01-05 02:22:53,-65
2014-01-05 02:22:55,-59
2014-01-05 02:22:57,-56
2014-01-05 02:22:59,-55
2014-01-05 02:23:01,-54
2014-01-05 02:23:03,-69
2014-01-05 02:23:05,-79
2014-01-05 02:23:07,-80
2014-01-05 02:23:09,-66
2014-01-05 02:23:11,-58
2014-01-05 02:23:13,-67
2014-01-05 02:23:15,-65
2014-01-05 02:23:17,-42
2014-01-05 02:23:19,-48
2014-01-05 02:23:21,-53
2014-01-05 02:23:23,-54
2014-01-05 02:23:25,-51
2014-01-05 02:23:27,-34
2014-01-05 02:23:29,-44
2014-01-05 02:23:31,-51
2014-01-05 02:23:33,-45
2014-01-05 02:23:35,-34
2014-01-05 02:23:37,-45
2014-01-05 02:23:39,-35
2014-01-05 02:23:41,-28
2014-01-05 02:23:43,-25
2014-01-05 02:23:45,-22
2014-01-05 02:23:47,-22
2014-01-05 02:23:49,-23
2014-01-05 02:23:51,-6
2014-01-05 02:23:53,-2
2014-01-05 02:23:55,-14
2014-01-05 02:23:57,-19
2014-01-05 02:23:59,-2
2014-01-05 02:24:01,-3
2014-01-05 02:24:03,-9
2014-01-05 02:24:05,2
2014-01-05 02:24:07,-8
2014-01-05 02:24:09,0
2014-01-05 02:24:11,4
2014-01-05 02:24:13,5
2014-01-05 02:24:15,6
2014-01-05 02:24:17,17
2014-01-05 02:24:19,28
2014-01-05 02:24:21,33
2014-01-05 02:24:23,34
2014-01-05 02:24:25,35
2014-01-05 02:24:27,36
2014-01-05 02:24:29,35
2014-01-05 02:24:31,36
2014-01-05 02:24:33,35
2014-01-05 02:24:35,36
2014-01-05 02:24:37,36
2014-01-05 02:24:39,39
2014-01-05 02:24:41,56
2014-01-05 02:24:43,62
2014-01-05 02:24:45,56
2014-01-05 02:24:47,47
2014-01-05 02:24:49,59
2014-01-05 02:24:51,65
2014-01-05 02:24:53,79
2014-01-05 02:24:55,83
2014-01-05 02:24:57,74
2014-01-05 02:24:59,69
2014-01-05 02:25:01,69
2014-01-05 02:25:03,67
2014-01-05 02:25:05,67
2014-01-05 02:25:07,68
2014-01-05 02:25:09,84
2014-01-05 02:25:11,79
2014-01-05 02:25:13,80
2014-01-05 02:25:15,91
2014-01-05 02:25:17,95
2014-01-05 02:25:19,96
2014-01-05 02:25:21,86
2014-01-05 02:25:23,75
2014-01-05 02:25:25,70
2014-01-05 02:25:27,68
2014-01-05 02:25:29,68
2014-01-05 02:25:31,76
2014-01-05 02:25:33,85
2014-01-05 02:25:35,74
2014-01-05 02:25:37,70
2014-01-05 02:25:39,68
2014-01-05 02:25:41,74
2014-01-05 02:25:43,87
2014-01-05 02:25:45,75
2014-01-05 02:25:47,71
2014-01-05 02:25:49,69
2014-01-05 02:25:51,62
2014-01-05 02:25:53,47
2014-01-05 02:25:55,39
2014-01-05 02:25:57,49
2014-01-05 02:25:59,60
2014-01-05 02:26:01,62
2014-01-05 02:26:03,47
2014-01-05 02:26:05,39
2014-01-05 02:26:07,36
2014-01-05 02:26:09,35
2014-01-05 02:26:11,35
2014-01-05 02:26:13,35
2014-01-05 02:26:15,22
2014-01-05 02:26:17,19
2014-01-05 02:26:19,29
2014-01-05 02:26:21,32
2014-01-05 02:26:23,33
2014-01-05 02:26:25,34
2014-01-05 02:26:27,29
2014-01-05 02:26:29,15
2014-01-05 02:26:31,8
2014-01-05 02:26:33,-6
2014-01-05 02:26:35,-17
2014-01-05 02:26:37,-21
2014-01-05 02:26:39,-22
2014-01-05 02:26:41,-23
2014-01-05 02:26:43,-23
2014-01-05 02:26:45,-30
2014-01-05 02:26:47,-45
2014-01-05 02:26:49,-52
2014-01-05 02:26:51,-54
2014-01-05 02:26:53,-55
2014-01-05 02:26:55,-56
2014-01-05 02:26:57,-56
2014-01-05 02:26:59,-56
2014-01-05 02:27:01,-56
2014-01-05 02:27:03,-62
2014-01-05 02:27:05,-76
2014-01-05 02:27:07,-82
2014-01-05 02:27:09,-70
2014-01-05 02:27:11,-71
2014-01-05 02:27:13,-81
2014-01-05 02:27:15,-84
2014-01-05 02:27:17,-84
2014-01-05 02:27:19,-86
2014-01-05 02:27:21,-86
2014-01-05 02:27:23,-86
2014-01-05 02:27:25,-84
2014-01-05 02:27:27,-86
2014-01-05 02:27:29,-85
2014-01-05 02:27:31,-92
2014-01-05 02:27:33,-106
2014-01-05 02:27:35,-96
2014-01-05 02:27:37,-104
2014-01-05 02:27:39,-103
2014-01-05 02:27:41,-93
2014-01-05 02:27:43,-88
2014-01-05 02:27:45,-86
2014-01-05 02:27:47,-98
2014-01-05 02:27:49,-103
2014-01-05 02:27:51,-95
2014-01-05 02:27:53,-108
2014-01-05 02:27:55,-97
2014-01-05 02:27:57,-90
2014-01-05 02:27:59,-87
2014-01-05 02:28:01,-86
2014-01-05 02:28:03,-86
2014-01-05 02:28:05,-84
2014-01-05 02:28:07,-86
2014-01-05 02:28:09,-84
2014-01-05 02:28:11,-85
2014-01-05 02:28:13,-101
2014-01-05 02:28:15,-99
2014-01-05 02:28:17,-97
2014-01-05 02:28:37,-107
2014-01-05 02:28:39,-79
2014-01-05 02:28:41,-78
2014-01-05 02:28:43,-82
2014-01-05 02:28:45,-81
2014-01-05 02:28:47,-66
2014-01-05 02:28:49,-59
2014-01-05 02:28:51,-56
2014-01-05 02:28:53,-49
2014-01-05 02:28:55,-33
2014-01-05 02:28:57,-26
2014-01-05 02:28:59,-38
2014-01-05 02:29:01,-39
2014-01-05 02:29:03,-28
2014-01-05 02:29:05,-24
2014-01-05 02:29:11,-23
2014-01-05 02:29:13,-22
2014-01-05 02:29:15,-7
2014-01-05 02:29:17,0
2014-01-05 02:29:19,4
2014-01-05 02:29:21,19
2014-01-05 02:29:23,20
2014-01-05 02:29:25,10
2014-01-05 02:29:27,7
2014-01-05 02:29:29,6
2014-01-05 02:29:33,6
2014-01-05 02:29:35,13
2014-01-05 02:29:37,30
2014-01-05 02:29:39,51
2014-01-05 02:29:41,45
2014-01-05 02:29:43,40
2014-01-05 02:29:45,38
2014-01-05 02:29:47,36
2014-01-05 02:29:49,36
2014-01-05 02:29:51,50
2014-01-05 02:29:53,60
2014-01-05 02:29:55,65
2014-01-05 02:29:59,67
2014-01-05 02:30:01,82
2014-01-05 02:30:03,91
2014-01-05 02:30:04,95
2014-01-05 02:30:05,97
2014-01-05 02:30:06,97
2014-01-05 02:30:07,84
2014-01-05 02:30:08,82
2014-01-05 02:30:09,91
2014-01-05 02:30:10,95
2014-01-05 02:30:11,81
2014-01-05 02:30:12,84
2014-01-05 02:30:13,93
2014-01-05 02:30:14,94
2014-01-05 02:30:15,97
2014-01-05 02:30:16,97
2014-01-05 02:30:17,97
2014-01-05 02:30:18,101
2014-01-05 02:30:19,117
2014-01-05 02:30:20,107
2014-01-05 02:30:21,89
2014-01-05 02:30:22,83
2014-01-05 02:30:24,93
2014-01-05 02:30:25,114
2014-01-05 02:30:26,108
2014-01-05 02:30:27,91
2014-01-05 02:30:28,82
2014-01-05 02:30:29,89
2014-01-05 02:30:30,78
2014-01-05 02:30:32,72
2014-01-05 02:30:34,77
2014-01-05 02:30:36,86
2014-01-05 02:30:38,75
2014-01-05 02:30:40,70
2014-01-05 02:30:42,79
2014-01-05 02:30:44,79
2014-01-05 02:30:46,53
2014-01-05 02:30:48,42
2014-01-05 02:30:50,39
2014-01-05 02:30:52,36
2014-01-05 02:30:54,34
2014-01-05 02:30:56,35
2014-01-05 02:30:58,35
2014-01-05 02:31:00,24
2014-01-05 02:31:02,12
2014-01-05 02:31:04,8
2014-01-05 02:31:06,6
2014-01-05 02:31:08,-8
2014-01-05 02:31:10,0
2014-01-05 02:31:12,-2
2014-01-05 02:31:14,-14
2014-01-05 02:31:16,-19
2014-01-05 02:31:18,-21
2014-01-05 02:31:20,-23
2014-01-05 02:31:22,-22
2014-01-05 02:31:24,-23
2014-01-05 02:31:26,-39
2014-01-05 02:31:28,-49
2014-01-05 02:31:30,-56
2014-01-05 02:31:32,-73
2014-01-05 02:31:34,-65
2014-01-05 02:31:36,-72
2014-01-05 02:31:38,-73
2014-01-05 02:31:40,-65
2014-01-05 02:31:42,-78
2014-01-05 02:31:44,-82
2014-01-05 02:31:46,-97
2014-01-05 02:31:48,-104
2014-01-05 02:31:50,-92
2014-01-05 02:31:52,-88
2014-01-05 02:31:54,-101
2014-01-05 02:31:56,-110
2014-01-05 02:31:58,-115
2014-01-05 02:32:00,-117
2014-01-05 02:32:02,-118
2014-01-05 02:32:04,-118
2014-01-05 02:32:06,-123
2014-01-05 02:32:08,-137
2014-01-05 02:32:10,-126
2014-01-05 02:32:12,-121
2014-01-05 02:32:14,-119
2014-01-05 02:32:16,-119
2014-01-05 02:32:18,-119
2014-01-05 02:32:20,-118
2014-01-05 02:32:22,-118
2014-01-05 02:32:24,-118
2014-01-05 02:32:26,-118
2014-01-05 02:32:28,-118
2014-01-05 02:32:30,-132
2014-01-05 02:32:32,-131
2014-01-05 02:32:34,-123
2014-01-05 02:32:36,-119
2014-01-05 02:32:38,-118
2014-01-05 02:32:40,-118
2014-01-05 02:32:42,-117
2014-01-05 02:32:44,-117
2014-01-05 02:32:46,-117
2014-01-05 02:32:48,-101
2014-01-05 02:32:50,-91
2014-01-05 02:32:52,-82
2014-01-05 02:32:54,-65
2014-01-05 02:32:56,-58
2014-01-05 02:32:58,-69
2014-01-05 02:33:00,-70
2014-01-05 02:33:02,-60
2014-01-05 02:33:04,-56
2014-01-05 02:33:06,-39
2014-01-05 02:33:08,-28
2014-01-05 02:33:10,-24
2014-01-05 02:33:12,-23
2014-01-05 02:33:14,-21
2014-01-05 02:33:16,-2
2014-01-05 02:33:18,-6
2014-01-05 02:33:20,-4
2014-01-05 02:33:22,3
2014-01-05 02:33:24,4
2014-01-05 02:33:26,5
2014-01-05 02:33:28,13
2014-01-05 02:33:30,26
2014-01-05 02:33:32,33
2014-01-05 02:33:34,49
2014-01-05 02:33:36,51
2014-01-05 02:33:38,42
2014-01-05 02:33:40,39
2014-01-05 02:33:42,54
2014-01-05 02:33:44,49
2014-01-05 02:33:46,41
2014-01-05 02:33:48,41
2014-01-05 02:33:50,57
2014-01-05 02:33:52,78
2014-01-05 02:33:54,80
2014-01-05 02:33:56,78
2014-01-05 02:33:58,90
2014-01-05 02:34:00,95
2014-01-05 02:34:02,95
2014-01-05 02:34:04,107
2014-01-05 02:34:06,119
2014-01-05 02:34:08,126
2014-01-05 02:34:10,128
2014-01-05 02:34:12,128
2014-01-05 02:34:14,130
2014-01-05 02:34:16,130
2014-01-05 02:34:18,130
2014-01-05 02:34:20,130
2014-01-05 02:34:22,130
2014-01-05 02:34:24,130
2014-01-05 02:34:26,128
2014-01-05 02:34:28,130
2014-01-05 02:34:30,130
2014-01-05 02:34:32,129
2014-01-05 02:34:34,129
2014-01-05 02:34:36,130
2014-01-05 02:34:38,128
2014-01-05 02:34:40,130
2014-01-05 02:34:42,129
2014-01-05 02:34:44,130
2014-01-05 02:34:46,129
2014-01-05 02:34:48,115
2014-01-05 02:34:50,96
2014-01-05 02:34:52,81
2014-01-05 02:34:54,90
2014-01-05 02:34:56,94
2014-01-05 02:34:58,85
2014-01-05 02:35:00,74
2014-01-05 02:35:02,70
2014-01-05 02:35:04,68
2014-01-05 02:35:06,39
2014-01-05 02:35:08,36
2014-01-05 02:35:10,55
2014-01-05 02:35:12,62
2014-01-05 02:35:14,49
2014-01-05 02:35:16,29
2014-01-05 02:35:18,20
2014-01-05 02:35:20,28
2014-01-05 02:35:22,15
2014-01-05 02:35:24,23
2014-01-05 02:35:26,20
2014-01-05 02:35:28,6
2014-01-05 02:35:30,-11
2014-01-05 02:35:32,-19
2014-01-05 02:35:34,-21
2014-01-05 02:35:36,-22
2014-01-05 02:35:38,-23
2014-01-05 02:35:40,-23
2014-01-05 02:35:42,-39
2014-01-05 02:35:44,-49
2014-01-05 02:35:46,-58
2014-01-05 02:35:48,-74
2014-01-05 02:35:50,-65
2014-01-05 02:35:52,-72
2014-01-05 02:35:54,-73
2014-01-05 02:35:56,-65
2014-01-05 02:35:58,-78
2014-01-05 02:36:00,-83
2014-01-05 02:36:02,-95
2014-01-05 02:36:04,-109
2014-01-05 02:36:06,-114
2014-01-05 02:36:08,-117
2014-01-05 02:36:10,-117
2014-01-05 02:36:12,-118
2014-01-05 02:36:14,-117
2014-01-05 02:36:16,-119
2014-01-05 02:36:18,-134
2014-01-05 02:36:20,-130
2014-01-05 02:36:22,-123
2014-01-05 02:36:24,-121
2014-01-05 02:36:26,-136
2014-01-05 02:36:28,-143
2014-01-05 02:36:30,-145
2014-01-05 02:36:32,-147
2014-01-05 02:36:34,-147
2014-01-05 02:36:36,-132
2014-01-05 02:36:38,-123
2014-01-05 02:36:40,-121
2014-01-05 02:36:42,-118
2014-01-05 02:36:44,-118
2014-01-05 02:36:46,-118
2014-01-05 02:36:48,-127
2014-01-05 02:36:50,-134
2014-01-05 02:36:52,-125
2014-01-05 02:36:54,-120
2014-01-05 02:36:56,-132
2014-01-05 02:36:58,-133
2014-01-05 02:37:00,-124
2014-01-05 02:37:02,-120
2014-01-05 02:37:04,-102
2014-01-05 02:37:06,-92
2014-01-05 02:37:08,-88
2014-01-05 02:37:10,-87
2014-01-05 02:37:12,-104
2014-01-05 02:37:14,-98
2014-01-05 02:37:16,-90
2014-01-05 02:37:18,-83
2014-01-05 02:37:20,-66
2014-01-05 02:37:22,-59
2014-01-05 02:37:24,-56
2014-01-05 02:37:26,-49
2014-01-05 02:37:28,-33
2014-01-05 02:37:30,-26
2014-01-05 02:37:32,-24
2014-01-05 02:37:34,-23
2014-01-05 02:37:36,-22
2014-01-05 02:37:38,-19
2014-01-05 02:37:40,14
2014-01-05 02:37:42,15
2014-01-05 02:37:44,17
2014-01-05 02:37:46,28
2014-01-05 02:37:48,33
2014-01-05 02:37:50,34
2014-01-05 02:37:52,35
2014-01-05 02:37:54,41
2014-01-05 02:37:56,56
2014-01-05 02:37:58,63
2014-01-05 02:38:00,66
2014-01-05 02:38:02,67
2014-01-05 02:38:04,67
2014-01-05 02:38:06,68
2014-01-05 02:38:08,68
2014-01-05 02:38:10,78
2014-01-05 02:38:12,91
2014-01-05 02:38:14,94
2014-01-05 02:38:16,95
2014-01-05 02:38:18,112
2014-01-05 02:38:20,123
2014-01-05 02:38:22,130
2014-01-05 02:38:24,147
2014-01-05 02:38:26,139
2014-01-05 02:38:28,121
2014-01-05 02:38:30,114
2014-01-05 02:38:32,123
2014-01-05 02:38:34,127
2014-01-05 02:38:36,142
2014-01-05 02:38:38,153
2014-01-05 02:38:40,157
2014-01-05 02:38:42,158
2014-01-05 02:38:44,143
2014-01-05 02:38:46,134
2014-01-05 02:38:48,138
2014-01-05 02:38:50,151
2014-01-05 02:38:52,156
2014-01-05 02:38:54,144
2014-01-05 02:38:56,144
2014-01-05 02:38:58,149
2014-01-05 02:39:00,136
2014-01-05 02:39:02,132
2014-01-05 02:39:04,131
2014-01-05 02:39:06,121
2014-01-05 02:39:08,107
2014-01-05 02:39:10,99
2014-01-05 02:39:12,98
2014-01-05 02:39:14,97
2014-01-05 02:39:16,97
2014-01-05 02:39:18,97
2014-01-05 02:39:20,97
2014-01-05 02:39:22,83
2014-01-05 02:39:24,73
2014-01-05 02:39:26,70
2014-01-05 02:39:28,67
2014-01-05 02:39:30,67
2014-01-05 02:39:32,55
2014-01-05 02:39:34,43
2014-01-05 02:39:36,36
2014-01-05 02:39:38,19
2014-01-05 02:39:40,10
2014-01-05 02:39:42,6
2014-01-05 02:39:44,1
2014-01-05 02:39:46,-13
2014-01-05 02:39:48,-19
2014-01-05 02:39:50,-21
2014-01-05 02:39:52,-22
2014-01-05 02:39:54,-23
2014-01-05 02:39:56,-23
2014-01-05 02:39:58,-39
2014-01-05 02:40:00,-38
2014-01-05 02:40:02,-34
2014-01-05 02:40:04,-47
2014-01-05 02:40:06,-52
2014-01-05 02:40:08,-67
2014-01-05 02:40:10,-78
2014-01-05 02:40:12,-83
2014-01-05 02:40:14,-84
2014-01-05 02:40:16,-85
2014-01-05 02:40:18,-86
2014-01-05 02:40:20,-92
2014-01-05 02:40:22,-108
2014-01-05 02:40:24,-114
2014-01-05 02:40:26,-130
2014-01-05 02:40:28,-132
2014-01-05 02:40:30,-128
2014-01-05 02:40:32,-138
2014-01-05 02:40:34,-128
2014-01-05 02:40:36,-133
2014-01-05 02:40:38,-142
2014-01-05 02:40:40,-147
2014-01-05 02:40:42,-147
2014-01-05 02:40:44,-147
2014-01-05 02:40:46,-148
2014-01-05 02:40:48,-149
2014-01-05 02:40:50,-148
2014-01-05 02:40:52,-147
2014-01-05 02:40:54,-148
2014-01-05 02:40:56,-148
2014-01-05 02:40:58,-147
2014-01-05 02:41:00,-147
2014-01-05 02:41:02,-134
2014-01-05 02:41:04,-134
2014-01-05 02:41:06,-137
2014-01-05 02:41:08,-126
2014-01-05 02:41:10,-121
2014-01-05 02:41:12,-131
2014-01-05 02:41:14,-134
2014-01-05 02:41:16,-124
2014-01-05 02:41:18,-120
2014-01-05 02:41:20,-119
2014-01-05 02:41:22,-118
2014-01-05 02:41:24,-111
2014-01-05 02:41:26,-95
2014-01-05 02:41:28,-72
2014-01-05 02:41:30,-61
2014-01-05 02:41:32,-66
2014-01-05 02:41:34,-78
2014-01-05 02:41:36,-81
2014-01-05 02:41:38,-67
2014-01-05 02:41:40,-60
2014-01-05 02:41:42,-57
2014-01-05 02:41:44,-54
2014-01-05 02:41:46,-35
2014-01-05 02:41:48,-28
2014-01-05 02:41:50,-25
2014-01-05 02:41:52,-11
2014-01-05 02:41:54,0
2014-01-05 02:41:56,3
2014-01-05 02:41:58,5
2014-01-05 02:42:00,6
2014-01-05 02:42:02,6
2014-01-05 02:42:04,6
2014-01-05 02:42:06,21
2014-01-05 02:42:08,39
2014-01-05 02:42:10,56
2014-01-05 02:42:12,62
2014-01-05 02:42:14,67
2014-01-05 02:42:16,67
2014-01-05 02:42:18,67
2014-01-05 02:42:20,68
2014-01-05 02:42:22,68
2014-01-05 02:42:24,68
2014-01-05 02:42:26,78
2014-01-05 02:42:28,90
2014-01-05 02:42:30,95
2014-01-05 02:42:32,97
2014-01-05 02:42:34,97
2014-01-05 02:42:36,106
2014-01-05 02:42:38,121
2014-01-05 02:42:40,126
2014-01-05 02:42:42,128
2014-01-05 02:42:44,128
2014-01-05 02:42:46,128
2014-01-05 02:42:48,128
2014-01-05 02:42:50,110
2014-01-05 02:42:52,131
2014-01-05 02:42:54,149
2014-01-05 02:42:56,154
2014-01-05 02:42:58,157
2014-01-05 02:43:00,159
2014-01-05 02:43:02,148
2014-01-05 02:43:04,136
2014-01-05 02:43:06,132
2014-01-05 02:43:08,131
2014-01-05 02:43:10,144
2014-01-05 02:43:12,133
2014-01-05 02:43:14,117
2014-01-05 02:43:16,123
2014-01-05 02:43:18,128
2014-01-05 02:43:20,128
2014-01-05 02:43:22,121
2014-01-05 02:43:24,109
2014-01-05 02:43:26,121
2014-01-05 02:43:28,125
2014-01-05 02:43:30,117
2014-01-05 02:43:32,104
2014-01-05 02:43:34,100
2014-01-05 02:43:36,98
2014-01-05 02:43:38,97
2014-01-05 02:43:40,88
2014-01-05 02:43:42,73
2014-01-05 02:43:44,52
2014-01-05 02:43:46,57
2014-01-05 02:43:48,62
2014-01-05 02:43:50,60
2014-01-05 02:43:52,44
2014-01-05 02:43:54,39
2014-01-05 02:43:56,23
2014-01-05 02:43:58,11
2014-01-05 02:44:00,3
2014-01-05 02:44:02,-13
2014-01-05 02:44:04,-19
2014-01-05 02:44:06,-21
2014-01-05 02:44:08,-8
2014-01-05 02:44:10,-2
2014-01-05 02:44:12,-14
2014-01-05 02:44:14,-19
2014-01-05 02:44:16,-23
2014-01-05 02:44:18,-27
2014-01-05 02:44:20,-45
2014-01-05 02:44:22,-52
2014-01-05 02:44:24,-54
2014-01-05 02:44:26,-63
2014-01-05 02:44:28,-77
2014-01-05 02:44:30,-83
2014-01-05 02:44:32,-100
2014-01-05 02:44:34,-100
2014-01-05 02:44:36,-97
2014-01-05 02:44:38,-108
2014-01-05 02:44:40,-96
2014-01-05 02:44:42,-104
2014-01-05 02:44:44,-113
2014-01-05 02:44:46,-119
2014-01-05 02:44:48,-135
2014-01-05 02:44:50,-143
2014-01-05 02:44:52,-147
2014-01-05 02:44:54,-147
2014-01-05 02:44:56,-147
2014-01-05 02:44:58,-148
2014-01-05 02:45:00,-148
2014-01-05 02:45:02,-148
2014-01-05 02:45:03,-148
2014-01-05 02:45:05,-147
2014-01-05 02:45:07,-148
2014-01-05 02:45:09,-160
2014-01-05 02:45:11,-166
2014-01-05 02:45:13,-155
2014-01-05 02:45:15,-150
2014-01-05 02:45:17,-148
2014-01-05 02:45:19,-148
2014-01-05 02:45:21,-147
2014-01-05 02:45:23,-147
2014-01-05 02:45:25,-131
2014-01-05 02:45:27,-135
2014-01-05 02:45:29,-143
2014-01-05 02:45:31,-143
2014-01-05 02:45:33,-128
2014-01-05 02:45:35,-121
2014-01-05 02:45:37,-119
2014-01-05 02:45:39,-113
2014-01-05 02:45:41,-97
2014-01-05 02:45:43,-108
2014-01-05 02:45:45,-100
2014-01-05 02:45:47,-90
2014-01-05 02:45:49,-87
2014-01-05 02:45:51,-86
2014-01-05 02:45:53,-69
2014-01-05 02:45:55,-71
2014-01-05 02:45:57,-73
2014-01-05 02:45:59,-60
2014-01-05 02:46:01,-39
2014-01-05 02:46:03,-29
2014-01-05 02:46:05,-25
2014-01-05 02:46:07,-12
2014-01-05 02:46:09,0
2014-01-05 02:46:11,4
2014-01-05 02:46:13,5
2014-01-05 02:46:15,5
2014-01-05 02:46:17,6
2014-01-05 02:46:19,6
2014-01-05 02:46:21,6
2014-01-05 02:46:23,15
2014-01-05 02:46:25,29
2014-01-05 02:46:27,33
2014-01-05 02:46:29,34
2014-01-05 02:46:31,48
2014-01-05 02:46:33,60
2014-01-05 02:46:35,67
2014-01-05 02:46:37,84
2014-01-05 02:46:39,92
2014-01-05 02:46:41,96
2014-01-05 02:46:43,103
2014-01-05 02:46:45,117
2014-01-05 02:46:47,125
2014-01-05 02:46:49,114
2014-01-05 02:46:51,112
2014-01-05 02:46:53,123
2014-01-05 02:46:55,127
2014-01-05 02:46:57,128
2014-01-05 02:46:59,117
2014-01-05 02:47:01,117
2014-01-05 02:47:03,143
2014-01-05 02:47:05,153
2014-01-05 02:47:07,143
2014-01-05 02:47:09,144
2014-01-05 02:47:11,150
2014-01-05 02:47:13,138
2014-01-05 02:47:15,149
2014-01-05 02:47:17,155
2014-01-05 02:47:19,158
2014-01-05 02:47:21,156
2014-01-05 02:47:23,141
2014-01-05 02:47:25,134
2014-01-05 02:47:27,121
2014-01-05 02:47:29,115
2014-01-05 02:47:31,141
2014-01-05 02:47:33,136
2014-01-05 02:47:35,131
2014-01-05 02:47:37,130
2014-01-05 02:47:39,127
2014-01-05 02:47:41,109
2014-01-05 02:47:43,117
2014-01-05 02:47:45,113
2014-01-05 02:47:47,102
2014-01-05 02:47:49,98
2014-01-05 02:47:51,98
2014-01-05 02:47:53,97
2014-01-05 02:47:55,97
2014-01-05 02:47:57,97
2014-01-05 02:47:59,97
2014-01-05 02:48:01,65
2014-01-05 02:48:03,47
2014-01-05 02:48:05,39
2014-01-05 02:48:07,36
2014-01-05 02:48:09,35
2014-01-05 02:48:11,21
2014-01-05 02:48:13,20
2014-01-05 02:48:15,25
2014-01-05 02:48:17,15
2014-01-05 02:48:19,8
2014-01-05 02:48:21,-5
2014-01-05 02:48:23,-17
2014-01-05 02:48:25,-21
2014-01-05 02:48:27,-23
2014-01-05 02:48:29,-23
2014-01-05 02:48:31,-23
2014-01-05 02:48:33,-23
2014-01-05 02:48:35,-25
2014-01-05 02:48:37,-58
2014-01-05 02:48:39,-62
2014-01-05 02:48:41,-66
2014-01-05 02:48:43,-78
2014-01-05 02:48:45,-83
2014-01-05 02:48:47,-84
2014-01-05 02:48:49,-85
2014-01-05 02:48:51,-91
2014-01-05 02:48:53,-108
2014-01-05 02:48:55,-114
2014-01-05 02:48:57,-117
2014-01-05 02:48:59,-125
2014-01-05 02:49:01,-140
2014-01-05 02:49:03,-144
2014-01-05 02:49:05,-147
2014-01-05 02:49:07,-147
2014-01-05 02:49:09,-149
2014-01-05 02:49:11,-147
2014-01-05 02:49:13,-147
2014-01-05 02:49:15,-147
2014-01-05 02:49:17,-148
2014-01-05 02:49:19,-148
2014-01-05 02:49:21,-148
2014-01-05 02:49:23,-148
2014-01-05 02:49:25,-148
2014-01-05 02:49:27,-148
2014-01-05 02:49:29,-147
2014-01-05 02:49:31,-148
2014-01-05 02:49:33,-148
2014-01-05 02:49:35,-147
2014-01-05 02:49:37,-148
2014-01-05 02:49:39,-149
2014-01-05 02:49:41,-165
2014-01-05 02:49:43,-149
2014-01-05 02:49:45,-130
2014-01-05 02:49:47,-125
2014-01-05 02:49:49,-137
2014-01-05 02:49:51,-143
2014-01-05 02:49:53,-145
2014-01-05 02:49:55,-142
2014-01-05 02:49:57,-126
2014-01-05 02:49:59,-103
2014-01-05 02:50:01,-93
2014-01-05 02:50:03,-87
2014-01-05 02:50:05,-85
2014-01-05 02:50:07,-85
2014-01-05 02:50:09,-69
2014-01-05 02:50:11,-60
2014-01-05 02:50:13,-56
2014-01-05 02:50:15,-54
2014-01-05 02:50:17,-36
2014-01-05 02:50:19,-43
2014-01-05 02:50:21,-41
2014-01-05 02:50:23,-29
2014-01-05 02:50:25,-22
2014-01-05 02:50:27,-2
2014-01-05 02:50:29,3
2014-01-05 02:50:31,10
2014-01-05 02:50:33,24
2014-01-05 02:50:35,13
2014-01-05 02:50:37,9
2014-01-05 02:50:39,17
2014-01-05 02:50:41,32
2014-01-05 02:50:43,54
2014-01-05 02:50:45,62
2014-01-05 02:50:47,77
2014-01-05 02:50:49,82
2014-01-05 02:50:51,76
2014-01-05 02:50:53,87
2014-01-05 02:50:55,93
2014-01-05 02:50:57,96
2014-01-05 02:50:59,102
2014-01-05 02:51:01,118
2014-01-05 02:51:03,107
2014-01-05 02:51:05,101
2014-01-05 02:51:07,114
2014-01-05 02:51:09,140
2014-01-05 02:51:11,134
2014-01-05 02:51:13,131
2014-01-05 02:51:15,131
2014-01-05 02:51:17,130
2014-01-05 02:51:19,130
2014-01-05 02:51:21,130
2014-01-05 02:51:23,143
2014-01-05 02:51:25,152
2014-01-05 02:51:27,154
2014-01-05 02:51:29,140
2014-01-05 02:51:31,133
2014-01-05 02:51:33,143
2014-01-05 02:51:35,153
2014-01-05 02:51:37,154
2014-01-05 02:51:39,140
2014-01-05 02:51:41,132
2014-01-05 02:51:43,141
2014-01-05 02:51:45,147
2014-01-05 02:51:47,138
2014-01-05 02:51:49,149
2014-01-05 02:51:51,130
2014-01-05 02:51:53,124
2014-01-05 02:51:55,144
2014-01-05 02:51:57,135
2014-01-05 02:51:59,116
2014-01-05 02:52:01,105
2014-01-05 02:52:03,99
2014-01-05 02:52:05,98
2014-01-05 02:52:07,97
2014-01-05 02:52:09,97
2014-01-05 02:52:11,89
2014-01-05 02:52:13,75
2014-01-05 02:52:15,70
2014-01-05 02:52:17,68
2014-01-05 02:52:19,68
2014-01-05 02:52:21,61
2014-01-05 02:52:23,46
2014-01-05 02:52:25,39
2014-01-05 02:52:27,36
2014-01-05 02:52:29,28
2014-01-05 02:52:31,9
2014-01-05 02:52:33,-10
2014-01-05 02:52:35,-18
2014-01-05 02:52:37,-21
2014-01-05 02:52:39,-22
2014-01-05 02:52:41,-23
2014-01-05 02:52:43,-23
2014-01-05 02:52:45,-38
2014-01-05 02:52:47,-58
2014-01-05 02:52:49,-65
2014-01-05 02:52:51,-41
2014-01-05 02:52:53,-47
2014-01-05 02:52:55,-53
2014-01-05 02:52:57,-62
2014-01-05 02:52:59,-79
2014-01-05 02:53:01,-101
2014-01-05 02:53:03,-112
2014-01-05 02:53:05,-105
2014-01-05 02:53:07,-104
2014-01-05 02:53:09,-128
2014-01-05 02:53:11,-123
2014-01-05 02:53:13,-121
2014-01-05 02:53:15,-119
2014-01-05 02:53:17,-121
2014-01-05 02:53:19,-137
2014-01-05 02:53:21,-144
2014-01-05 02:53:23,-146
2014-01-05 02:53:25,-147
2014-01-05 02:53:27,-147
2014-01-05 02:53:29,-131
2014-01-05 02:53:31,-151
2014-01-05 02:53:33,-159
2014-01-05 02:53:35,-153
2014-01-05 02:53:37,-149
2014-01-05 02:53:39,-149
2014-01-05 02:53:41,-148
2014-01-05 02:53:43,-147
2014-01-05 02:53:45,-149
2014-01-05 02:53:47,-166
2014-01-05 02:53:49,-145
2014-01-05 02:53:51,-138
2014-01-05 02:53:53,-143
2014-01-05 02:53:55,-146
2014-01-05 02:53:57,-147
2014-01-05 02:53:59,-147
2014-01-05 02:54:01,-141
2014-01-05 02:54:03,-127
2014-01-05 02:54:05,-121
2014-01-05 02:54:07,-119
2014-01-05 02:54:09,-117
2014-01-05 02:54:11,-117
2014-01-05 02:54:13,-117
2014-01-05 02:54:15,-117
2014-01-05 02:54:17,-104
2014-01-05 02:54:19,-100
2014-01-05 02:54:21,-108
2014-01-05 02:54:23,-94
2014-01-05 02:54:25,-73
2014-01-05 02:54:27,-62
2014-01-05 02:54:29,-51
2014-01-05 02:54:31,-33
2014-01-05 02:54:33,-26
2014-01-05 02:54:35,-24
2014-01-05 02:54:37,-23
2014-01-05 02:54:39,-22
2014-01-05 02:54:41,-20
2014-01-05 02:54:43,0
2014-01-05 02:54:45,-8
2014-01-05 02:54:47,-2
2014-01-05 02:54:49,3
2014-01-05 02:54:51,5
2014-01-05 02:54:53,19
2014-01-05 02:54:55,30
2014-01-05 02:54:57,38
2014-01-05 02:54:59,56
2014-01-05 02:55:01,62
2014-01-05 02:55:03,66
2014-01-05 02:55:05,67
2014-01-05 02:55:07,67
2014-01-05 02:55:09,68
2014-01-05 02:55:11,82
2014-01-05 02:55:13,92
2014-01-05 02:55:15,100
2014-01-05 02:55:17,117
2014-01-05 02:55:19,106
2014-01-05 02:55:21,115
2014-01-05 02:55:23,125
2014-01-05 02:55:25,131
2014-01-05 02:55:27,147